⚠️ undetected-chromedriver 未安裝，Facebook 模塊將不可用
======================================================================
🤖 整合爬蟲系統 v2.0
======================================================================
🎯 目標: 100 條有效數據
📁 輸出: /Users/claw/Desktop/汽車保險潛客數據
⏰ 時間: 2026-03-18 09:00:01
======================================================================

🚗 啟動 28car.com 爬蟲...
  📄 爬取第 1 頁...
    ✅ [1] 15012000 
    ✅ [2] 20012500 
    ✅ [3] 25013500 
    ✅ [4] 35014500 
    ✅ [5] 64050929 CLS53
    ✅ [6] 65367689 CBR250
    ✅ [7] 61019814 NX300
    ✅ [7] 61019814 
    ✅ [8] 67605301 
  📄 爬取第 2 頁...
    ✅ [8] 15012000 
    ✅ [8] 20012500 
    ✅ [8] 25013500 
    ✅ [8] 35014500 
    ✅ [8] 64050929 CLS53
    ✅ [8] 65367689 CBR250
    ✅ [8] 61019814 NX300
    ✅ [8] 61019814 
    ✅ [8] 67605301 
  📄 爬取第 3 頁...
    ✅ [8] 15012000 
    ✅ [8] 20012500 
    ✅ [8] 25013500 
    ✅ [8] 35014500 
    ✅ [8] 64050929 CLS53
    ✅ [8] 65367689 CBR250
    ✅ [8] 61019814 NX300
    ✅ [8] 61019814 
    ✅ [8] 67605301 
  📄 爬取第 4 頁...
    ✅ [8] 15012000 
    ✅ [8] 20012500 
    ✅ [8] 25013500 
    ✅ [8] 35014500 
    ✅ [9] 65000676 MSX125
    ✅ [10] 59614156 
    ✅ [11] 91604177 
    ✅ [11] 64050929 CLS53
    ✅ [11] 65367689 CBR250
  📄 爬取第 5 頁...
    ✅ [11] 15012000 
    ✅ [11] 20012500 
    ✅ [11] 25013500 
    ✅ [11] 35014500 
    ✅ [11] 65000676 MSX125
    ✅ [11] 59614156 
    ✅ [11] 91604177 
    ✅ [11] 64050929 CLS53
    ✅ [11] 65367689 CBR250
  📄 爬取第 6 頁...
    ✅ [11] 15012000 
    ✅ [11] 20012500 
    ✅ [11] 25013500 
    ✅ [11] 35014500 
    ✅ [11] 65000676 MSX125
    ✅ [11] 59614156 
    ✅ [11] 91604177 
    ✅ [11] 64050929 CLS53
    ✅ [11] 65367689 CBR250
  📄 爬取第 7 頁...
    ✅ [11] 15012000 
    ✅ [11] 20012500 
    ✅ [11] 25013500 
    ✅ [11] 35014500 
    ✅ [11] 65000676 MSX125
    ✅ [11] 59614156 
    ✅ [11] 91604177 
    ✅ [11] 64050929 CLS53
    ✅ [11] 65367689 CBR250
  📄 爬取第 8 頁...
    ✅ [11] 15012000 
    ✅ [11] 20012500 
    ✅ [11] 25013500 
    ✅ [11] 35014500 
    ✅ [11] 65000676 MSX125
    ✅ [11] 59614156 
    ✅ [11] 91604177 
    ✅ [11] 64050929 CLS53
    ✅ [11] 65367689 CBR250
  📄 爬取第 9 頁...
    ✅ [11] 15012000 
    ✅ [11] 20012500 
    ✅ [11] 25013500 
    ✅ [11] 35014500 
    ✅ [11] 65000676 MSX125
    ✅ [11] 59614156 
    ✅ [11] 91604177 
    ✅ [11] 64050929 CLS53
    ✅ [11] 65367689 CBR250
  📄 爬取第 10 頁...
    ✅ [11] 15012000 
    ✅ [11] 20012500 
    ✅ [11] 25013500 
    ✅ [11] 35014500 
    ✅ [11] 65000676 MSX125
    ✅ [11] 59614156 
    ✅ [11] 91604177 
    ✅ [11] 64050929 CLS53
    ✅ [11] 65367689 CBR250
  📄 爬取第 11 頁...
    ✅ [11] 15012000 
    ✅ [11] 20012500 
    ✅ [11] 25013500 
    ✅ [11] 35014500 
    ✅ [11] 65000676 MSX125
    ✅ [11] 59614156 
    ✅ [11] 91604177 
    ✅ [11] 64050929 CLS53
    ✅ [11] 65367689 CBR250
  📄 爬取第 12 頁...
    ✅ [11] 15012000 
    ✅ [11] 20012500 
    ✅ [11] 25013500 
    ✅ [11] 35014500 
    ✅ [11] 65000676 MSX125
    ✅ [11] 59614156 
    ✅ [11] 91604177 
    ✅ [11] 64050929 CLS53
    ✅ [11] 65367689 CBR250
  📄 爬取第 13 頁...
    ✅ [11] 15012000 
    ✅ [11] 20012500 
    ✅ [11] 25013500 
    ✅ [11] 35014500 
    ✅ [11] 65000676 MSX125
    ✅ [11] 59614156 
    ✅ [11] 91604177 
    ✅ [11] 64050929 CLS53
    ✅ [11] 65367689 CBR250
  📄 爬取第 14 頁...
    ✅ [11] 15012000 
    ✅ [11] 20012500 
    ✅ [11] 25013500 
    ✅ [11] 35014500 
    ✅ [11] 65000676 MSX125
    ✅ [11] 59614156 
    ✅ [11] 91604177 
    ✅ [11] 64050929 CLS53
    ✅ [11] 65367689 CBR250
  📄 爬取第 15 頁...
    ✅ [11] 15012000 
    ✅ [11] 20012500 
    ✅ [11] 25013500 
    ✅ [11] 35014500 
    ✅ [11] 65000676 MSX125
    ✅ [11] 59614156 
    ✅ [11] 91604177 
    ✅ [11] 64050929 CLS53
    ✅ [11] 65367689 CBR250
  📄 爬取第 16 頁...
    ✅ [11] 15012000 
    ✅ [11] 20012500 
    ✅ [11] 25013500 
    ✅ [11] 35014500 
    ✅ [11] 65000676 MSX125
    ✅ [11] 91604177 
    ✅ [11] 59614156 
    ✅ [11] 64050929 CLS53
    ✅ [11] 65367689 CBR250
  📄 爬取第 17 頁...
    ✅ [11] 15012000 
    ✅ [11] 20012500 
    ✅ [11] 25013500 
    ✅ [11] 35014500 
    ✅ [11] 65000676 MSX125
    ✅ [11] 91604177 
    ✅ [11] 59614156 
    ✅ [11] 64050929 CLS53
    ✅ [11] 65367689 CBR250
  📄 爬取第 18 頁...
    ✅ [11] 15012000 
    ✅ [11] 20012500 
    ✅ [11] 25013500 
    ✅ [11] 35014500 
    ✅ [11] 65000676 MSX125
    ✅ [11] 91604177 
    ✅ [11] 59614156 
    ✅ [11] 64050929 CLS53
    ✅ [11] 65367689 CBR250
  📄 爬取第 19 頁...
    ✅ [11] 15012000 
    ✅ [11] 20012500 
    ✅ [11] 25013500 
    ✅ [11] 35014500 
    ✅ [11] 65000676 MSX125
    ✅ [11] 91604177 
    ✅ [11] 59614156 
    ✅ [11] 64050929 CLS53
    ✅ [11] 65367689 CBR250
  📄 爬取第 20 頁...
    ✅ [11] 15012000 
    ✅ [11] 20012500 
    ✅ [11] 25013500 
    ✅ [11] 35014500 
    ✅ [11] 65000676 MSX125
    ✅ [11] 91604177 
    ✅ [11] 59614156 
    ✅ [11] 64050929 CLS53
    ✅ [11] 65367689 CBR250
  📄 爬取第 21 頁...
    ✅ [11] 15012000 
    ✅ [11] 20012500 
    ✅ [11] 25013500 
    ✅ [11] 35014500 
    ✅ [11] 65000676 MSX125
    ✅ [11] 91604177 
    ✅ [11] 59614156 
    ✅ [11] 64050929 CLS53
    ✅ [11] 65367689 CBR250
  📄 爬取第 22 頁...
    ✅ [11] 15012000 
    ✅ [11] 20012500 
    ✅ [11] 25013500 
    ✅ [11] 35014500 
    ✅ [11] 65000676 MSX125
    ✅ [11] 91604177 
    ✅ [11] 59614156 
    ✅ [11] 64050929 CLS53
    ✅ [11] 65367689 CBR250
  📄 爬取第 23 頁...
    ✅ [11] 15012000 
    ✅ [11] 20012500 
    ✅ [11] 25013500 
    ✅ [11] 35014500 
    ✅ [11] 65000676 MSX125
    ✅ [11] 91604177 
    ✅ [11] 59614156 
    ✅ [11] 64050929 CLS53
    ✅ [11] 65367689 CBR250
  📄 爬取第 24 頁...
    ✅ [11] 15012000 
    ✅ [11] 20012500 
    ✅ [11] 25013500 
    ✅ [11] 35014500 
    ✅ [11] 65000676 MSX125
    ✅ [11] 91604177 
    ✅ [11] 59614156 
    ✅ [11] 64050929 CLS53
    ✅ [11] 65367689 CBR250
  📄 爬取第 25 頁...
    ✅ [11] 15012000 
    ✅ [11] 20012500 
    ✅ [11] 25013500 
    ✅ [11] 35014500 
    ✅ [11] 65000676 MSX125
    ✅ [11] 91604177 
    ✅ [11] 59614156 
    ✅ [11] 64050929 CLS53
    ✅ [11] 65367689 CBR250
  📄 爬取第 26 頁...
    ✅ [11] 15012000 
    ✅ [11] 20012500 
    ✅ [11] 25013500 
    ✅ [11] 35014500 
    ✅ [11] 65000676 MSX125
    ✅ [11] 91604177 
    ✅ [11] 59614156 
    ✅ [11] 64050929 CLS53
    ✅ [11] 65367689 CBR250
  📄 爬取第 27 頁...
    ✅ [11] 15012000 
    ✅ [11] 20012500 
    ✅ [11] 25013500 
    ✅ [11] 35014500 
    ✅ [11] 65000676 MSX125
    ✅ [11] 91604177 
    ✅ [11] 59614156 
    ✅ [11] 64050929 CLS53
    ✅ [11] 65367689 CBR250
  📄 爬取第 28 頁...
    ✅ [11] 15012000 
    ✅ [11] 20012500 
    ✅ [11] 25013500 
    ✅ [11] 35014500 
    ✅ [12] 91733572 H1 EURO 6
    ✅ [12] 91733572 NV350 E26
    ✅ [13] 63372121 
    ✅ [14] 96848869 CLS450 4
    ✅ [15] 46376967 GLA200
    ✅ [16] 59151964 
    ✅ [17] 69242283 YAMAHA TMAX530
    ✅ [18] 98605392 MEGANE RS 280
    ✅ [18] 91733572 
  📄 爬取第 29 頁...
    ✅ [18] 15012000 
    ✅ [18] 20012500 
    ✅ [18] 25013500 
    ✅ [18] 35014500 
    ✅ [18] 91733572 H1 EURO 6
    ✅ [18] 91733572 NV350 E26
    ✅ [18] 63372121 
    ✅ [18] 96848869 CLS450 4
    ✅ [18] 46376967 GLA200
    ✅ [18] 59151964 
    ✅ [18] 69242283 YAMAHA TMAX530
    ✅ [18] 98605392 MEGANE RS 280
    ✅ [18] 91733572 
  📄 爬取第 30 頁...
    ✅ [18] 15012000 
    ✅ [18] 20012500 
    ✅ [18] 25013500 
    ✅ [18] 35014500 
    ✅ [18] 91733572 H1 EURO 6
    ✅ [18] 91733572 NV350 E26
    ✅ [18] 63372121 
    ✅ [18] 96848869 CLS450 4
    ✅ [18] 46376967 GLA200
    ✅ [18] 59151964 
    ✅ [18] 69242283 YAMAHA TMAX530
    ✅ [18] 98605392 MEGANE RS 280
    ✅ [18] 91733572 
  📄 爬取第 31 頁...
    ✅ [18] 15012000 
    ✅ [18] 20012500 
    ✅ [18] 25013500 
    ✅ [18] 35014500 
    ✅ [18] 91733572 H1 EURO 6
    ✅ [18] 91733572 NV350 E26
    ✅ [18] 63372121 
    ✅ [18] 96848869 CLS450 4
    ✅ [18] 46376967 GLA200
    ✅ [18] 59151964 
    ✅ [18] 69242283 YAMAHA TMAX530
    ✅ [18] 98605392 MEGANE RS 280
    ✅ [18] 91733572 
  📄 爬取第 32 頁...
    ✅ [18] 15012000 
    ✅ [18] 20012500 
    ✅ [18] 25013500 
    ✅ [18] 35014500 
    ✅ [18] 91733572 H1 EURO 6
    ✅ [18] 91733572 NV350 E26
    ✅ [18] 63372121 
    ✅ [18] 96848869 CLS450 4
    ✅ [18] 46376967 GLA200
    ✅ [18] 59151964 
    ✅ [18] 69242283 YAMAHA TMAX530
    ✅ [18] 98605392 MEGANE RS 280
    ✅ [18] 91733572 
  📄 爬取第 33 頁...
    ✅ [18] 15012000 
    ✅ [18] 20012500 
    ✅ [18] 25013500 
    ✅ [18] 35014500 
    ✅ [18] 91733572 H1 EURO 6
    ✅ [18] 91733572 NV350 E26
    ✅ [18] 63372121 
    ✅ [18] 96848869 CLS450 4
    ✅ [18] 46376967 GLA200
    ✅ [18] 59151964 
    ✅ [18] 69242283 YAMAHA TMAX530
    ✅ [18] 98605392 MEGANE RS 280
    ✅ [18] 91733572 
  📄 爬取第 34 頁...
    ✅ [18] 15012000 
    ✅ [18] 20012500 
    ✅ [18] 25013500 
    ✅ [18] 35014500 
    ✅ [18] 91733572 H1 EURO 6
    ✅ [18] 91733572 NV350 E26
    ✅ [18] 63372121 
    ✅ [18] 96848869 CLS450 4
    ✅ [18] 46376967 GLA200
    ✅ [18] 59151964 
    ✅ [18] 69242283 YAMAHA TMAX530
    ✅ [18] 98605392 MEGANE RS 280
    ✅ [18] 91733572 
  📄 爬取第 35 頁...
    ✅ [18] 15012000 
    ✅ [18] 20012500 
    ✅ [18] 25013500 
    ✅ [18] 35014500 
    ✅ [18] 91733572 H1 EURO 6
    ✅ [18] 91733572 NV350 E26
    ✅ [18] 63372121 
    ✅ [18] 96848869 CLS450 4
    ✅ [18] 46376967 GLA200
    ✅ [18] 59151964 
    ✅ [18] 69242283 YAMAHA TMAX530
    ✅ [18] 98605392 MEGANE RS 280
    ✅ [18] 91733572 
  📄 爬取第 36 頁...
    ✅ [18] 15012000 
    ✅ [18] 20012500 
    ✅ [18] 25013500 
    ✅ [18] 35014500 
    ✅ [18] 91733572 H1 EURO 6
    ✅ [18] 91733572 NV350 E26
    ✅ [18] 63372121 
    ✅ [18] 96848869 CLS450 4
    ✅ [18] 46376967 GLA200
    ✅ [18] 59151964 
    ✅ [18] 69242283 YAMAHA TMAX530
    ✅ [18] 98605392 MEGANE RS 280
    ✅ [18] 91733572 
  📄 爬取第 37 頁...
    ✅ [18] 15012000 
    ✅ [18] 20012500 
    ✅ [18] 25013500 
    ✅ [18] 35014500 
    ✅ [18] 91733572 H1 EURO 6
    ✅ [18] 91733572 NV350 E26
    ✅ [18] 63372121 
    ✅ [18] 96848869 CLS450 4
    ✅ [18] 46376967 GLA200
    ✅ [18] 59151964 
    ✅ [18] 69242283 YAMAHA TMAX530
    ✅ [18] 98605392 MEGANE RS 280
    ✅ [18] 91733572 
  📄 爬取第 38 頁...
    ✅ [18] 15012000 
    ✅ [18] 20012500 
    ✅ [18] 25013500 
    ✅ [18] 35014500 
    ✅ [18] 91733572 H1 EURO 6
    ✅ [18] 91733572 NV350 E26
    ✅ [18] 63372121 
    ✅ [18] 96848869 CLS450 4
    ✅ [18] 46376967 GLA200
    ✅ [18] 59151964 
    ✅ [18] 69242283 YAMAHA TMAX530
    ✅ [18] 98605392 MEGANE RS 280
    ✅ [18] 91733572 
  📄 爬取第 39 頁...
    ✅ [18] 15012000 
    ✅ [18] 20012500 
    ✅ [18] 25013500 
    ✅ [18] 35014500 
    ✅ [18] 91733572 H1 EURO 6
    ✅ [18] 91733572 NV350 E26
    ✅ [18] 63372121 
    ✅ [18] 96848869 CLS450 4
    ✅ [18] 46376967 GLA200
    ✅ [18] 59151964 
    ✅ [18] 69242283 YAMAHA TMAX530
    ✅ [18] 98605392 MEGANE RS 280
    ✅ [18] 91733572 
  📄 爬取第 40 頁...
    ✅ [18] 15012000 
    ✅ [18] 20012500 
    ✅ [18] 25013500 
    ✅ [18] 35014500 
    ✅ [19] 90655589 E200
    ✅ [20] 93605852 CT200
    ✅ [21] 90710031 ESTIMA ACR50
    ✅ [21] 93605852 
    ✅ [21] 91733572 H1 EURO 6
    ✅ [21] 91733572 NV350 E26
    ✅ [21] 63372121 
    ✅ [21] 96848869 CLS450 4
    ✅ [21] 46376967 GLA200
    ✅ [21] 59151964 
    ✅ [21] 69242283 YAMAHA TMAX530
    ✅ [21] 98605392 MEGANE RS 280
    ✅ [21] 91733572 
  📄 爬取第 41 頁...
    ✅ [21] 15012000 
    ✅ [21] 20012500 
    ✅ [21] 25013500 
    ✅ [21] 35014500 
    ✅ [21] 90655589 E200
    ✅ [21] 93605852 CT200
    ✅ [21] 90710031 ESTIMA ACR50
    ✅ [21] 93605852 
    ✅ [21] 91733572 H1 EURO 6
    ✅ [21] 91733572 NV350 E26
    ✅ [21] 63372121 
    ✅ [21] 96848869 CLS450 4
    ✅ [21] 46376967 GLA200
    ✅ [21] 59151964 
    ✅ [21] 69242283 YAMAHA TMAX530
    ✅ [21] 98605392 MEGANE RS 280
    ✅ [21] 91733572 
  📄 爬取第 42 頁...
    ✅ [21] 15012000 
    ✅ [21] 20012500 
    ✅ [21] 25013500 
    ✅ [21] 35014500 
    ✅ [21] 90655589 E200
    ✅ [21] 93605852 CT200
    ✅ [21] 90710031 ESTIMA ACR50
    ✅ [21] 93605852 
    ✅ [21] 91733572 H1 EURO 6
    ✅ [21] 91733572 NV350 E26
    ✅ [21] 63372121 
    ✅ [21] 96848869 CLS450 4
    ✅ [21] 46376967 GLA200
    ✅ [21] 59151964 
    ✅ [21] 69242283 YAMAHA TMAX530
    ✅ [21] 98605392 MEGANE RS 280
    ✅ [21] 91733572 
  📄 爬取第 43 頁...
    ✅ [21] 15012000 
    ✅ [21] 20012500 
    ✅ [21] 25013500 
    ✅ [21] 35014500 
    ✅ [21] 90655589 E200
    ✅ [21] 93605852 CT200
    ✅ [21] 90710031 ESTIMA ACR50
    ✅ [21] 93605852 
    ✅ [21] 91733572 H1 EURO 6
    ✅ [21] 91733572 NV350 E26
    ✅ [21] 63372121 
    ✅ [21] 96848869 CLS450 4
    ✅ [21] 46376967 GLA200
    ✅ [21] 59151964 
    ✅ [21] 69242283 YAMAHA TMAX530
    ✅ [21] 98605392 MEGANE RS 280
    ✅ [21] 91733572 
  📄 爬取第 44 頁...
    ✅ [21] 15012000 
    ✅ [21] 20012500 
    ✅ [21] 25013500 
    ✅ [21] 35014500 
    ✅ [21] 90655589 E200
    ✅ [21] 93605852 CT200
    ✅ [21] 90710031 ESTIMA ACR50
    ✅ [21] 93605852 
    ✅ [21] 91733572 H1 EURO 6
    ✅ [21] 91733572 NV350 E26
    ✅ [21] 63372121 
    ✅ [21] 96848869 CLS450 4
    ✅ [21] 46376967 GLA200
    ✅ [21] 59151964 
    ✅ [21] 69242283 YAMAHA TMAX530
    ✅ [21] 98605392 MEGANE RS 280
    ✅ [21] 91733572 
  📄 爬取第 45 頁...
    ✅ [21] 15012000 
    ✅ [21] 20012500 
    ✅ [21] 25013500 
    ✅ [21] 35014500 
    ✅ [21] 90655589 E200
    ✅ [21] 93605852 CT200
    ✅ [21] 90710031 ESTIMA ACR50
    ✅ [21] 93605852 
    ✅ [21] 91733572 H1 EURO 6
    ✅ [21] 91733572 NV350 E26
    ✅ [21] 63372121 
    ✅ [21] 96848869 CLS450 4
    ✅ [21] 46376967 GLA200
    ✅ [21] 59151964 
    ✅ [21] 69242283 YAMAHA TMAX530
    ✅ [21] 98605392 MEGANE RS 280
    ✅ [21] 91733572 
  📄 爬取第 46 頁...
    ✅ [21] 15012000 
    ✅ [21] 20012500 
    ✅ [21] 25013500 
    ✅ [21] 35014500 
    ✅ [21] 90655589 E200
    ✅ [21] 93605852 CT200
    ✅ [21] 90710031 ESTIMA ACR50
    ✅ [21] 93605852 
    ✅ [21] 91733572 H1 EURO 6
    ✅ [21] 91733572 NV350 E26
    ✅ [21] 63372121 
    ✅ [21] 96848869 CLS450 4
    ✅ [21] 46376967 GLA200
    ✅ [21] 59151964 
    ✅ [21] 69242283 YAMAHA TMAX530
    ✅ [21] 98605392 MEGANE RS 280
    ✅ [21] 91733572 
  📄 爬取第 47 頁...
    ✅ [21] 15012000 
    ✅ [21] 20012500 
    ✅ [21] 25013500 
    ✅ [21] 35014500 
    ✅ [21] 90655589 E200
    ✅ [21] 93605852 CT200
    ✅ [21] 90710031 ESTIMA ACR50
    ✅ [21] 93605852 
    ✅ [21] 91733572 H1 EURO 6
    ✅ [21] 91733572 NV350 E26
    ✅ [21] 63372121 
    ✅ [21] 96848869 CLS450 4
    ✅ [21] 46376967 GLA200
    ✅ [21] 59151964 
    ✅ [21] 69242283 YAMAHA TMAX530
    ✅ [21] 98605392 MEGANE RS 280
    ✅ [21] 91733572 
  📄 爬取第 48 頁...
    ✅ [21] 15012000 
    ✅ [21] 20012500 
    ✅ [21] 25013500 
    ✅ [21] 35014500 
    ✅ [21] 90655589 E200
    ✅ [21] 93605852 CT200
    ✅ [21] 90710031 ESTIMA ACR50
    ✅ [21] 93605852 
    ✅ [21] 91733572 H1 EURO 6
    ✅ [21] 91733572 NV350 E26
    ✅ [21] 63372121 
    ✅ [21] 96848869 CLS450 4
    ✅ [21] 46376967 GLA200
    ✅ [21] 59151964 
    ✅ [21] 69242283 YAMAHA TMAX530
    ✅ [21] 98605392 MEGANE RS 280
    ✅ [21] 91733572 
  📄 爬取第 49 頁...
    ✅ [21] 15012000 
    ✅ [21] 20012500 
    ✅ [21] 25013500 
    ✅ [21] 35014500 
    ✅ [21] 90655589 E200 FACELIFT SPORT W2
    ✅ [21] 93605852 CT200
    ✅ [21] 90710031 ESTIMA ACR50
    ✅ [21] 93605852 
    ✅ [21] 91733572 H1 EURO 6
    ✅ [21] 91733572 NV350 E26
    ✅ [21] 63372121 
    ✅ [21] 96848869 CLS450 4
    ✅ [21] 46376967 GLA200
    ✅ [21] 59151964 
    ✅ [21] 69242283 YAMAHA TMAX530
    ✅ [21] 98605392 MEGANE RS 280
    ✅ [21] 91733572 
  📄 爬取第 50 頁...
    ✅ [21] 15012000 
    ✅ [21] 20012500 
    ✅ [21] 25013500 
    ✅ [21] 35014500 
    ✅ [21] 90655589 E200 FACELIFT SPORT W2
    ✅ [21] 93605852 CT200
    ✅ [21] 90710031 ESTIMA ACR50
    ✅ [21] 93605852 
    ✅ [21] 91733572 H1 EURO 6
    ✅ [21] 91733572 NV350 E26
    ✅ [21] 63372121 
    ✅ [21] 96848869 CLS450 4
    ✅ [21] 46376967 GLA200
    ✅ [21] 59151964 
    ✅ [21] 69242283 YAMAHA TMAX530
    ✅ [21] 98605392 MEGANE RS 280
    ✅ [21] 91733572 
  📄 爬取第 51 頁...
    ✅ [21] 15012000 
    ✅ [21] 20012500 
    ✅ [21] 25013500 
    ✅ [21] 35014500 
    ✅ [21] 90655589 E200 FACELIFT SPORT W2
    ✅ [21] 93605852 CT200
    ✅ [21] 90710031 ESTIMA ACR50
    ✅ [21] 93605852 
    ✅ [21] 91733572 H1 EURO 6
    ✅ [21] 91733572 NV350 E26
    ✅ [21] 63372121 
    ✅ [21] 96848869 CLS450 4
    ✅ [21] 46376967 GLA200
    ✅ [21] 59151964 
    ✅ [21] 69242283 YAMAHA TMAX530
    ✅ [21] 98605392 MEGANE RS 280
    ✅ [21] 91733572 
  📄 爬取第 52 頁...
    ✅ [21] 15012000 
    ✅ [21] 20012500 
    ✅ [21] 25013500 
    ✅ [21] 35014500 
    ✅ [21] 90655589 E200 FACELIFT SPORT W2
    ✅ [21] 93605852 CT200
    ✅ [21] 90710031 ESTIMA ACR50
    ✅ [21] 93605852 
    ✅ [21] 91733572 H1 EURO 6
    ✅ [21] 91733572 NV350 E26
    ✅ [21] 63372121 
    ✅ [21] 96848869 CLS450 4
    ✅ [21] 46376967 GLA200
    ✅ [21] 59151964 
    ✅ [21] 69242283 YAMAHA TMAX530
    ✅ [21] 98605392 MEGANE RS 280
    ✅ [21] 91733572 
  📄 爬取第 53 頁...
    ✅ [21] 15012000 
    ✅ [21] 20012500 
    ✅ [21] 25013500 
    ✅ [21] 35014500 
    ✅ [21] 90655589 E200 FACELIFT SPORT W2
    ✅ [21] 93605852 CT200
    ✅ [21] 90710031 ESTIMA ACR50
    ✅ [21] 93605852 
    ✅ [21] 91733572 H1 EURO 6
    ✅ [21] 91733572 NV350 E26
    ✅ [21] 63372121 
    ✅ [21] 96848869 CLS450 4
    ✅ [21] 46376967 GLA200
    ✅ [21] 59151964 
    ✅ [21] 69242283 YAMAHA TMAX530
    ✅ [21] 98605392 MEGANE RS 280
    ✅ [21] 91733572 
  📄 爬取第 54 頁...
    ✅ [21] 15012000 
    ✅ [21] 20012500 
    ✅ [21] 25013500 
    ✅ [21] 35014500 
    ✅ [21] 90655589 E200 FACELIFT SPORT W2
    ✅ [21] 93605852 CT200
    ✅ [21] 90710031 ESTIMA ACR50
    ✅ [21] 93605852 
    ✅ [21] 91733572 H1 EURO 6
    ✅ [21] 91733572 NV350 E26
    ✅ [21] 63372121 
    ✅ [21] 96848869 CLS450 4
    ✅ [21] 46376967 GLA200
    ✅ [21] 59151964 
    ✅ [21] 69242283 YAMAHA TMAX530
    ✅ [21] 98605392 MEGANE RS 280
    ✅ [21] 91733572 
  📄 爬取第 55 頁...
    ✅ [21] 15012000 
    ✅ [21] 20012500 
    ✅ [21] 25013500 
    ✅ [21] 35014500 
    ✅ [21] 90655589 E200 FACELIFT SPORT W2
    ✅ [21] 93605852 CT200
    ✅ [21] 90710031 ESTIMA ACR50
    ✅ [21] 93605852 
    ✅ [21] 91733572 H1 EURO 6
    ✅ [21] 91733572 NV350 E26
    ✅ [21] 63372121 
    ✅ [21] 96848869 CLS450 4
    ✅ [21] 46376967 GLA200
    ✅ [21] 59151964 
    ✅ [21] 69242283 YAMAHA TMAX530
    ✅ [21] 98605392 MEGANE RS 280
    ✅ [21] 91733572 
  📄 爬取第 56 頁...
    ✅ [21] 15012000 
    ✅ [21] 20012500 
    ✅ [21] 25013500 
    ✅ [21] 35014500 
    ✅ [21] 90655589 E200 FACELIFT SPORT W2
    ✅ [21] 93605852 CT200
    ✅ [21] 90710031 ESTIMA ACR50
    ✅ [21] 93605852 
    ✅ [21] 91733572 H1 EURO 6
    ✅ [21] 91733572 NV350 E26
    ✅ [21] 63372121 
    ✅ [21] 96848869 CLS450 4
    ✅ [21] 46376967 GLA200
    ✅ [21] 59151964 
    ✅ [21] 69242283 YAMAHA TMAX530
    ✅ [21] 98605392 MEGANE RS 280
    ✅ [21] 91733572 
  📄 爬取第 57 頁...
    ✅ [21] 15012000 
    ✅ [21] 20012500 
    ✅ [21] 25013500 
    ✅ [21] 35014500 
    ✅ [21] 90655589 E200 FACELIFT SPORT W2
    ✅ [21] 93605852 CT200
    ✅ [21] 90710031 ESTIMA ACR50
    ✅ [21] 93605852 
    ✅ [21] 91733572 H1 EURO 6
    ✅ [21] 91733572 NV350 E26
    ✅ [21] 63372121 
    ✅ [21] 96848869 CLS450 4
    ✅ [21] 46376967 GLA200
    ✅ [21] 59151964 
    ✅ [21] 69242283 YAMAHA TMAX530
    ✅ [21] 98605392 MEGANE RS 280
    ✅ [21] 91733572 
  📄 爬取第 58 頁...
    ✅ [21] 15012000 
    ✅ [21] 20012500 
    ✅ [21] 25013500 
    ✅ [21] 35014500 
    ✅ [21] 90655589 E200 FACELIFT SPORT W2
    ✅ [21] 93605852 CT200
    ✅ [21] 90710031 ESTIMA ACR50
    ✅ [21] 93605852 
    ✅ [21] 91733572 H1 EURO 6
    ✅ [21] 91733572 NV350 E26
    ✅ [21] 63372121 
    ✅ [21] 96848869 CLS450 4
    ✅ [21] 46376967 GLA200
    ✅ [21] 59151964 
    ✅ [21] 69242283 YAMAHA TMAX530
    ✅ [21] 98605392 MEGANE RS 280
    ✅ [21] 91733572 
  📄 爬取第 59 頁...
    ✅ [21] 15012000 
    ✅ [21] 20012500 
    ✅ [21] 25013500 
    ✅ [21] 35014500 
    ✅ [21] 90655589 E200 FACELIFT SPORT W2
    ✅ [21] 93605852 CT200
    ✅ [21] 90710031 ESTIMA ACR50
    ✅ [21] 93605852 
    ✅ [21] 91733572 H1 EURO 6
    ✅ [21] 91733572 NV350 E26
    ✅ [21] 63372121 
    ✅ [21] 96848869 CLS450 4
    ✅ [21] 46376967 GLA200
    ✅ [21] 59151964 
    ✅ [21] 69242283 YAMAHA TMAX530
    ✅ [21] 98605392 MEGANE RS 280
    ✅ [21] 91733572 
  📄 爬取第 60 頁...
    ✅ [21] 15012000 
    ✅ [21] 20012500 
    ✅ [21] 25013500 
    ✅ [21] 35014500 
    ✅ [21] 90655589 E200 FACELIFT SPORT W2
    ✅ [21] 93605852 CT200
    ✅ [21] 90710031 ESTIMA ACR50
    ✅ [21] 93605852 
    ✅ [21] 91733572 H1 EURO 6
    ✅ [21] 91733572 NV350 E26
    ✅ [21] 63372121 
    ✅ [21] 96848869 CLS450 4
    ✅ [21] 46376967 GLA200
    ✅ [21] 59151964 
    ✅ [21] 69242283 YAMAHA TMAX530
    ✅ [21] 98605392 MEGANE RS 280
    ✅ [21] 91733572 
  📄 爬取第 61 頁...
    ✅ [21] 15012000 
    ✅ [21] 20012500 
    ✅ [21] 25013500 
    ✅ [21] 35014500 
    ✅ [21] 90655589 E200 FACELIFT SPORT W2
    ✅ [21] 93605852 CT200
    ✅ [21] 90710031 ESTIMA ACR50
    ✅ [21] 93605852 
    ✅ [21] 91733572 H1 EURO 6
    ✅ [21] 91733572 NV350 E26
    ✅ [21] 63372121 
    ✅ [21] 96848869 CLS450 4
    ✅ [21] 46376967 GLA200
    ✅ [21] 59151964 
    ✅ [21] 69242283 YAMAHA TMAX530
    ✅ [21] 98605392 MEGANE RS 280
    ✅ [21] 91733572 
  📄 爬取第 62 頁...
    ✅ [21] 15012000 
    ✅ [21] 20012500 
    ✅ [21] 25013500 
    ✅ [21] 35014500 
    ✅ [21] 90655589 E200 FACELIFT SPORT W2
    ✅ [21] 93605852 CT200
    ✅ [21] 90710031 ESTIMA ACR50
    ✅ [21] 93605852 
    ✅ [21] 91733572 H1 EURO 6
    ✅ [21] 91733572 NV350 E26
    ✅ [21] 63372121 
    ✅ [21] 96848869 CLS450 4
    ✅ [21] 46376967 GLA200
    ✅ [21] 59151964 
    ✅ [21] 69242283 YAMAHA TMAX530
    ✅ [21] 98605392 MEGANE RS 280
    ✅ [21] 91733572 
  📄 爬取第 63 頁...
    ✅ [21] 15012000 
    ✅ [21] 20012500 
    ✅ [21] 25013500 
    ✅ [21] 35014500 
    ✅ [21] 90655589 E200 FACELIFT SPORT W2
    ✅ [21] 93605852 CT200
    ✅ [21] 90710031 ESTIMA ACR50
    ✅ [21] 93605852 
    ✅ [21] 91733572 H1 EURO 6
    ✅ [21] 91733572 NV350 E26
    ✅ [21] 63372121 
    ✅ [21] 96848869 CLS450 4
    ✅ [21] 46376967 GLA200
    ✅ [21] 59151964 
    ✅ [21] 69242283 YAMAHA TMAX530
    ✅ [21] 98605392 MEGANE RS 280
    ✅ [21] 91733572 
  📄 爬取第 64 頁...
    ✅ [21] 15012000 
    ✅ [21] 20012500 
    ✅ [21] 25013500 
    ✅ [21] 35014500 
    ✅ [22] 98044278 FREED GB3
    ✅ [22] 98044278 NOAH 70
    ✅ [23] 96991164 GTR R35
    ✅ [23] 98044278 WISH DELUXE 1
    ✅ [23] 90655589 E200 FACELIFT SPORT W2
    ✅ [23] 93605852 CT200
    ✅ [23] 90710031 ESTIMA ACR50
    ✅ [23] 93605852 
    ✅ [23] 91733572 H1 EURO 6
    ✅ [23] 91733572 NV350 E26
    ✅ [23] 63372121 
    ✅ [23] 96848869 CLS450 4
    ✅ [23] 69242283 YAMAHA TMAX530
    ✅ [23] 46376967 GLA200
    ✅ [23] 59151964 
    ✅ [23] 98605392 MEGANE RS 280
    ✅ [23] 91733572 
  📄 爬取第 65 頁...
    ✅ [23] 15012000 
    ✅ [23] 20012500 
    ✅ [23] 25013500 
    ✅ [23] 35014500 
    ✅ [23] 98044278 FREED GB3
    ✅ [23] 98044278 NOAH 70
    ✅ [23] 96991164 GTR R35
    ✅ [23] 98044278 WISH DELUXE 1
    ✅ [23] 90655589 E200 FACELIFT SPORT W2
    ✅ [23] 93605852 CT200
    ✅ [23] 90710031 ESTIMA ACR50
    ✅ [23] 93605852 
    ✅ [23] 91733572 H1 EURO 6
    ✅ [23] 91733572 NV350 E26
    ✅ [23] 63372121 
    ✅ [23] 96848869 CLS450 4
    ✅ [23] 69242283 YAMAHA TMAX530
    ✅ [23] 46376967 GLA200
    ✅ [23] 59151964 
    ✅ [23] 98605392 MEGANE RS 280
    ✅ [23] 91733572 
  📄 爬取第 66 頁...
    ✅ [23] 15012000 
    ✅ [23] 20012500 
    ✅ [23] 25013500 
    ✅ [23] 35014500 
    ✅ [23] 98044278 FREED GB3
    ✅ [23] 98044278 NOAH 70
    ✅ [23] 96991164 GTR R35
    ✅ [23] 98044278 WISH DELUXE 1
    ✅ [23] 90655589 E200 FACELIFT SPORT W2
    ✅ [23] 93605852 CT200
    ✅ [23] 90710031 ESTIMA ACR50
    ✅ [23] 93605852 
    ✅ [23] 91733572 H1 EURO 6
    ✅ [23] 91733572 NV350 E26
    ✅ [23] 63372121 
    ✅ [23] 96848869 CLS450 4
    ✅ [23] 69242283 YAMAHA TMAX530
    ✅ [23] 46376967 GLA200
    ✅ [23] 59151964 
    ✅ [23] 98605392 MEGANE RS 280
    ✅ [23] 91733572 
  📄 爬取第 67 頁...
    ✅ [23] 15012000 
    ✅ [23] 20012500 
    ✅ [23] 25013500 
    ✅ [23] 35014500 
    ✅ [23] 98044278 FREED GB3
    ✅ [23] 98044278 NOAH 70
    ✅ [23] 96991164 GTR R35
    ✅ [23] 98044278 WISH DELUXE 1
    ✅ [23] 90655589 E200 FACELIFT SPORT W2
    ✅ [23] 93605852 CT200
    ✅ [23] 90710031 ESTIMA ACR50
    ✅ [23] 93605852 
    ✅ [23] 91733572 H1 EURO 6
    ✅ [23] 91733572 NV350 E26
    ✅ [23] 63372121 
    ✅ [23] 96848869 CLS450 4
    ✅ [23] 69242283 YAMAHA TMAX530
    ✅ [23] 46376967 GLA200
    ✅ [23] 59151964 
    ✅ [23] 98605392 MEGANE RS 280
    ✅ [23] 91733572 
  📄 爬取第 68 頁...
    ✅ [23] 15012000 
    ✅ [23] 20012500 
    ✅ [23] 25013500 
    ✅ [23] 35014500 
    ✅ [23] 98044278 FREED GB3
    ✅ [23] 98044278 NOAH 70
    ✅ [23] 96991164 GTR R35
    ✅ [23] 98044278 WISH DELUXE 1
    ✅ [23] 90655589 E200 FACELIFT SPORT W2
    ✅ [23] 93605852 CT200
    ✅ [23] 90710031 ESTIMA ACR50
    ✅ [23] 93605852 
    ✅ [23] 91733572 H1 EURO 6
    ✅ [23] 91733572 NV350 E26
    ✅ [23] 63372121 
    ✅ [23] 96848869 CLS450 4
    ✅ [23] 69242283 YAMAHA TMAX530
    ✅ [23] 46376967 GLA200
    ✅ [23] 59151964 
    ✅ [23] 98605392 MEGANE RS 280
    ✅ [23] 91733572 
  📄 爬取第 69 頁...
    ✅ [23] 15012000 
    ✅ [23] 20012500 
    ✅ [23] 25013500 
    ✅ [23] 35014500 
    ✅ [23] 98044278 FREED GB3
    ✅ [23] 98044278 NOAH 70
    ✅ [23] 96991164 GTR R35
    ✅ [23] 98044278 WISH DELUXE 1
    ✅ [23] 90655589 E200 FACELIFT SPORT W2
    ✅ [23] 93605852 CT200
    ✅ [23] 90710031 ESTIMA ACR50
    ✅ [23] 93605852 
    ✅ [23] 91733572 H1 EURO 6
    ✅ [23] 91733572 NV350 E26
    ✅ [23] 63372121 
    ✅ [23] 96848869 CLS450 4
    ✅ [23] 69242283 YAMAHA TMAX530
    ✅ [23] 46376967 GLA200
    ✅ [23] 59151964 
    ✅ [23] 98605392 MEGANE RS 280
    ✅ [23] 91733572 
  📄 爬取第 70 頁...
    ✅ [23] 15012000 
    ✅ [23] 20012500 
    ✅ [23] 25013500 
    ✅ [23] 35014500 
    ✅ [23] 98044278 FREED GB3
    ✅ [23] 98044278 NOAH 70
    ✅ [23] 96991164 GTR R35
    ✅ [23] 98044278 WISH DELUXE 1
    ✅ [23] 90655589 E200 FACELIFT SPORT W2
    ✅ [23] 93605852 CT200
    ✅ [23] 90710031 ESTIMA ACR50
    ✅ [23] 93605852 
    ✅ [23] 91733572 H1 EURO 6
    ✅ [23] 91733572 NV350 E26
    ✅ [23] 63372121 
    ✅ [23] 96848869 CLS450 4
    ✅ [23] 69242283 YAMAHA TMAX530
    ✅ [23] 46376967 GLA200
    ✅ [23] 59151964 
    ✅ [23] 98605392 MEGANE RS 280
    ✅ [23] 91733572 
  📄 爬取第 71 頁...
    ✅ [23] 15012000 
    ✅ [23] 20012500 
    ✅ [23] 25013500 
    ✅ [23] 35014500 
    ✅ [23] 98044278 FREED GB3
    ✅ [23] 98044278 NOAH 70
    ✅ [23] 96991164 GTR R35
    ✅ [23] 98044278 WISH DELUXE 1
    ✅ [23] 90655589 E200 FACELIFT SPORT W2
    ✅ [23] 93605852 CT200
    ✅ [23] 90710031 ESTIMA ACR50
    ✅ [23] 93605852 
    ✅ [23] 91733572 H1 EURO 6
    ✅ [23] 91733572 NV350 E26
    ✅ [23] 63372121 
    ✅ [23] 96848869 CLS450 4
    ✅ [23] 69242283 YAMAHA TMAX530
    ✅ [23] 46376967 GLA200
    ✅ [23] 59151964 
    ✅ [23] 98605392 MEGANE RS 280
    ✅ [23] 91733572 
  📄 爬取第 72 頁...
    ✅ [23] 15012000 
    ✅ [23] 20012500 
    ✅ [23] 25013500 
    ✅ [23] 35014500 
    ✅ [23] 98044278 FREED GB3
    ✅ [23] 98044278 NOAH 70
    ✅ [23] 96991164 GTR R35
    ✅ [23] 98044278 WISH DELUXE 1
    ✅ [23] 90655589 E200 FACELIFT SPORT W2
    ✅ [23] 93605852 CT200
    ✅ [23] 90710031 ESTIMA ACR50
    ✅ [23] 93605852 
    ✅ [23] 91733572 H1 EURO 6
    ✅ [23] 91733572 NV350 E26
    ✅ [23] 63372121 
    ✅ [23] 96848869 CLS450 4
    ✅ [23] 69242283 YAMAHA TMAX530
    ✅ [23] 46376967 GLA200
    ✅ [23] 59151964 
    ✅ [23] 98605392 MEGANE RS 280
    ✅ [23] 91733572 
  📄 爬取第 73 頁...
    ✅ [23] 15012000 
    ✅ [23] 20012500 
    ✅ [23] 25013500 
    ✅ [23] 35014500 
    ✅ [23] 98044278 FREED GB3
    ✅ [23] 98044278 NOAH 70
    ✅ [23] 96991164 GTR R35
    ✅ [23] 98044278 WISH DELUXE 1
    ✅ [23] 90655589 E200 FACELIFT SPORT W2
    ✅ [23] 93605852 CT200
    ✅ [23] 90710031 ESTIMA ACR50
    ✅ [23] 93605852 
    ✅ [23] 91733572 H1 EURO 6
    ✅ [23] 91733572 NV350 E26
    ✅ [23] 63372121 
    ✅ [23] 96848869 CLS450 4
    ✅ [23] 69242283 YAMAHA TMAX530
    ✅ [23] 46376967 GLA200
    ✅ [23] 59151964 
    ✅ [23] 98605392 MEGANE RS 280
    ✅ [23] 91733572 
  📄 爬取第 74 頁...
    ✅ [23] 15012000 
    ✅ [23] 20012500 
    ✅ [23] 25013500 
    ✅ [23] 35014500 
    ✅ [23] 98044278 FREED GB3
    ✅ [23] 98044278 NOAH 70
    ✅ [23] 96991164 GTR R35
    ✅ [23] 98044278 WISH DELUXE 1
    ✅ [23] 90655589 E200 FACELIFT SPORT W2
    ✅ [23] 93605852 CT200
    ✅ [23] 90710031 ESTIMA ACR50
    ✅ [23] 93605852 
    ✅ [23] 91733572 H1 EURO 6
    ✅ [23] 91733572 NV350 E26
    ✅ [23] 63372121 
    ✅ [23] 96848869 CLS450 4
    ✅ [23] 69242283 YAMAHA TMAX530
    ✅ [23] 46376967 GLA200
    ✅ [23] 59151964 
    ✅ [23] 98605392 MEGANE RS 280
    ✅ [23] 91733572 
  📄 爬取第 75 頁...
    ✅ [23] 15012000 
    ✅ [23] 20012500 
    ✅ [23] 25013500 
    ✅ [23] 35014500 
    ✅ [23] 98044278 FREED GB3
    ✅ [23] 98044278 NOAH 70
    ✅ [23] 96991164 GTR R35
    ✅ [23] 98044278 WISH DELUXE 1
    ✅ [23] 90655589 E200 FACELIFT SPORT W2
    ✅ [23] 93605852 CT200
    ✅ [23] 90710031 ESTIMA ACR50
    ✅ [23] 93605852 
    ✅ [23] 91733572 H1 EURO 6
    ✅ [23] 91733572 NV350 E26
    ✅ [23] 63372121 
    ✅ [23] 96848869 CLS450 4
    ✅ [23] 69242283 YAMAHA TMAX530
    ✅ [23] 46376967 GLA200
    ✅ [23] 59151964 
    ✅ [23] 98605392 MEGANE RS 280
    ✅ [23] 91733572 
  📄 爬取第 76 頁...
    ✅ [23] 15012000 
    ✅ [23] 20012500 
    ✅ [23] 25013500 
    ✅ [23] 35014500 
    ✅ [23] 98044278 HIACE 3
    ✅ [24] 51226846 ADV150
    ✅ [25] 64230205 MAZDA 3
    ✅ [25] 98044278 FREED GB3
    ✅ [25] 98044278 NOAH 70
    ✅ [25] 96991164 GTR R35
    ✅ [25] 98044278 WISH DELUXE 1
    ✅ [25] 90655589 E200 FACELIFT SPORT W2
    ✅ [25] 93605852 CT200
    ✅ [25] 90710031 ESTIMA ACR50
    ✅ [25] 93605852 
    ✅ [25] 91733572 H1 EURO 6
    ✅ [25] 91733572 NV350 E26
    ✅ [25] 63372121 
    ✅ [25] 96848869 CLS450 4
    ✅ [25] 59151964 
    ✅ [25] 46376967 GLA200
    ✅ [25] 69242283 YAMAHA TMAX530
    ✅ [25] 98605392 MEGANE RS 280
  📄 爬取第 77 頁...
    ✅ [25] 15012000 
    ✅ [25] 20012500 
    ✅ [25] 25013500 
    ✅ [25] 35014500 
    ✅ [25] 98044278 HIACE 3
    ✅ [25] 51226846 ADV150
    ✅ [25] 64230205 MAZDA 3
    ✅ [25] 98044278 FREED GB3
    ✅ [25] 98044278 NOAH 70
    ✅ [25] 96991164 GTR R35
    ✅ [25] 98044278 WISH DELUXE 1
    ✅ [25] 90655589 E200 FACELIFT SPORT W2
    ✅ [25] 93605852 CT200
    ✅ [25] 90710031 ESTIMA ACR50
    ✅ [25] 93605852 
    ✅ [25] 91733572 H1 EURO 6
    ✅ [25] 91733572 NV350 E26
    ✅ [25] 63372121 
    ✅ [25] 96848869 CLS450 4
    ✅ [25] 59151964 
    ✅ [25] 46376967 GLA200
    ✅ [25] 69242283 YAMAHA TMAX530
    ✅ [25] 98605392 MEGANE RS 280
  📄 爬取第 78 頁...
    ✅ [25] 15012000 
    ✅ [25] 20012500 
    ✅ [25] 25013500 
    ✅ [25] 35014500 
    ✅ [25] 98044278 HIACE 3
    ✅ [25] 51226846 ADV150
    ✅ [25] 64230205 MAZDA 3
    ✅ [25] 98044278 FREED GB3
    ✅ [25] 98044278 NOAH 70
    ✅ [25] 96991164 GTR R35
    ✅ [25] 98044278 WISH DELUXE 1
    ✅ [25] 90655589 E200 FACELIFT SPORT W2
    ✅ [25] 93605852 CT200
    ✅ [25] 90710031 ESTIMA ACR50
    ✅ [25] 93605852 
    ✅ [25] 91733572 H1 EURO 6
    ✅ [25] 91733572 NV350 E26
    ✅ [25] 63372121 
    ✅ [25] 96848869 CLS450 4
    ✅ [25] 59151964 
    ✅ [25] 46376967 GLA200
    ✅ [25] 69242283 YAMAHA TMAX530
    ✅ [25] 98605392 MEGANE RS 280
  📄 爬取第 79 頁...
    ✅ [25] 15012000 
    ✅ [25] 20012500 
    ✅ [25] 25013500 
    ✅ [25] 35014500 
    ✅ [25] 98044278 HIACE 3
    ✅ [25] 51226846 ADV150
    ✅ [25] 64230205 MAZDA 3
    ✅ [25] 98044278 FREED GB3
    ✅ [25] 98044278 NOAH 70
    ✅ [25] 96991164 GTR R35
    ✅ [25] 98044278 WISH DELUXE 1
    ✅ [25] 90655589 E200 FACELIFT SPORT W2
    ✅ [25] 93605852 CT200
    ✅ [25] 90710031 ESTIMA ACR50
    ✅ [25] 93605852 
    ✅ [25] 91733572 H1 EURO 6
    ✅ [25] 91733572 NV350 E26
    ✅ [25] 63372121 
    ✅ [25] 96848869 CLS450 4
    ✅ [25] 59151964 
    ✅ [25] 46376967 GLA200
    ✅ [25] 69242283 YAMAHA TMAX530
    ✅ [25] 98605392 MEGANE RS 280
  📄 爬取第 80 頁...
    ✅ [25] 15012000 
    ✅ [25] 20012500 
    ✅ [25] 25013500 
    ✅ [25] 35014500 
    ✅ [25] 98044278 HIACE 3
    ✅ [25] 51226846 ADV150
    ✅ [25] 64230205 MAZDA 3
    ✅ [25] 98044278 FREED GB3
    ✅ [25] 98044278 NOAH 70
    ✅ [25] 96991164 GTR R35
    ✅ [25] 98044278 WISH DELUXE 1
    ✅ [25] 90655589 E200 FACELIFT SPORT W2
    ✅ [25] 93605852 CT200
    ✅ [25] 90710031 ESTIMA ACR50
    ✅ [25] 93605852 
    ✅ [25] 91733572 H1 EURO 6
    ✅ [25] 91733572 NV350 E26
    ✅ [25] 63372121 
    ✅ [25] 96848869 CLS450 4
    ✅ [25] 59151964 
    ✅ [25] 46376967 GLA200
    ✅ [25] 69242283 YAMAHA TMAX530
    ✅ [25] 98605392 MEGANE RS 280
  📄 爬取第 81 頁...
    ✅ [25] 15012000 
    ✅ [25] 20012500 
    ✅ [25] 25013500 
    ✅ [25] 35014500 
    ✅ [25] 98044278 HIACE 3
    ✅ [25] 51226846 ADV150
    ✅ [25] 64230205 MAZDA 3
    ✅ [25] 98044278 FREED GB3
    ✅ [25] 98044278 NOAH 70
    ✅ [25] 96991164 GTR R35
    ✅ [25] 98044278 WISH DELUXE 1
    ✅ [25] 90655589 E200 FACELIFT SPORT W2
    ✅ [25] 93605852 CT200
    ✅ [25] 90710031 ESTIMA ACR50
    ✅ [25] 93605852 
    ✅ [25] 91733572 H1 EURO 6
    ✅ [25] 91733572 NV350 E26
    ✅ [25] 63372121 
    ✅ [25] 96848869 CLS450 4
    ✅ [25] 59151964 
    ✅ [25] 46376967 GLA200
    ✅ [25] 69242283 YAMAHA TMAX530
    ✅ [25] 98605392 MEGANE RS 280
  📄 爬取第 82 頁...
    ✅ [25] 15012000 
    ✅ [25] 20012500 
    ✅ [25] 25013500 
    ✅ [25] 35014500 
    ✅ [25] 98044278 HIACE 3
    ✅ [25] 51226846 ADV150
    ✅ [25] 64230205 MAZDA 3
    ✅ [25] 98044278 FREED GB3
    ✅ [25] 98044278 NOAH 70
    ✅ [25] 96991164 GTR R35
    ✅ [25] 98044278 WISH DELUXE 1
    ✅ [25] 90655589 E200 FACELIFT SPORT W2
    ✅ [25] 93605852 CT200
    ✅ [25] 90710031 ESTIMA ACR50
    ✅ [25] 93605852 
    ✅ [25] 91733572 H1 EURO 6
    ✅ [25] 91733572 NV350 E26
    ✅ [25] 63372121 
    ✅ [25] 96848869 CLS450 4
    ✅ [25] 59151964 
    ✅ [25] 46376967 GLA200
    ✅ [25] 69242283 YAMAHA TMAX530
    ✅ [25] 98605392 MEGANE RS 280
  📄 爬取第 83 頁...
    ✅ [25] 15012000 
    ✅ [25] 20012500 
    ✅ [25] 25013500 
    ✅ [25] 35014500 
    ✅ [25] 98044278 HIACE 3
    ✅ [25] 51226846 ADV150
    ✅ [25] 64230205 MAZDA 3
    ✅ [25] 98044278 FREED GB3
    ✅ [25] 98044278 NOAH 70
    ✅ [25] 96991164 GTR R35
    ✅ [25] 98044278 WISH DELUXE 1
    ✅ [25] 90655589 E200 FACELIFT SPORT W2
    ✅ [25] 93605852 CT200
    ✅ [25] 90710031 ESTIMA ACR50
    ✅ [25] 93605852 
    ✅ [25] 91733572 H1 EURO 6
    ✅ [25] 91733572 NV350 E26
    ✅ [25] 63372121 
    ✅ [25] 96848869 CLS450 4
    ✅ [25] 59151964 
    ✅ [25] 46376967 GLA200
    ✅ [25] 69242283 YAMAHA TMAX530
    ✅ [25] 98605392 MEGANE RS 280
  📄 爬取第 84 頁...
    ✅ [25] 15012000 
    ✅ [25] 20012500 
    ✅ [25] 25013500 
    ✅ [25] 35014500 
    ✅ [25] 98044278 HIACE 3
    ✅ [25] 51226846 ADV150
    ✅ [25] 64230205 MAZDA 3
    ✅ [25] 98044278 FREED GB3
    ✅ [25] 98044278 NOAH 70
    ✅ [25] 96991164 GTR R35
    ✅ [25] 98044278 WISH DELUXE 1
    ✅ [25] 90655589 E200 FACELIFT SPORT W2
    ✅ [25] 93605852 CT200
    ✅ [25] 90710031 ESTIMA ACR50
    ✅ [25] 93605852 
    ✅ [25] 91733572 H1 EURO 6
    ✅ [25] 91733572 NV350 E26
    ✅ [25] 63372121 
    ✅ [25] 96848869 CLS450 4
    ✅ [25] 59151964 
    ✅ [25] 46376967 GLA200
    ✅ [25] 69242283 YAMAHA TMAX530
    ✅ [25] 98605392 MEGANE RS 280
  📄 爬取第 85 頁...
    ✅ [25] 15012000 
    ✅ [25] 20012500 
    ✅ [25] 25013500 
    ✅ [25] 35014500 
    ✅ [25] 98044278 HIACE 3
    ✅ [25] 51226846 ADV150
    ✅ [25] 64230205 MAZDA 3
    ✅ [25] 98044278 FREED GB3
    ✅ [25] 98044278 NOAH 70
    ✅ [25] 96991164 GTR R35
    ✅ [25] 98044278 WISH DELUXE 1
    ✅ [25] 90655589 E200 FACELIFT SPORT W2
    ✅ [25] 93605852 CT200
    ✅ [25] 90710031 ESTIMA ACR50
    ✅ [25] 93605852 
    ✅ [25] 91733572 H1 EURO 6
    ✅ [25] 91733572 NV350 E26
    ✅ [25] 63372121 
    ✅ [25] 96848869 CLS450 4
    ✅ [25] 59151964 
    ✅ [25] 46376967 GLA200
    ✅ [25] 69242283 YAMAHA TMAX530
    ✅ [25] 98605392 MEGANE RS 280
  📄 爬取第 86 頁...
    ✅ [25] 15012000 
    ✅ [25] 20012500 
    ✅ [25] 25013500 
    ✅ [25] 35014500 
    ✅ [25] 98044278 HIACE 3
    ✅ [25] 51226846 ADV150
    ✅ [25] 64230205 MAZDA 3
    ✅ [25] 98044278 FREED GB3
    ✅ [25] 98044278 NOAH 70
    ✅ [25] 96991164 GTR R35
    ✅ [25] 98044278 WISH DELUXE 1
    ✅ [25] 90655589 E200 FACELIFT SPORT W2
    ✅ [25] 93605852 CT200
    ✅ [25] 90710031 ESTIMA ACR50
    ✅ [25] 93605852 
    ✅ [25] 91733572 H1 EURO 6
    ✅ [25] 91733572 NV350 E26
    ✅ [25] 63372121 
    ✅ [25] 96848869 CLS450 4
    ✅ [25] 59151964 
    ✅ [25] 46376967 GLA200
    ✅ [25] 69242283 YAMAHA TMAX530
    ✅ [25] 98605392 MEGANE RS 280
  📄 爬取第 87 頁...
    ✅ [25] 15012000 
    ✅ [25] 20012500 
    ✅ [25] 25013500 
    ✅ [25] 35014500 
    ✅ [25] 98044278 HIACE 3
    ✅ [25] 51226846 ADV150
    ✅ [25] 64230205 MAZDA 3
    ✅ [25] 98044278 FREED GB3
    ✅ [25] 98044278 NOAH 70
    ✅ [25] 96991164 GTR R35
    ✅ [25] 98044278 WISH DELUXE 1
    ✅ [25] 90655589 E200 FACELIFT SPORT W2
    ✅ [25] 93605852 CT200
    ✅ [25] 90710031 ESTIMA ACR50
    ✅ [25] 93605852 
    ✅ [25] 91733572 H1 EURO 6
    ✅ [25] 91733572 NV350 E26
    ✅ [25] 63372121 
    ✅ [25] 96848869 CLS450 4
    ✅ [25] 59151964 
    ✅ [25] 46376967 GLA200
    ✅ [25] 69242283 YAMAHA TMAX530
    ✅ [25] 98605392 MEGANE RS 280
  📄 爬取第 88 頁...
    ✅ [25] 15012000 
    ✅ [25] 20012500 
    ✅ [25] 25013500 
    ✅ [25] 35014500 
    ✅ [26] 94377771 FREED HYBRID GP3
    ✅ [27] 65460061 MODEL X 60
    ✅ [27] 94377771 FIT GE8
    ✅ [28] 61507175 HIACE 2
    ✅ [28] 98044278 HIACE 3
    ✅ [28] 51226846 ADV150
    ✅ [28] 64230205 MAZDA 3
    ✅ [28] 98044278 FREED GB3
    ✅ [28] 98044278 NOAH 70
    ✅ [28] 96991164 GTR R35
    ✅ [28] 98044278 WISH DELUXE 1
    ✅ [28] 90655589 E200 FACELIFT SPORT W2
    ✅ [28] 93605852 CT200
    ✅ [28] 90710031 ESTIMA ACR50
    ✅ [28] 93605852 
    ✅ [28] 91733572 H1 EURO 6
    ✅ [28] 91733572 NV350 E26
    ✅ [28] 63372121 
    ✅ [28] 96848869 CLS450 4
    ✅ [28] 69242283 YAMAHA TMAX530
  📄 爬取第 89 頁...
    ✅ [28] 15012000 
    ✅ [28] 20012500 
    ✅ [28] 25013500 
    ✅ [28] 35014500 
    ✅ [28] 94377771 FREED HYBRID GP3
    ✅ [28] 65460061 MODEL X 60
    ✅ [28] 94377771 FIT GE8
    ✅ [28] 61507175 HIACE 2
    ✅ [28] 98044278 HIACE 3
    ✅ [28] 51226846 ADV150
    ✅ [28] 64230205 MAZDA 3
    ✅ [28] 98044278 FREED GB3
    ✅ [28] 98044278 NOAH 70
    ✅ [28] 96991164 GTR R35
    ✅ [28] 98044278 WISH DELUXE 1
    ✅ [28] 90655589 E200 FACELIFT SPORT W2
    ✅ [28] 93605852 CT200
    ✅ [28] 90710031 ESTIMA ACR50
    ✅ [28] 93605852 
    ✅ [28] 91733572 H1 EURO 6
    ✅ [28] 91733572 NV350 E26
    ✅ [28] 63372121 
    ✅ [28] 96848869 CLS450 4
    ✅ [28] 69242283 YAMAHA TMAX530
  📄 爬取第 90 頁...
    ✅ [28] 15012000 
    ✅ [28] 20012500 
    ✅ [28] 25013500 
    ✅ [28] 35014500 
    ✅ [28] 94377771 FREED HYBRID GP3
    ✅ [28] 65460061 MODEL X 60
    ✅ [28] 94377771 FIT GE8
    ✅ [28] 61507175 HIACE 2
    ✅ [28] 98044278 HIACE 3
    ✅ [28] 51226846 ADV150
    ✅ [28] 64230205 MAZDA 3
    ✅ [28] 98044278 FREED GB3
    ✅ [28] 98044278 NOAH 70
    ✅ [28] 96991164 GTR R35
    ✅ [28] 98044278 WISH DELUXE 1
    ✅ [28] 90655589 E200 FACELIFT SPORT W2
    ✅ [28] 93605852 CT200
    ✅ [28] 90710031 ESTIMA ACR50
    ✅ [28] 93605852 
    ✅ [28] 91733572 H1 EURO 6
    ✅ [28] 91733572 NV350 E26
    ✅ [28] 63372121 
    ✅ [28] 96848869 CLS450 4
    ✅ [28] 69242283 YAMAHA TMAX530
  📄 爬取第 91 頁...
    ✅ [28] 15012000 
    ✅ [28] 20012500 
    ✅ [28] 25013500 
    ✅ [28] 35014500 
    ✅ [28] 94377771 FREED HYBRID GP3
    ✅ [28] 65460061 MODEL X 60
    ✅ [28] 94377771 FIT GE8
    ✅ [28] 61507175 HIACE 2
    ✅ [28] 98044278 HIACE 3
    ✅ [28] 51226846 ADV150
    ✅ [28] 64230205 MAZDA 3
    ✅ [28] 98044278 FREED GB3
    ✅ [28] 98044278 NOAH 70
    ✅ [28] 96991164 GTR R35
    ✅ [28] 98044278 WISH DELUXE 1
    ✅ [28] 90655589 E200 FACELIFT SPORT W2
    ✅ [28] 93605852 CT200
    ✅ [28] 90710031 ESTIMA ACR50
    ✅ [28] 93605852 
    ✅ [28] 91733572 H1 EURO 6
    ✅ [28] 91733572 NV350 E26
    ✅ [28] 63372121 
    ✅ [28] 96848869 CLS450 4
    ✅ [28] 69242283 YAMAHA TMAX530
  📄 爬取第 92 頁...
    ✅ [28] 15012000 
    ✅ [28] 20012500 
    ✅ [28] 25013500 
    ✅ [28] 35014500 
    ✅ [28] 94377771 FREED HYBRID GP3
    ✅ [28] 65460061 MODEL X 60
    ✅ [28] 94377771 FIT GE8
    ✅ [28] 61507175 HIACE 2
    ✅ [28] 98044278 HIACE 3
    ✅ [28] 51226846 ADV150
    ✅ [28] 64230205 MAZDA 3
    ✅ [28] 98044278 FREED GB3
    ✅ [28] 98044278 NOAH 70
    ✅ [28] 96991164 GTR R35
    ✅ [28] 98044278 WISH DELUXE 1
    ✅ [28] 90655589 E200 FACELIFT SPORT W2
    ✅ [28] 93605852 CT200
    ✅ [28] 90710031 ESTIMA ACR50
    ✅ [28] 93605852 
    ✅ [28] 91733572 H1 EURO 6
    ✅ [28] 91733572 NV350 E26
    ✅ [28] 63372121 
    ✅ [28] 96848869 CLS450 4
    ✅ [28] 69242283 YAMAHA TMAX530
  📄 爬取第 93 頁...
    ✅ [28] 15012000 
    ✅ [28] 20012500 
    ✅ [28] 25013500 
    ✅ [28] 35014500 
    ✅ [28] 94377771 FREED HYBRID GP3
    ✅ [28] 65460061 MODEL X 60
    ✅ [28] 94377771 FIT GE8
    ✅ [28] 61507175 HIACE 2
    ✅ [28] 98044278 HIACE 3
    ✅ [28] 51226846 ADV150
    ✅ [28] 64230205 MAZDA 3
    ✅ [28] 98044278 FREED GB3
    ✅ [28] 98044278 NOAH 70
    ✅ [28] 96991164 GTR R35
    ✅ [28] 98044278 WISH DELUXE 1
    ✅ [28] 90655589 E200 FACELIFT SPORT W2
    ✅ [28] 93605852 CT200
    ✅ [28] 90710031 ESTIMA ACR50
    ✅ [28] 93605852 
    ✅ [28] 91733572 H1 EURO 6
    ✅ [28] 91733572 NV350 E26
    ✅ [28] 63372121 
    ✅ [28] 96848869 CLS450 4
    ✅ [28] 69242283 YAMAHA TMAX530
  📄 爬取第 94 頁...
    ✅ [28] 15012000 
    ✅ [28] 20012500 
    ✅ [28] 25013500 
    ✅ [28] 35014500 
    ✅ [28] 94377771 FREED HYBRID GP3
    ✅ [28] 65460061 MODEL X 60
    ✅ [28] 94377771 FIT GE8
    ✅ [28] 61507175 HIACE 2
    ✅ [28] 98044278 HIACE 3
    ✅ [28] 51226846 ADV150
    ✅ [28] 64230205 MAZDA 3
    ✅ [28] 98044278 FREED GB3
    ✅ [28] 98044278 NOAH 70
    ✅ [28] 96991164 GTR R35
    ✅ [28] 98044278 WISH DELUXE 1
    ✅ [28] 90655589 E200 FACELIFT SPORT W2
    ✅ [28] 93605852 CT200
    ✅ [28] 90710031 ESTIMA ACR50
    ✅ [28] 93605852 
    ✅ [28] 91733572 H1 EURO 6
    ✅ [28] 91733572 NV350 E26
    ✅ [28] 63372121 
    ✅ [28] 96848869 CLS450 4
    ✅ [28] 69242283 YAMAHA TMAX530
  📄 爬取第 95 頁...
    ✅ [28] 15012000 
    ✅ [28] 20012500 
    ✅ [28] 25013500 
    ✅ [28] 35014500 
    ✅ [28] 94377771 FREED HYBRID GP3
    ✅ [28] 65460061 MODEL X 60
    ✅ [28] 94377771 FIT GE8
    ✅ [28] 61507175 HIACE 2
    ✅ [28] 98044278 HIACE 3
    ✅ [28] 51226846 ADV150
    ✅ [28] 64230205 MAZDA 3
    ✅ [28] 98044278 FREED GB3
    ✅ [28] 98044278 NOAH 70
    ✅ [28] 96991164 GTR R35
    ✅ [28] 98044278 WISH DELUXE 1
    ✅ [28] 90655589 E200 FACELIFT SPORT W2
    ✅ [28] 93605852 CT200
    ✅ [28] 90710031 ESTIMA ACR50
    ✅ [28] 93605852 
    ✅ [28] 91733572 H1 EURO 6
    ✅ [28] 91733572 NV350 E26
    ✅ [28] 63372121 
    ✅ [28] 96848869 CLS450 4
    ✅ [28] 69242283 YAMAHA TMAX530
  📄 爬取第 96 頁...
    ✅ [28] 15012000 
    ✅ [28] 20012500 
    ✅ [28] 25013500 
    ✅ [28] 35014500 
    ✅ [28] 94377771 FREED HYBRID GP3
    ✅ [28] 65460061 MODEL X 60
    ✅ [28] 94377771 FIT GE8
    ✅ [28] 61507175 HIACE 2
    ✅ [28] 98044278 HIACE 3
    ✅ [28] 51226846 ADV150
    ✅ [28] 64230205 MAZDA 3
    ✅ [28] 98044278 FREED GB3
    ✅ [28] 98044278 NOAH 70
    ✅ [28] 96991164 GTR R35
    ✅ [28] 98044278 WISH DELUXE 1
    ✅ [28] 90655589 E200 FACELIFT SPORT W2
    ✅ [28] 93605852 CT200
    ✅ [28] 90710031 ESTIMA ACR50
    ✅ [28] 93605852 
    ✅ [28] 91733572 H1 EURO 6
    ✅ [28] 91733572 NV350 E26
    ✅ [28] 63372121 
    ✅ [28] 96848869 CLS450 4
    ✅ [28] 69242283 YAMAHA TMAX530
  📄 爬取第 97 頁...
    ✅ [28] 15012000 
    ✅ [28] 20012500 
    ✅ [28] 25013500 
    ✅ [28] 35014500 
    ✅ [28] 94377771 FREED HYBRID GP3
    ✅ [28] 65460061 MODEL X 60
    ✅ [28] 94377771 FIT GE8
    ✅ [28] 61507175 HIACE 2
    ✅ [28] 98044278 HIACE 3
    ✅ [28] 51226846 ADV150
    ✅ [28] 64230205 MAZDA 3
    ✅ [28] 98044278 FREED GB3
    ✅ [28] 98044278 NOAH 70
    ✅ [28] 96991164 GTR R35
    ✅ [28] 98044278 WISH DELUXE 1
    ✅ [28] 90655589 E200 FACELIFT SPORT W2
    ✅ [28] 93605852 CT200
    ✅ [28] 90710031 ESTIMA ACR50
    ✅ [28] 93605852 
    ✅ [28] 91733572 H1 EURO 6
    ✅ [28] 91733572 NV350 E26
    ✅ [28] 63372121 
    ✅ [28] 96848869 CLS450 4
    ✅ [28] 69242283 YAMAHA TMAX530
  📄 爬取第 98 頁...
    ✅ [28] 15012000 
    ✅ [28] 20012500 
    ✅ [28] 25013500 
    ✅ [28] 35014500 
    ✅ [28] 94377771 FREED HYBRID GP3
    ✅ [28] 65460061 MODEL X 60
    ✅ [28] 94377771 FIT GE8
    ✅ [28] 61507175 HIACE 2
    ✅ [28] 98044278 HIACE 3
    ✅ [28] 51226846 ADV150
    ✅ [28] 64230205 MAZDA 3
    ✅ [28] 98044278 FREED GB3
    ✅ [28] 98044278 NOAH 70
    ✅ [28] 96991164 GTR R35
    ✅ [28] 98044278 WISH DELUXE 1
    ✅ [28] 90655589 E200 FACELIFT SPORT W2
    ✅ [28] 93605852 CT200
    ✅ [28] 90710031 ESTIMA ACR50
    ✅ [28] 93605852 
    ✅ [28] 91733572 H1 EURO 6
    ✅ [28] 91733572 NV350 E26
    ✅ [28] 63372121 
    ✅ [28] 96848869 CLS450 4
    ✅ [28] 69242283 YAMAHA TMAX530
  📄 爬取第 99 頁...
    ✅ [28] 15012000 
    ✅ [28] 20012500 
    ✅ [28] 25013500 
    ✅ [28] 35014500 
    ✅ [28] 94377771 FREED HYBRID GP3
    ✅ [28] 65460061 MODEL X 60
    ✅ [28] 94377771 FIT GE8
    ✅ [28] 61507175 HIACE 2
    ✅ [28] 98044278 HIACE 3
    ✅ [28] 51226846 ADV150
    ✅ [28] 64230205 MAZDA 3
    ✅ [28] 98044278 FREED GB3
    ✅ [28] 98044278 NOAH 70
    ✅ [28] 96991164 GTR R35
    ✅ [28] 98044278 WISH DELUXE 1
    ✅ [28] 90655589 E200 FACELIFT SPORT W2
    ✅ [28] 93605852 CT200
    ✅ [28] 90710031 ESTIMA ACR50
    ✅ [28] 93605852 
    ✅ [28] 91733572 H1 EURO 6
    ✅ [28] 91733572 NV350 E26
    ✅ [28] 63372121 
    ✅ [28] 96848869 CLS450 4
    ✅ [28] 69242283 YAMAHA TMAX530
  📄 爬取第 100 頁...
    ✅ [28] 15012000 
    ✅ [28] 20012500 
    ✅ [28] 25013500 
    ✅ [28] 35014500 
    ✅ [28] 94377771 
    ✅ [29] 93058040 
    ✅ [29] 93058040 TOURAN 1
    ✅ [30] 98558169 NPR75
    ✅ [30] 93058040 
    ✅ [31] 90292541 
    ✅ [32] 66060818 
    ✅ [33] 63930799 CUBE 1
    ✅ [33] 93058040 
    ✅ [33] 94377771 FREED HYBRID GP3
    ✅ [33] 65460061 MODEL X 60
    ✅ [33] 94377771 FIT GE8
    ✅ [33] 61507175 HIACE 2
    ✅ [33] 98044278 HIACE 3
    ✅ [33] 51226846 ADV150
    ✅ [33] 64230205 MAZDA 3
    ✅ [33] 98044278 FREED GB3
    ✅ [33] 98044278 NOAH 70
    ✅ [33] 96991164 GTR R35
    ✅ [33] 98044278 WISH DELUXE 1
  📄 爬取第 101 頁...
    ✅ [33] 15012000 
    ✅ [33] 20012500 
    ✅ [33] 25013500 
    ✅ [33] 35014500 
    ✅ [33] 94377771 
    ✅ [33] 93058040 
    ✅ [33] 93058040 TOURAN 1
    ✅ [33] 98558169 NPR75
    ✅ [33] 93058040 
    ✅ [33] 90292541 
    ✅ [33] 66060818 
    ✅ [33] 63930799 CUBE 1
    ✅ [33] 93058040 
    ✅ [33] 94377771 FREED HYBRID GP3
    ✅ [33] 65460061 MODEL X 60
    ✅ [33] 94377771 FIT GE8
    ✅ [33] 61507175 HIACE 2
    ✅ [33] 98044278 HIACE 3
    ✅ [33] 51226846 ADV150
    ✅ [33] 64230205 MAZDA 3
    ✅ [33] 98044278 FREED GB3
    ✅ [33] 98044278 NOAH 70
    ✅ [33] 96991164 GTR R35
    ✅ [33] 98044278 WISH DELUXE 1
  📄 爬取第 102 頁...
    ✅ [33] 15012000 
    ✅ [33] 20012500 
    ✅ [33] 25013500 
    ✅ [33] 35014500 
    ✅ [33] 94377771 
    ✅ [33] 93058040 
    ✅ [33] 93058040 TOURAN 1
    ✅ [33] 98558169 NPR75
    ✅ [33] 93058040 
    ✅ [33] 90292541 
    ✅ [33] 66060818 
    ✅ [33] 63930799 CUBE 1
    ✅ [33] 93058040 
    ✅ [33] 94377771 FREED HYBRID GP3
    ✅ [33] 65460061 MODEL X 60
    ✅ [33] 94377771 FIT GE8
    ✅ [33] 61507175 HIACE 2
    ✅ [33] 98044278 HIACE 3
    ✅ [33] 51226846 ADV150
    ✅ [33] 64230205 MAZDA 3
    ✅ [33] 98044278 FREED GB3
    ✅ [33] 98044278 NOAH 70
    ✅ [33] 96991164 GTR R35
    ✅ [33] 98044278 WISH DELUXE 1
  📄 爬取第 103 頁...
    ✅ [33] 15012000 
    ✅ [33] 20012500 
    ✅ [33] 25013500 
    ✅ [33] 35014500 
    ✅ [33] 94377771 
    ✅ [33] 93058040 
    ✅ [33] 93058040 TOURAN 1
    ✅ [33] 98558169 NPR75
    ✅ [33] 93058040 
    ✅ [33] 90292541 
    ✅ [33] 66060818 
    ✅ [33] 63930799 CUBE 1
    ✅ [33] 93058040 
    ✅ [33] 94377771 FREED HYBRID GP3
    ✅ [33] 65460061 MODEL X 60
    ✅ [33] 94377771 FIT GE8
    ✅ [33] 61507175 HIACE 2
    ✅ [33] 98044278 HIACE 3
    ✅ [33] 51226846 ADV150
    ✅ [33] 64230205 MAZDA 3
    ✅ [33] 98044278 FREED GB3
    ✅ [33] 98044278 NOAH 70
    ✅ [33] 96991164 GTR R35
    ✅ [33] 98044278 WISH DELUXE 1
  📄 爬取第 104 頁...
    ✅ [33] 15012000 
    ✅ [33] 20012500 
    ✅ [33] 25013500 
    ✅ [33] 35014500 
    ✅ [33] 94377771 
    ✅ [33] 93058040 
    ✅ [33] 93058040 TOURAN 1
    ✅ [33] 98558169 NPR75
    ✅ [33] 93058040 
    ✅ [33] 90292541 
    ✅ [33] 66060818 
    ✅ [33] 63930799 CUBE 1
    ✅ [33] 93058040 
    ✅ [33] 94377771 FREED HYBRID GP3
    ✅ [33] 65460061 MODEL X 60
    ✅ [33] 94377771 FIT GE8
    ✅ [33] 61507175 HIACE 2
    ✅ [33] 98044278 HIACE 3
    ✅ [33] 51226846 ADV150
    ✅ [33] 64230205 MAZDA 3
    ✅ [33] 98044278 FREED GB3
    ✅ [33] 98044278 NOAH 70
    ✅ [33] 96991164 GTR R35
    ✅ [33] 98044278 WISH DELUXE 1
  📄 爬取第 105 頁...
    ✅ [33] 15012000 
    ✅ [33] 20012500 
    ✅ [33] 25013500 
    ✅ [33] 35014500 
    ✅ [33] 94377771 
    ✅ [33] 93058040 
    ✅ [33] 93058040 TOURAN 1
    ✅ [33] 98558169 NPR75
    ✅ [33] 93058040 
    ✅ [33] 90292541 
    ✅ [33] 66060818 
    ✅ [33] 63930799 CUBE 1
    ✅ [33] 93058040 
    ✅ [33] 94377771 FREED HYBRID GP3
    ✅ [33] 65460061 MODEL X 60
    ✅ [33] 94377771 FIT GE8
    ✅ [33] 61507175 HIACE 2
    ✅ [33] 98044278 HIACE 3
    ✅ [33] 51226846 ADV150
    ✅ [33] 64230205 MAZDA 3
    ✅ [33] 98044278 FREED GB3
    ✅ [33] 98044278 NOAH 70
    ✅ [33] 96991164 GTR R35
    ✅ [33] 98044278 WISH DELUXE 1
  📄 爬取第 106 頁...
    ✅ [33] 15012000 
    ✅ [33] 20012500 
    ✅ [33] 25013500 
    ✅ [33] 35014500 
    ✅ [33] 94377771 
    ✅ [33] 93058040 
    ✅ [33] 93058040 TOURAN 1
    ✅ [33] 98558169 NPR75
    ✅ [33] 93058040 
    ✅ [33] 90292541 
    ✅ [33] 66060818 
    ✅ [33] 63930799 CUBE 1
    ✅ [33] 93058040 
    ✅ [33] 94377771 FREED HYBRID GP3
    ✅ [33] 65460061 MODEL X 60
    ✅ [33] 94377771 FIT GE8
    ✅ [33] 61507175 HIACE 2
    ✅ [33] 98044278 HIACE 3
    ✅ [33] 51226846 ADV150
    ✅ [33] 64230205 MAZDA 3
    ✅ [33] 98044278 FREED GB3
    ✅ [33] 98044278 NOAH 70
    ✅ [33] 96991164 GTR R35
    ✅ [33] 98044278 WISH DELUXE 1
  📄 爬取第 107 頁...
    ✅ [33] 15012000 
    ✅ [33] 20012500 
    ✅ [33] 25013500 
    ✅ [33] 35014500 
    ✅ [33] 94377771 
    ✅ [33] 93058040 
    ✅ [33] 93058040 TOURAN 1
    ✅ [33] 98558169 NPR75
    ✅ [33] 93058040 
    ✅ [33] 90292541 
    ✅ [33] 66060818 
    ✅ [33] 63930799 CUBE 1
    ✅ [33] 93058040 
    ✅ [33] 94377771 FREED HYBRID GP3
    ✅ [33] 65460061 MODEL X 60
    ✅ [33] 94377771 FIT GE8
    ✅ [33] 61507175 HIACE 2
    ✅ [33] 98044278 HIACE 3
    ✅ [33] 51226846 ADV150
    ✅ [33] 64230205 MAZDA 3
    ✅ [33] 98044278 FREED GB3
    ✅ [33] 98044278 NOAH 70
    ✅ [33] 96991164 GTR R35
    ✅ [33] 98044278 WISH DELUXE 1
  📄 爬取第 108 頁...
    ✅ [33] 15012000 
    ✅ [33] 20012500 
    ✅ [33] 25013500 
    ✅ [33] 35014500 
    ✅ [33] 94377771 
    ✅ [33] 93058040 
    ✅ [33] 93058040 TOURAN 1
    ✅ [33] 98558169 NPR75
    ✅ [33] 93058040 
    ✅ [33] 90292541 
    ✅ [33] 66060818 
    ✅ [33] 63930799 CUBE 1
    ✅ [33] 93058040 
    ✅ [33] 94377771 FREED HYBRID GP3
    ✅ [33] 65460061 MODEL X 60
    ✅ [33] 94377771 FIT GE8
    ✅ [33] 61507175 HIACE 2
    ✅ [33] 98044278 HIACE 3
    ✅ [33] 51226846 ADV150
    ✅ [33] 64230205 MAZDA 3
    ✅ [33] 98044278 FREED GB3
    ✅ [33] 98044278 NOAH 70
    ✅ [33] 96991164 GTR R35
    ✅ [33] 98044278 WISH DELUXE 1
  📄 爬取第 109 頁...
    ✅ [33] 15012000 
    ✅ [33] 20012500 
    ✅ [33] 25013500 
    ✅ [33] 35014500 
    ✅ [33] 94377771 
    ✅ [33] 93058040 
    ✅ [33] 93058040 TOURAN 1
    ✅ [33] 98558169 NPR75
    ✅ [33] 93058040 
    ✅ [33] 90292541 
    ✅ [33] 66060818 
    ✅ [33] 63930799 CUBE 1
    ✅ [33] 93058040 
    ✅ [33] 94377771 FREED HYBRID GP3
    ✅ [33] 65460061 MODEL X 60
    ✅ [33] 94377771 FIT GE8
    ✅ [33] 61507175 HIACE 2
    ✅ [33] 98044278 HIACE 3
    ✅ [33] 51226846 ADV150
    ✅ [33] 64230205 MAZDA 3
    ✅ [33] 98044278 FREED GB3
    ✅ [33] 98044278 NOAH 70
    ✅ [33] 96991164 GTR R35
    ✅ [33] 98044278 WISH DELUXE 1
  📄 爬取第 110 頁...
    ✅ [33] 15012000 
    ✅ [33] 20012500 
    ✅ [33] 25013500 
    ✅ [33] 35014500 
    ✅ [33] 94377771 
    ✅ [33] 93058040 
    ✅ [33] 93058040 TOURAN 1
    ✅ [33] 98558169 NPR75
    ✅ [33] 93058040 
    ✅ [33] 90292541 
    ✅ [33] 66060818 
    ✅ [33] 63930799 CUBE 1
    ✅ [33] 93058040 
    ✅ [33] 94377771 FREED HYBRID GP3
    ✅ [33] 65460061 MODEL X 60
    ✅ [33] 94377771 FIT GE8
    ✅ [33] 61507175 HIACE 2
    ✅ [33] 98044278 HIACE 3
    ✅ [33] 51226846 ADV150
    ✅ [33] 64230205 MAZDA 3
    ✅ [33] 98044278 FREED GB3
    ✅ [33] 98044278 NOAH 70
    ✅ [33] 96991164 GTR R35
    ✅ [33] 98044278 WISH DELUXE 1
  📄 爬取第 111 頁...
    ✅ [33] 15012000 
    ✅ [33] 20012500 
    ✅ [33] 25013500 
    ✅ [33] 35014500 
    ✅ [33] 94377771 
    ✅ [33] 93058040 
    ✅ [33] 93058040 TOURAN 1
    ✅ [33] 98558169 NPR75
    ✅ [33] 93058040 
    ✅ [33] 90292541 
    ✅ [33] 66060818 
    ✅ [33] 63930799 CUBE 1
    ✅ [33] 93058040 
    ✅ [33] 94377771 FREED HYBRID GP3
    ✅ [33] 65460061 MODEL X 60
    ✅ [33] 94377771 FIT GE8
    ✅ [33] 61507175 HIACE 2
    ✅ [33] 98044278 HIACE 3
    ✅ [33] 51226846 ADV150
    ✅ [33] 64230205 MAZDA 3
    ✅ [33] 98044278 FREED GB3
    ✅ [33] 98044278 NOAH 70
    ✅ [33] 96991164 GTR R35
    ✅ [33] 98044278 WISH DELUXE 1
  📄 爬取第 112 頁...
    ✅ [33] 15012000 
    ✅ [33] 20012500 
    ✅ [33] 25013500 
    ✅ [33] 35014500 
    ✅ [34] 98446072 MINI Cooper S F55
    ✅ [35] 67733722 IS300
    ✅ [35] 94377771 ESTIMA ACR50
    ✅ [35] 93058040 MAZDA 6
    ✅ [35] 94377771 
    ✅ [35] 93058040 
    ✅ [35] 93058040 TOURAN 1
    ✅ [35] 98558169 NPR75
    ✅ [35] 93058040 
    ✅ [35] 90292541 
    ✅ [35] 66060818 
    ✅ [35] 63930799 CUBE 1
    ✅ [35] 93058040 
    ✅ [35] 94377771 FREED HYBRID GP3
    ✅ [35] 65460061 MODEL X 60
    ✅ [35] 94377771 FIT GE8
    ✅ [35] 61507175 HIACE 2
    ✅ [35] 98044278 HIACE 3
    ✅ [35] 51226846 ADV150
    ✅ [35] 64230205 MAZDA 3
  📄 爬取第 113 頁...
    ✅ [35] 15012000 
    ✅ [35] 20012500 
    ✅ [35] 25013500 
    ✅ [35] 35014500 
    ✅ [35] 98446072 MINI Cooper S F55
    ✅ [35] 67733722 IS300
    ✅ [35] 94377771 ESTIMA ACR50
    ✅ [35] 93058040 MAZDA 6
    ✅ [35] 94377771 
    ✅ [35] 93058040 
    ✅ [35] 93058040 TOURAN 1
    ✅ [35] 98558169 NPR75
    ✅ [35] 93058040 
    ✅ [35] 90292541 
    ✅ [35] 66060818 
    ✅ [35] 63930799 CUBE 1
    ✅ [35] 93058040 
    ✅ [35] 94377771 FREED HYBRID GP3
    ✅ [35] 65460061 MODEL X 60
    ✅ [35] 94377771 FIT GE8
    ✅ [35] 61507175 HIACE 2
    ✅ [35] 98044278 HIACE 3
    ✅ [35] 51226846 ADV150
    ✅ [35] 64230205 MAZDA 3
  📄 爬取第 114 頁...
    ✅ [35] 15012000 
    ✅ [35] 20012500 
    ✅ [35] 25013500 
    ✅ [35] 35014500 
    ✅ [35] 98446072 MINI Cooper S F55
    ✅ [35] 67733722 IS300
    ✅ [35] 94377771 ESTIMA ACR50
    ✅ [35] 93058040 MAZDA 6
    ✅ [35] 94377771 
    ✅ [35] 93058040 
    ✅ [35] 93058040 TOURAN 1
    ✅ [35] 98558169 NPR75
    ✅ [35] 93058040 
    ✅ [35] 90292541 
    ✅ [35] 66060818 
    ✅ [35] 63930799 CUBE 1
    ✅ [35] 93058040 
    ✅ [35] 94377771 FREED HYBRID GP3
    ✅ [35] 65460061 MODEL X 60
    ✅ [35] 94377771 FIT GE8
    ✅ [35] 61507175 HIACE 2
    ✅ [35] 98044278 HIACE 3
    ✅ [35] 51226846 ADV150
    ✅ [35] 64230205 MAZDA 3
  📄 爬取第 115 頁...
    ✅ [35] 15012000 
    ✅ [35] 20012500 
    ✅ [35] 25013500 
    ✅ [35] 35014500 
    ✅ [35] 98446072 MINI Cooper S F55
    ✅ [35] 67733722 IS300
    ✅ [35] 94377771 ESTIMA ACR50
    ✅ [35] 93058040 MAZDA 6
    ✅ [35] 94377771 
    ✅ [35] 93058040 
    ✅ [35] 93058040 TOURAN 1
    ✅ [35] 98558169 NPR75
    ✅ [35] 93058040 
    ✅ [35] 90292541 
    ✅ [35] 66060818 
    ✅ [35] 63930799 CUBE 1
    ✅ [35] 93058040 
    ✅ [35] 94377771 FREED HYBRID GP3
    ✅ [35] 65460061 MODEL X 60
    ✅ [35] 94377771 FIT GE8
    ✅ [35] 61507175 HIACE 2
    ✅ [35] 98044278 HIACE 3
    ✅ [35] 51226846 ADV150
    ✅ [35] 64230205 MAZDA 3
  📄 爬取第 116 頁...
    ✅ [35] 15012000 
    ✅ [35] 20012500 
    ✅ [35] 25013500 
    ✅ [35] 35014500 
    ✅ [35] 98446072 MINI Cooper S F55
    ✅ [35] 67733722 IS300
    ✅ [35] 94377771 ESTIMA ACR50
    ✅ [35] 93058040 MAZDA 6
    ✅ [35] 94377771 
    ✅ [35] 93058040 
    ✅ [35] 93058040 TOURAN 1
    ✅ [35] 98558169 NPR75
    ✅ [35] 93058040 
    ✅ [35] 90292541 
    ✅ [35] 66060818 
    ✅ [35] 63930799 CUBE 1
    ✅ [35] 93058040 
    ✅ [35] 94377771 FREED HYBRID GP3
    ✅ [35] 65460061 MODEL X 60
    ✅ [35] 94377771 FIT GE8
    ✅ [35] 61507175 HIACE 2
    ✅ [35] 98044278 HIACE 3
    ✅ [35] 51226846 ADV150
    ✅ [35] 64230205 MAZDA 3
  📄 爬取第 117 頁...
    ✅ [35] 15012000 
    ✅ [35] 20012500 
    ✅ [35] 25013500 
    ✅ [35] 35014500 
    ✅ [35] 98446072 MINI Cooper S F55
    ✅ [35] 67733722 IS300
    ✅ [35] 94377771 ESTIMA ACR50
    ✅ [35] 93058040 MAZDA 6
    ✅ [35] 94377771 
    ✅ [35] 93058040 
    ✅ [35] 93058040 TOURAN 1
    ✅ [35] 98558169 NPR75
    ✅ [35] 93058040 
    ✅ [35] 90292541 
    ✅ [35] 66060818 
    ✅ [35] 63930799 CUBE 1
    ✅ [35] 93058040 
    ✅ [35] 94377771 FREED HYBRID GP3
    ✅ [35] 65460061 MODEL X 60
    ✅ [35] 94377771 FIT GE8
    ✅ [35] 61507175 HIACE 2
    ✅ [35] 98044278 HIACE 3
    ✅ [35] 51226846 ADV150
    ✅ [35] 64230205 MAZDA 3
  📄 爬取第 118 頁...
    ✅ [35] 15012000 
    ✅ [35] 20012500 
    ✅ [35] 25013500 
    ✅ [35] 35014500 
    ✅ [35] 98446072 MINI Cooper S F55
    ✅ [35] 67733722 IS300
    ✅ [35] 94377771 ESTIMA ACR50
    ✅ [35] 93058040 MAZDA 6
    ✅ [35] 94377771 
    ✅ [35] 93058040 
    ✅ [35] 93058040 TOURAN 1
    ✅ [35] 98558169 NPR75
    ✅ [35] 93058040 
    ✅ [35] 90292541 
    ✅ [35] 66060818 
    ✅ [35] 63930799 CUBE 1
    ✅ [35] 93058040 
    ✅ [35] 94377771 FREED HYBRID GP3
    ✅ [35] 65460061 MODEL X 60
    ✅ [35] 94377771 FIT GE8
    ✅ [35] 61507175 HIACE 2
    ✅ [35] 98044278 HIACE 3
    ✅ [35] 51226846 ADV150
    ✅ [35] 64230205 MAZDA 3
  📄 爬取第 119 頁...
    ✅ [35] 15012000 
    ✅ [35] 20012500 
    ✅ [35] 25013500 
    ✅ [35] 35014500 
    ✅ [35] 98446072 MINI Cooper S F55
    ✅ [35] 67733722 IS300
    ✅ [35] 94377771 ESTIMA ACR50
    ✅ [35] 93058040 MAZDA 6
    ✅ [35] 94377771 
    ✅ [35] 93058040 
    ✅ [35] 93058040 TOURAN 1
    ✅ [35] 98558169 NPR75
    ✅ [35] 93058040 
    ✅ [35] 90292541 
    ✅ [35] 66060818 
    ✅ [35] 63930799 CUBE 1
    ✅ [35] 93058040 
    ✅ [35] 94377771 FREED HYBRID GP3
    ✅ [35] 65460061 MODEL X 60
    ✅ [35] 94377771 FIT GE8
    ✅ [35] 61507175 HIACE 2
    ✅ [35] 98044278 HIACE 3
    ✅ [35] 51226846 ADV150
    ✅ [35] 64230205 MAZDA 3
  📄 爬取第 120 頁...
    ✅ [35] 15012000 
    ✅ [35] 20012500 
    ✅ [35] 25013500 
    ✅ [35] 35014500 
    ✅ [35] 98446072 MINI Cooper S F55
    ✅ [35] 67733722 IS300
    ✅ [35] 94377771 ESTIMA ACR50
    ✅ [35] 93058040 MAZDA 6
    ✅ [35] 94377771 
    ✅ [35] 93058040 
    ✅ [35] 93058040 TOURAN 1
    ✅ [35] 98558169 NPR75
    ✅ [35] 93058040 
    ✅ [35] 90292541 
    ✅ [35] 66060818 
    ✅ [35] 63930799 CUBE 1
    ✅ [35] 93058040 
    ✅ [35] 94377771 FREED HYBRID GP3
    ✅ [35] 65460061 MODEL X 60
    ✅ [35] 94377771 FIT GE8
    ✅ [35] 61507175 HIACE 2
    ✅ [35] 98044278 HIACE 3
    ✅ [35] 51226846 ADV150
    ✅ [35] 64230205 MAZDA 3
  📄 爬取第 121 頁...
    ✅ [35] 15012000 
    ✅ [35] 20012500 
    ✅ [35] 25013500 
    ✅ [35] 35014500 
    ✅ [35] 98446072 MINI Cooper S F55
    ✅ [35] 67733722 IS300
    ✅ [35] 94377771 ESTIMA ACR50
    ✅ [35] 93058040 MAZDA 6
    ✅ [35] 94377771 
    ✅ [35] 93058040 
    ✅ [35] 93058040 TOURAN 1
    ✅ [35] 98558169 NPR75
    ✅ [35] 93058040 
    ✅ [35] 90292541 
    ✅ [35] 66060818 
    ✅ [35] 63930799 CUBE 1
    ✅ [35] 93058040 
    ✅ [35] 94377771 FREED HYBRID GP3
    ✅ [35] 65460061 MODEL X 60
    ✅ [35] 94377771 FIT GE8
    ✅ [35] 61507175 HIACE 2
    ✅ [35] 98044278 HIACE 3
    ✅ [35] 51226846 ADV150
    ✅ [35] 64230205 MAZDA 3
  📄 爬取第 122 頁...
    ✅ [35] 15012000 
    ✅ [35] 20012500 
    ✅ [35] 25013500 
    ✅ [35] 35014500 
    ✅ [35] 98446072 MINI Cooper S F55
    ✅ [35] 67733722 IS300
    ✅ [35] 94377771 ESTIMA ACR50
    ✅ [35] 93058040 MAZDA 6
    ✅ [35] 94377771 
    ✅ [35] 93058040 
    ✅ [35] 93058040 TOURAN 1
    ✅ [35] 98558169 NPR75
    ✅ [35] 93058040 
    ✅ [35] 90292541 
    ✅ [35] 66060818 
    ✅ [35] 63930799 CUBE 1
    ✅ [35] 93058040 
    ✅ [35] 94377771 FREED HYBRID GP3
    ✅ [35] 65460061 MODEL X 60
    ✅ [35] 94377771 FIT GE8
    ✅ [35] 61507175 HIACE 2
    ✅ [35] 98044278 HIACE 3
    ✅ [35] 51226846 ADV150
    ✅ [35] 64230205 MAZDA 3
  📄 爬取第 123 頁...
    ✅ [35] 15012000 
    ✅ [35] 20012500 
    ✅ [35] 25013500 
    ✅ [35] 35014500 
    ✅ [35] 94377771 SPADE 1
    ✅ [35] 98446072 MINI Cooper S F55
    ✅ [35] 67733722 IS300
    ✅ [35] 94377771 ESTIMA ACR50
    ✅ [35] 93058040 MAZDA 6
    ✅ [35] 94377771 
    ✅ [35] 93058040 
    ✅ [35] 93058040 TOURAN 1
    ✅ [35] 98558169 NPR75
    ✅ [35] 93058040 
    ✅ [35] 90292541 
    ✅ [35] 66060818 
    ✅ [35] 63930799 CUBE 1
    ✅ [35] 93058040 
    ✅ [35] 94377771 FREED HYBRID GP3
    ✅ [35] 65460061 MODEL X 60
    ✅ [35] 94377771 FIT GE8
    ✅ [35] 61507175 HIACE 2
    ✅ [35] 98044278 HIACE 3
    ✅ [35] 51226846 ADV150
  📄 爬取第 124 頁...
    ✅ [35] 15012000 
    ✅ [35] 20012500 
    ✅ [35] 25013500 
    ✅ [35] 35014500 
    ✅ [35] 94377771 SPADE 1
    ✅ [35] 98446072 MINI Cooper S F55
    ✅ [35] 67733722 IS300
    ✅ [35] 94377771 ESTIMA ACR50
    ✅ [35] 93058040 MAZDA 6
    ✅ [35] 94377771 
    ✅ [35] 93058040 
    ✅ [35] 93058040 TOURAN 1
    ✅ [35] 98558169 NPR75
    ✅ [35] 93058040 
    ✅ [35] 90292541 
    ✅ [35] 66060818 
    ✅ [35] 63930799 CUBE 1
    ✅ [35] 93058040 
    ✅ [35] 94377771 FREED HYBRID GP3
    ✅ [35] 65460061 MODEL X 60
    ✅ [35] 94377771 FIT GE8
    ✅ [35] 61507175 HIACE 2
    ✅ [35] 98044278 HIACE 3
    ✅ [35] 51226846 ADV150
  📄 爬取第 125 頁...
    ✅ [35] 15012000 
    ✅ [35] 20012500 
    ✅ [35] 25013500 
    ✅ [35] 35014500 
    ✅ [35] 94377771 SPADE 1
    ✅ [35] 98446072 MINI Cooper S F55
    ✅ [35] 67733722 IS300
    ✅ [35] 94377771 ESTIMA ACR50
    ✅ [35] 93058040 MAZDA 6
    ✅ [35] 94377771 
    ✅ [35] 93058040 
    ✅ [35] 93058040 TOURAN 1
    ✅ [35] 98558169 NPR75
    ✅ [35] 93058040 
    ✅ [35] 90292541 
    ✅ [35] 66060818 
    ✅ [35] 63930799 CUBE 1
    ✅ [35] 93058040 
    ✅ [35] 94377771 FREED HYBRID GP3
    ✅ [35] 65460061 MODEL X 60
    ✅ [35] 94377771 FIT GE8
    ✅ [35] 61507175 HIACE 2
    ✅ [35] 98044278 HIACE 3
    ✅ [35] 51226846 ADV150
  📄 爬取第 126 頁...
    ✅ [35] 15012000 
    ✅ [35] 20012500 
    ✅ [35] 25013500 
    ✅ [35] 35014500 
    ✅ [35] 94377771 SPADE 1
    ✅ [35] 98446072 MINI Cooper S F55
    ✅ [35] 67733722 IS300
    ✅ [35] 94377771 ESTIMA ACR50
    ✅ [35] 93058040 MAZDA 6
    ✅ [35] 94377771 
    ✅ [35] 93058040 
    ✅ [35] 93058040 TOURAN 1
    ✅ [35] 98558169 NPR75
    ✅ [35] 93058040 
    ✅ [35] 90292541 
    ✅ [35] 66060818 
    ✅ [35] 63930799 CUBE 1
    ✅ [35] 93058040 
    ✅ [35] 94377771 FREED HYBRID GP3
    ✅ [35] 65460061 MODEL X 60
    ✅ [35] 94377771 FIT GE8
    ✅ [35] 61507175 HIACE 2
    ✅ [35] 98044278 HIACE 3
    ✅ [35] 51226846 ADV150
  📄 爬取第 127 頁...
    ✅ [35] 15012000 
    ✅ [35] 20012500 
    ✅ [35] 25013500 
    ✅ [35] 35014500 
    ✅ [35] 94377771 SPADE 1
    ✅ [35] 98446072 MINI Cooper S F55
    ✅ [35] 67733722 IS300
    ✅ [35] 94377771 ESTIMA ACR50
    ✅ [35] 93058040 MAZDA 6
    ✅ [35] 94377771 
    ✅ [35] 93058040 
    ✅ [35] 93058040 TOURAN 1
    ✅ [35] 98558169 NPR75
    ✅ [35] 93058040 
    ✅ [35] 90292541 
    ✅ [35] 66060818 
    ✅ [35] 63930799 CUBE 1
    ✅ [35] 93058040 
    ✅ [35] 94377771 FREED HYBRID GP3
    ✅ [35] 65460061 MODEL X 60
    ✅ [35] 94377771 FIT GE8
    ✅ [35] 61507175 HIACE 2
    ✅ [35] 98044278 HIACE 3
    ✅ [35] 51226846 ADV150
  📄 爬取第 128 頁...
    ✅ [35] 15012000 
    ✅ [35] 20012500 
    ✅ [35] 25013500 
    ✅ [35] 35014500 
    ✅ [35] 94377771 SPADE 1
    ✅ [35] 98446072 MINI Cooper S F55
    ✅ [35] 67733722 IS300
    ✅ [35] 94377771 ESTIMA ACR50
    ✅ [35] 93058040 MAZDA 6
    ✅ [35] 94377771 
    ✅ [35] 93058040 
    ✅ [35] 93058040 TOURAN 1
    ✅ [35] 98558169 NPR75
    ✅ [35] 93058040 
    ✅ [35] 90292541 
    ✅ [35] 66060818 
    ✅ [35] 63930799 CUBE 1
    ✅ [35] 93058040 
    ✅ [35] 94377771 FREED HYBRID GP3
    ✅ [35] 65460061 MODEL X 60
    ✅ [35] 94377771 FIT GE8
    ✅ [35] 61507175 HIACE 2
    ✅ [35] 98044278 HIACE 3
    ✅ [35] 51226846 ADV150
  📄 爬取第 129 頁...
    ✅ [35] 15012000 
    ✅ [35] 20012500 
    ✅ [35] 25013500 
    ✅ [35] 35014500 
    ✅ [35] 94377771 SPADE 1
    ✅ [35] 98446072 MINI Cooper S F55
    ✅ [35] 67733722 IS300
    ✅ [35] 94377771 ESTIMA ACR50
    ✅ [35] 93058040 MAZDA 6
    ✅ [35] 94377771 
    ✅ [35] 93058040 
    ✅ [35] 93058040 TOURAN 1
    ✅ [35] 98558169 NPR75
    ✅ [35] 93058040 
    ✅ [35] 90292541 
    ✅ [35] 66060818 
    ✅ [35] 63930799 CUBE 1
    ✅ [35] 93058040 
    ✅ [35] 94377771 FREED HYBRID GP3
    ✅ [35] 65460061 MODEL X 60
    ✅ [35] 94377771 FIT GE8
    ✅ [35] 61507175 HIACE 2
    ✅ [35] 98044278 HIACE 3
    ✅ [35] 51226846 ADV150
  📄 爬取第 130 頁...
    ✅ [35] 15012000 
    ✅ [35] 20012500 
    ✅ [35] 25013500 
    ✅ [35] 35014500 
    ✅ [35] 94377771 SPADE 1
    ✅ [35] 98446072 MINI Cooper S F55
    ✅ [35] 67733722 IS300
    ✅ [35] 94377771 ESTIMA ACR50
    ✅ [35] 93058040 MAZDA 6
    ✅ [35] 94377771 
    ✅ [35] 93058040 
    ✅ [35] 93058040 TOURAN 1
    ✅ [35] 98558169 NPR75
    ✅ [35] 93058040 
    ✅ [35] 90292541 
    ✅ [35] 66060818 
    ✅ [35] 63930799 CUBE 1
    ✅ [35] 93058040 
    ✅ [35] 94377771 FREED HYBRID GP3
    ✅ [35] 65460061 MODEL X 60
    ✅ [35] 94377771 FIT GE8
    ✅ [35] 61507175 HIACE 2
    ✅ [35] 98044278 HIACE 3
    ✅ [35] 51226846 ADV150
  📄 爬取第 131 頁...
    ✅ [35] 15012000 
    ✅ [35] 20012500 
    ✅ [35] 25013500 
    ✅ [35] 35014500 
    ✅ [35] 94377771 SPADE 1
    ✅ [35] 98446072 MINI Cooper S F55
    ✅ [35] 67733722 IS300
    ✅ [35] 94377771 ESTIMA ACR50
    ✅ [35] 93058040 MAZDA 6
    ✅ [35] 94377771 
    ✅ [35] 93058040 
    ✅ [35] 93058040 TOURAN 1
    ✅ [35] 98558169 NPR75
    ✅ [35] 93058040 
    ✅ [35] 90292541 
    ✅ [35] 66060818 
    ✅ [35] 63930799 CUBE 1
    ✅ [35] 93058040 
    ✅ [35] 94377771 FREED HYBRID GP3
    ✅ [35] 65460061 MODEL X 60
    ✅ [35] 94377771 FIT GE8
    ✅ [35] 61507175 HIACE 2
    ✅ [35] 98044278 HIACE 3
    ✅ [35] 51226846 ADV150
  📄 爬取第 132 頁...
    ✅ [35] 15012000 
    ✅ [35] 20012500 
    ✅ [35] 25013500 
    ✅ [35] 35014500 
    ✅ [35] 94377771 SPADE 1
    ✅ [35] 98446072 MINI Cooper S F55
    ✅ [35] 67733722 IS300
    ✅ [35] 94377771 ESTIMA ACR50
    ✅ [35] 93058040 MAZDA 6
    ✅ [35] 94377771 
    ✅ [35] 93058040 
    ✅ [35] 93058040 TOURAN 1
    ✅ [35] 98558169 NPR75
    ✅ [35] 93058040 
    ✅ [35] 90292541 
    ✅ [35] 66060818 
    ✅ [35] 63930799 CUBE 1
    ✅ [35] 93058040 
    ✅ [35] 94377771 FREED HYBRID GP3
    ✅ [35] 65460061 MODEL X 60
    ✅ [35] 94377771 FIT GE8
    ✅ [35] 61507175 HIACE 2
    ✅ [35] 98044278 HIACE 3
    ✅ [35] 51226846 ADV150
  📄 爬取第 133 頁...
    ✅ [35] 15012000 
    ✅ [35] 20012500 
    ✅ [35] 25013500 
    ✅ [35] 35014500 
    ✅ [35] 94377771 SPADE 1
    ✅ [35] 98446072 MINI Cooper S F55
    ✅ [35] 67733722 IS300
    ✅ [35] 94377771 ESTIMA ACR50
    ✅ [35] 93058040 MAZDA 6
    ✅ [35] 94377771 
    ✅ [35] 93058040 
    ✅ [35] 93058040 TOURAN 1
    ✅ [35] 98558169 NPR75
    ✅ [35] 93058040 
    ✅ [35] 90292541 
    ✅ [35] 66060818 
    ✅ [35] 63930799 CUBE 1
    ✅ [35] 93058040 
    ✅ [35] 94377771 FREED HYBRID GP3
    ✅ [35] 65460061 MODEL X 60
    ✅ [35] 94377771 FIT GE8
    ✅ [35] 61507175 HIACE 2
    ✅ [35] 98044278 HIACE 3
    ✅ [35] 51226846 ADV150
  📄 爬取第 134 頁...
    ✅ [35] 15012000 
    ✅ [35] 20012500 
    ✅ [35] 25013500 
    ✅ [35] 35014500 
    ✅ [35] 94377771 SPADE 1
    ✅ [35] 98446072 MINI Cooper S F55
    ✅ [35] 67733722 IS300
    ✅ [35] 94377771 ESTIMA ACR50
    ✅ [35] 93058040 MAZDA 6
    ✅ [35] 94377771 
    ✅ [35] 93058040 
    ✅ [35] 93058040 TOURAN 1
    ✅ [35] 98558169 NPR75
    ✅ [35] 93058040 
    ✅ [35] 90292541 
    ✅ [35] 66060818 
    ✅ [35] 63930799 CUBE 1
    ✅ [35] 93058040 
    ✅ [35] 94377771 FREED HYBRID GP3
    ✅ [35] 65460061 MODEL X 60
    ✅ [35] 94377771 FIT GE8
    ✅ [35] 61507175 HIACE 2
    ✅ [35] 98044278 HIACE 3
    ✅ [35] 51226846 ADV150
  📄 爬取第 135 頁...
    ✅ [35] 15012000 
    ✅ [35] 20012500 
    ✅ [35] 25013500 
    ✅ [35] 35014500 
    ✅ [36] 62749813 
    ✅ [36] 62749813 
    ✅ [36] 62749813 BS363
    ✅ [36] 62749813 
    ✅ [36] 94377771 SPADE 1
    ✅ [36] 98446072 MINI Cooper S F55
    ✅ [36] 67733722 IS300
    ✅ [36] 94377771 ESTIMA ACR50
    ✅ [36] 93058040 MAZDA 6
    ✅ [36] 94377771 
    ✅ [36] 93058040 
    ✅ [36] 93058040 TOURAN 1
    ✅ [36] 98558169 NPR75
    ✅ [36] 93058040 
    ✅ [36] 90292541 
    ✅ [36] 66060818 
    ✅ [36] 63930799 CUBE 1
    ✅ [36] 93058040 
    ✅ [36] 94377771 FREED HYBRID GP3
    ✅ [36] 65460061 MODEL X 60
  📄 爬取第 136 頁...
    ✅ [36] 15012000 
    ✅ [36] 20012500 
    ✅ [36] 25013500 
    ✅ [36] 35014500 
    ✅ [36] 62749813 
    ✅ [36] 62749813 
    ✅ [36] 62749813 BS363
    ✅ [36] 62749813 
    ✅ [36] 94377771 SPADE 1
    ✅ [36] 98446072 MINI Cooper S F55
    ✅ [36] 67733722 IS300
    ✅ [36] 94377771 ESTIMA ACR50
    ✅ [36] 93058040 MAZDA 6
    ✅ [36] 94377771 
    ✅ [36] 93058040 
    ✅ [36] 93058040 TOURAN 1
    ✅ [36] 98558169 NPR75
    ✅ [36] 93058040 
    ✅ [36] 90292541 
    ✅ [36] 66060818 
    ✅ [36] 63930799 CUBE 1
    ✅ [36] 93058040 
    ✅ [36] 94377771 FREED HYBRID GP3
    ✅ [36] 65460061 MODEL X 60
  📄 爬取第 137 頁...
    ✅ [36] 15012000 
    ✅ [36] 20012500 
    ✅ [36] 25013500 
    ✅ [36] 35014500 
    ✅ [36] 62749813 
    ✅ [36] 62749813 
    ✅ [36] 62749813 BS363
    ✅ [36] 62749813 
    ✅ [36] 94377771 SPADE 1
    ✅ [36] 98446072 MINI Cooper S F55
    ✅ [36] 67733722 IS300
    ✅ [36] 94377771 ESTIMA ACR50
    ✅ [36] 93058040 MAZDA 6
    ✅ [36] 94377771 
    ✅ [36] 93058040 
    ✅ [36] 93058040 TOURAN 1
    ✅ [36] 98558169 NPR75
    ✅ [36] 93058040 
    ✅ [36] 90292541 
    ✅ [36] 66060818 
    ✅ [36] 63930799 CUBE 1
    ✅ [36] 93058040 
    ✅ [36] 94377771 FREED HYBRID GP3
    ✅ [36] 65460061 MODEL X 60
  📄 爬取第 138 頁...
    ✅ [36] 15012000 
    ✅ [36] 20012500 
    ✅ [36] 25013500 
    ✅ [36] 35014500 
    ✅ [36] 62749813 
    ✅ [36] 62749813 
    ✅ [36] 62749813 BS363
    ✅ [36] 62749813 
    ✅ [36] 94377771 SPADE 1
    ✅ [36] 98446072 MINI Cooper S F55
    ✅ [36] 67733722 IS300
    ✅ [36] 94377771 ESTIMA ACR50
    ✅ [36] 93058040 MAZDA 6
    ✅ [36] 94377771 
    ✅ [36] 93058040 
    ✅ [36] 93058040 TOURAN 1
    ✅ [36] 98558169 NPR75
    ✅ [36] 93058040 
    ✅ [36] 90292541 
    ✅ [36] 66060818 
    ✅ [36] 63930799 CUBE 1
    ✅ [36] 93058040 
    ✅ [36] 94377771 FREED HYBRID GP3
    ✅ [36] 65460061 MODEL X 60
  📄 爬取第 139 頁...
    ✅ [36] 15012000 
    ✅ [36] 20012500 
    ✅ [36] 25013500 
    ✅ [36] 35014500 
    ✅ [36] 62749813 
    ✅ [36] 62749813 
    ✅ [36] 62749813 BS363
    ✅ [36] 62749813 
    ✅ [36] 94377771 SPADE 1
    ✅ [36] 98446072 MINI Cooper S F55
    ✅ [36] 67733722 IS300
    ✅ [36] 94377771 ESTIMA ACR50
    ✅ [36] 93058040 MAZDA 6
    ✅ [36] 94377771 
    ✅ [36] 93058040 
    ✅ [36] 93058040 TOURAN 1
    ✅ [36] 98558169 NPR75
    ✅ [36] 93058040 
    ✅ [36] 90292541 
    ✅ [36] 66060818 
    ✅ [36] 63930799 CUBE 1
    ✅ [36] 93058040 
    ✅ [36] 94377771 FREED HYBRID GP3
    ✅ [36] 65460061 MODEL X 60
  📄 爬取第 140 頁...
    ✅ [36] 15012000 
    ✅ [36] 20012500 
    ✅ [36] 25013500 
    ✅ [36] 35014500 
    ✅ [36] 62749813 
    ✅ [36] 62749813 
    ✅ [36] 62749813 BS363
    ✅ [36] 62749813 
    ✅ [36] 94377771 SPADE 1
    ✅ [36] 98446072 MINI Cooper S F55
    ✅ [36] 67733722 IS300
    ✅ [36] 94377771 ESTIMA ACR50
    ✅ [36] 93058040 MAZDA 6
    ✅ [36] 94377771 
    ✅ [36] 93058040 
    ✅ [36] 93058040 TOURAN 1
    ✅ [36] 98558169 NPR75
    ✅ [36] 93058040 
    ✅ [36] 90292541 
    ✅ [36] 66060818 
    ✅ [36] 63930799 CUBE 1
    ✅ [36] 93058040 
    ✅ [36] 94377771 FREED HYBRID GP3
    ✅ [36] 65460061 MODEL X 60
  📄 爬取第 141 頁...
    ✅ [36] 15012000 
    ✅ [36] 20012500 
    ✅ [36] 25013500 
    ✅ [36] 35014500 
    ✅ [36] 62749813 
    ✅ [36] 62749813 
    ✅ [36] 62749813 BS363
    ✅ [36] 62749813 
    ✅ [36] 94377771 SPADE 1
    ✅ [36] 98446072 MINI Cooper S F55
    ✅ [36] 67733722 IS300
    ✅ [36] 94377771 ESTIMA ACR50
    ✅ [36] 93058040 MAZDA 6
    ✅ [36] 94377771 
    ✅ [36] 93058040 
    ✅ [36] 93058040 TOURAN 1
    ✅ [36] 98558169 NPR75
    ✅ [36] 93058040 
    ✅ [36] 90292541 
    ✅ [36] 66060818 
    ✅ [36] 63930799 CUBE 1
    ✅ [36] 93058040 
    ✅ [36] 94377771 FREED HYBRID GP3
    ✅ [36] 65460061 MODEL X 60
  📄 爬取第 142 頁...
    ✅ [36] 15012000 
    ✅ [36] 20012500 
    ✅ [36] 25013500 
    ✅ [36] 35014500 
    ✅ [36] 62749813 
    ✅ [36] 62749813 
    ✅ [36] 62749813 BS363
    ✅ [36] 62749813 
    ✅ [36] 94377771 SPADE 1
    ✅ [36] 98446072 MINI Cooper S F55
    ✅ [36] 67733722 IS300
    ✅ [36] 94377771 ESTIMA ACR50
    ✅ [36] 93058040 MAZDA 6
    ✅ [36] 94377771 
    ✅ [36] 93058040 
    ✅ [36] 93058040 TOURAN 1
    ✅ [36] 98558169 NPR75
    ✅ [36] 93058040 
    ✅ [36] 90292541 
    ✅ [36] 66060818 
    ✅ [36] 63930799 CUBE 1
    ✅ [36] 93058040 
    ✅ [36] 94377771 FREED HYBRID GP3
    ✅ [36] 65460061 MODEL X 60
  📄 爬取第 143 頁...
    ✅ [36] 15012000 
    ✅ [36] 20012500 
    ✅ [36] 25013500 
    ✅ [36] 35014500 
    ✅ [36] 62749813 
    ✅ [36] 62749813 
    ✅ [36] 62749813 BS363
    ✅ [36] 62749813 
    ✅ [36] 94377771 SPADE 1
    ✅ [36] 98446072 MINI Cooper S F55
    ✅ [36] 67733722 IS300
    ✅ [36] 94377771 ESTIMA ACR50
    ✅ [36] 93058040 MAZDA 6
    ✅ [36] 94377771 
    ✅ [36] 93058040 
    ✅ [36] 93058040 TOURAN 1
    ✅ [36] 98558169 NPR75
    ✅ [36] 93058040 
    ✅ [36] 90292541 
    ✅ [36] 66060818 
    ✅ [36] 63930799 CUBE 1
    ✅ [36] 93058040 
    ✅ [36] 94377771 FREED HYBRID GP3
    ✅ [36] 65460061 MODEL X 60
  📄 爬取第 144 頁...
    ✅ [36] 15012000 
    ✅ [36] 20012500 
    ✅ [36] 25013500 
    ✅ [36] 35014500 
    ✅ [36] 62749813 
    ✅ [36] 62749813 
    ✅ [36] 62749813 BS363
    ✅ [36] 62749813 
    ✅ [36] 94377771 SPADE 1
    ✅ [36] 98446072 MINI Cooper S F55
    ✅ [36] 67733722 IS300
    ✅ [36] 94377771 ESTIMA ACR50
    ✅ [36] 93058040 MAZDA 6
    ✅ [36] 94377771 
    ✅ [36] 93058040 
    ✅ [36] 93058040 TOURAN 1
    ✅ [36] 98558169 NPR75
    ✅ [36] 93058040 
    ✅ [36] 90292541 
    ✅ [36] 66060818 
    ✅ [36] 63930799 CUBE 1
    ✅ [36] 93058040 
    ✅ [36] 94377771 FREED HYBRID GP3
    ✅ [36] 65460061 MODEL X 60
  📄 爬取第 145 頁...
    ✅ [36] 15012000 
    ✅ [36] 20012500 
    ✅ [36] 25013500 
    ✅ [36] 35014500 
    ✅ [36] 62749813 
    ✅ [36] 62749813 
    ✅ [36] 62749813 BS363
    ✅ [36] 62749813 
    ✅ [36] 94377771 SPADE 1
    ✅ [36] 98446072 MINI Cooper S F55
    ✅ [36] 67733722 IS300
    ✅ [36] 94377771 ESTIMA ACR50
    ✅ [36] 93058040 MAZDA 6
    ✅ [36] 94377771 
    ✅ [36] 93058040 
    ✅ [36] 93058040 TOURAN 1
    ✅ [36] 98558169 NPR75
    ✅ [36] 93058040 
    ✅ [36] 90292541 
    ✅ [36] 66060818 
    ✅ [36] 63930799 CUBE 1
    ✅ [36] 93058040 
    ✅ [36] 94377771 FREED HYBRID GP3
    ✅ [36] 65460061 MODEL X 60
  📄 爬取第 146 頁...
    ✅ [36] 15012000 
    ✅ [36] 20012500 
    ✅ [36] 25013500 
    ✅ [36] 35014500 
    ✅ [37] 53666822 ALPHARD 3
    ✅ [37] 53666822 LS500
    ✅ [37] 53666822 RAV4
    ✅ [38] 91045660 STEPWGN 2
    ✅ [38] 62749813 
    ✅ [38] 62749813 
    ✅ [38] 62749813 
    ✅ [38] 62749813 BS363
    ✅ [38] 62749813 
    ✅ [38] 94377771 SPADE 1
    ✅ [38] 98446072 MINI Cooper S F55
    ✅ [38] 67733722 IS300
    ✅ [38] 94377771 ESTIMA ACR50
    ✅ [38] 93058040 MAZDA 6
    ✅ [38] 94377771 
    ✅ [38] 93058040 
    ✅ [38] 93058040 TOURAN 1
    ✅ [38] 98558169 NPR75
    ✅ [38] 93058040 
    ✅ [38] 90292541 
  📄 爬取第 147 頁...
    ✅ [38] 15012000 
    ✅ [38] 20012500 
    ✅ [38] 25013500 
    ✅ [38] 35014500 
    ✅ [38] 53666822 ALPHARD 3
    ✅ [38] 53666822 LS500
    ✅ [38] 53666822 RAV4
    ✅ [38] 91045660 STEPWGN 2
    ✅ [38] 62749813 
    ✅ [38] 62749813 
    ✅ [38] 62749813 
    ✅ [38] 62749813 BS363
    ✅ [38] 62749813 
    ✅ [38] 94377771 SPADE 1
    ✅ [38] 98446072 MINI Cooper S F55
    ✅ [38] 67733722 IS300
    ✅ [38] 94377771 ESTIMA ACR50
    ✅ [38] 93058040 MAZDA 6
    ✅ [38] 94377771 
    ✅ [38] 93058040 
    ✅ [38] 93058040 TOURAN 1
    ✅ [38] 98558169 NPR75
    ✅ [38] 93058040 
    ✅ [38] 90292541 
  📄 爬取第 148 頁...
    ✅ [38] 15012000 
    ✅ [38] 20012500 
    ✅ [38] 25013500 
    ✅ [38] 35014500 
    ✅ [38] 53666822 ALPHARD 3
    ✅ [38] 53666822 LS500
    ✅ [38] 53666822 RAV4
    ✅ [38] 91045660 STEPWGN 2
    ✅ [38] 62749813 
    ✅ [38] 62749813 
    ✅ [38] 62749813 
    ✅ [38] 62749813 BS363
    ✅ [38] 62749813 
    ✅ [38] 94377771 SPADE 1
    ✅ [38] 98446072 MINI Cooper S F55
    ✅ [38] 67733722 IS300
    ✅ [38] 94377771 ESTIMA ACR50
    ✅ [38] 93058040 MAZDA 6
    ✅ [38] 94377771 
    ✅ [38] 93058040 
    ✅ [38] 93058040 TOURAN 1
    ✅ [38] 98558169 NPR75
    ✅ [38] 93058040 
    ✅ [38] 90292541 
  📄 爬取第 149 頁...
    ✅ [38] 15012000 
    ✅ [38] 20012500 
    ✅ [38] 25013500 
    ✅ [38] 35014500 
    ✅ [38] 53666822 ALPHARD 3
    ✅ [38] 53666822 LS500
    ✅ [38] 53666822 RAV4
    ✅ [38] 91045660 STEPWGN 2
    ✅ [38] 62749813 
    ✅ [38] 62749813 
    ✅ [38] 62749813 
    ✅ [38] 62749813 BS363
    ✅ [38] 62749813 
    ✅ [38] 94377771 SPADE 1
    ✅ [38] 98446072 MINI Cooper S F55
    ✅ [38] 67733722 IS300
    ✅ [38] 94377771 ESTIMA ACR50
    ✅ [38] 93058040 MAZDA 6
    ✅ [38] 94377771 
    ✅ [38] 93058040 
    ✅ [38] 93058040 TOURAN 1
    ✅ [38] 98558169 NPR75
    ✅ [38] 93058040 
    ✅ [38] 90292541 
  📄 爬取第 150 頁...
    ✅ [38] 15012000 
    ✅ [38] 20012500 
    ✅ [38] 25013500 
    ✅ [38] 35014500 
    ✅ [38] 53666822 ALPHARD 3
    ✅ [38] 53666822 LS500
    ✅ [38] 53666822 RAV4
    ✅ [38] 91045660 STEPWGN 2
    ✅ [38] 62749813 
    ✅ [38] 62749813 
    ✅ [38] 62749813 
    ✅ [38] 62749813 BS363
    ✅ [38] 62749813 
    ✅ [38] 94377771 SPADE 1
    ✅ [38] 98446072 MINI Cooper S F55
    ✅ [38] 67733722 IS300
    ✅ [38] 94377771 ESTIMA ACR50
    ✅ [38] 93058040 MAZDA 6
    ✅ [38] 94377771 
    ✅ [38] 93058040 
    ✅ [38] 93058040 TOURAN 1
    ✅ [38] 98558169 NPR75
    ✅ [38] 93058040 
    ✅ [38] 90292541 
  📄 爬取第 151 頁...
    ✅ [38] 15012000 
    ✅ [38] 20012500 
    ✅ [38] 25013500 
    ✅ [38] 35014500 
    ✅ [38] 53666822 ALPHARD 3
    ✅ [38] 53666822 LS500
    ✅ [38] 53666822 RAV4
    ✅ [38] 91045660 STEPWGN 2
    ✅ [38] 62749813 
    ✅ [38] 62749813 
    ✅ [38] 62749813 
    ✅ [38] 62749813 BS363
    ✅ [38] 62749813 
    ✅ [38] 94377771 SPADE 1
    ✅ [38] 98446072 MINI Cooper S F55
    ✅ [38] 67733722 IS300
    ✅ [38] 94377771 ESTIMA ACR50
    ✅ [38] 93058040 MAZDA 6
    ✅ [38] 94377771 
    ✅ [38] 93058040 
    ✅ [38] 93058040 TOURAN 1
    ✅ [38] 98558169 NPR75
    ✅ [38] 93058040 
    ✅ [38] 90292541 
  📄 爬取第 152 頁...
    ✅ [38] 15012000 
    ✅ [38] 20012500 
    ✅ [38] 25013500 
    ✅ [38] 35014500 
    ✅ [38] 53666822 ALPHARD 3
    ✅ [38] 53666822 LS500
    ✅ [38] 53666822 RAV4
    ✅ [38] 91045660 STEPWGN 2
    ✅ [38] 62749813 
    ✅ [38] 62749813 
    ✅ [38] 62749813 
    ✅ [38] 62749813 BS363
    ✅ [38] 62749813 
    ✅ [38] 94377771 SPADE 1
    ✅ [38] 98446072 MINI Cooper S F55
    ✅ [38] 67733722 IS300
    ✅ [38] 94377771 ESTIMA ACR50
    ✅ [38] 93058040 MAZDA 6
    ✅ [38] 94377771 
    ✅ [38] 93058040 
    ✅ [38] 93058040 TOURAN 1
    ✅ [38] 98558169 NPR75
    ✅ [38] 93058040 
    ✅ [38] 90292541 
  📄 爬取第 153 頁...
    ✅ [38] 15012000 
    ✅ [38] 20012500 
    ✅ [38] 25013500 
    ✅ [38] 35014500 
    ✅ [38] 53666822 ALPHARD 3
    ✅ [38] 53666822 LS500
    ✅ [38] 53666822 RAV4
    ✅ [38] 91045660 STEPWGN 2
    ✅ [38] 62749813 
    ✅ [38] 62749813 
    ✅ [38] 62749813 
    ✅ [38] 62749813 BS363
    ✅ [38] 62749813 
    ✅ [38] 94377771 SPADE 1
    ✅ [38] 98446072 MINI Cooper S F55
    ✅ [38] 67733722 IS300
    ✅ [38] 94377771 ESTIMA ACR50
    ✅ [38] 93058040 MAZDA 6
    ✅ [38] 94377771 
    ✅ [38] 93058040 
    ✅ [38] 93058040 TOURAN 1
    ✅ [38] 98558169 NPR75
    ✅ [38] 93058040 
    ✅ [38] 90292541 
  📄 爬取第 154 頁...
    ✅ [38] 15012000 
    ✅ [38] 20012500 
    ✅ [38] 25013500 
    ✅ [38] 35014500 
    ✅ [38] 53666822 ALPHARD 3
    ✅ [38] 53666822 LS500
    ✅ [38] 53666822 RAV4
    ✅ [38] 91045660 STEPWGN 2
    ✅ [38] 62749813 
    ✅ [38] 62749813 
    ✅ [38] 62749813 
    ✅ [38] 62749813 BS363
    ✅ [38] 62749813 
    ✅ [38] 94377771 SPADE 1
    ✅ [38] 98446072 MINI Cooper S F55
    ✅ [38] 67733722 IS300
    ✅ [38] 94377771 ESTIMA ACR50
    ✅ [38] 93058040 MAZDA 6
    ✅ [38] 94377771 
    ✅ [38] 93058040 
    ✅ [38] 93058040 TOURAN 1
    ✅ [38] 98558169 NPR75
    ✅ [38] 93058040 
    ✅ [38] 90292541 
  📄 爬取第 155 頁...
    ✅ [38] 15012000 
    ✅ [38] 20012500 
    ✅ [38] 25013500 
    ✅ [38] 35014500 
    ✅ [38] 53666822 ALPHARD 3
    ✅ [38] 53666822 LS500
    ✅ [38] 53666822 RAV4
    ✅ [38] 91045660 STEPWGN 2
    ✅ [38] 62749813 
    ✅ [38] 62749813 
    ✅ [38] 62749813 
    ✅ [38] 62749813 BS363
    ✅ [38] 62749813 
    ✅ [38] 94377771 SPADE 1
    ✅ [38] 98446072 MINI Cooper S F55
    ✅ [38] 67733722 IS300
    ✅ [38] 94377771 ESTIMA ACR50
    ✅ [38] 93058040 MAZDA 6
    ✅ [38] 94377771 
    ✅ [38] 93058040 
    ✅ [38] 93058040 TOURAN 1
    ✅ [38] 98558169 NPR75
    ✅ [38] 93058040 
    ✅ [38] 90292541 
  📄 爬取第 156 頁...
    ✅ [38] 15012000 
    ✅ [38] 20012500 
    ✅ [38] 25013500 
    ✅ [38] 35014500 
    ✅ [38] 53666822 ALPHARD 3
    ✅ [38] 53666822 LS500
    ✅ [38] 53666822 RAV4
    ✅ [38] 91045660 STEPWGN 2
    ✅ [38] 62749813 
    ✅ [38] 62749813 
    ✅ [38] 62749813 
    ✅ [38] 62749813 BS363
    ✅ [38] 62749813 
    ✅ [38] 94377771 SPADE 1
    ✅ [38] 98446072 MINI Cooper S F55
    ✅ [38] 67733722 IS300
    ✅ [38] 94377771 ESTIMA ACR50
    ✅ [38] 93058040 MAZDA 6
    ✅ [38] 94377771 
    ✅ [38] 93058040 
    ✅ [38] 93058040 TOURAN 1
    ✅ [38] 98558169 NPR75
    ✅ [38] 93058040 
    ✅ [38] 90292541 
  📄 爬取第 157 頁...
    ✅ [38] 15012000 
    ✅ [38] 20012500 
    ✅ [38] 25013500 
    ✅ [38] 35014500 
    ✅ [38] 53666822 
    ✅ [38] 53666822 ALPHARD 2
    ✅ [38] 53666822 ALPHARD 3
    ✅ [38] 53666822 LS500
    ✅ [38] 53666822 RAV4
    ✅ [38] 91045660 STEPWGN 2
    ✅ [38] 62749813 
    ✅ [38] 62749813 
    ✅ [38] 62749813 
    ✅ [38] 62749813 BS363
    ✅ [38] 62749813 
    ✅ [38] 94377771 SPADE 1
    ✅ [38] 98446072 MINI Cooper S F55
    ✅ [38] 67733722 IS300
    ✅ [38] 94377771 ESTIMA ACR50
    ✅ [38] 93058040 MAZDA 6
    ✅ [38] 94377771 
    ✅ [38] 93058040 
    ✅ [38] 93058040 TOURAN 1
    ✅ [38] 98558169 NPR75
  📄 爬取第 158 頁...
    ✅ [38] 15012000 
    ✅ [38] 20012500 
    ✅ [38] 25013500 
    ✅ [38] 35014500 
    ✅ [38] 53666822 
    ✅ [38] 53666822 ALPHARD 2
    ✅ [38] 53666822 ALPHARD 3
    ✅ [38] 53666822 LS500
    ✅ [38] 53666822 RAV4
    ✅ [38] 91045660 STEPWGN 2
    ✅ [38] 62749813 
    ✅ [38] 62749813 
    ✅ [38] 62749813 
    ✅ [38] 62749813 BS363
    ✅ [38] 62749813 
    ✅ [38] 94377771 SPADE 1
    ✅ [38] 98446072 MINI Cooper S F55
    ✅ [38] 67733722 IS300
    ✅ [38] 94377771 ESTIMA ACR50
    ✅ [38] 93058040 MAZDA 6
    ✅ [38] 94377771 
    ✅ [38] 93058040 
    ✅ [38] 93058040 TOURAN 1
    ✅ [38] 98558169 NPR75
  📄 爬取第 159 頁...
    ✅ [38] 15012000 
    ✅ [38] 20012500 
    ✅ [38] 25013500 
    ✅ [38] 35014500 
    ✅ [38] 53666822 
    ✅ [38] 53666822 ALPHARD 2
    ✅ [38] 53666822 ALPHARD 3
    ✅ [38] 53666822 LS500
    ✅ [38] 53666822 RAV4
    ✅ [38] 91045660 STEPWGN 2
    ✅ [38] 62749813 
    ✅ [38] 62749813 
    ✅ [38] 62749813 
    ✅ [38] 62749813 BS363
    ✅ [38] 62749813 
    ✅ [38] 94377771 SPADE 1
    ✅ [38] 98446072 MINI Cooper S F55
    ✅ [38] 67733722 IS300
    ✅ [38] 94377771 ESTIMA ACR50
    ✅ [38] 93058040 MAZDA 6
    ✅ [38] 94377771 
    ✅ [38] 93058040 
    ✅ [38] 93058040 TOURAN 1
    ✅ [38] 98558169 NPR75
  📄 爬取第 160 頁...
    ✅ [38] 15012000 
    ✅ [38] 20012500 
    ✅ [38] 25013500 
    ✅ [38] 35014500 
    ✅ [38] 53666822 
    ✅ [38] 53666822 ALPHARD 2
    ✅ [38] 53666822 ALPHARD 3
    ✅ [38] 53666822 LS500
    ✅ [38] 53666822 RAV4
    ✅ [38] 91045660 STEPWGN 2
    ✅ [38] 62749813 
    ✅ [38] 62749813 
    ✅ [38] 62749813 
    ✅ [38] 62749813 BS363
    ✅ [38] 62749813 
    ✅ [38] 94377771 SPADE 1
    ✅ [38] 98446072 MINI Cooper S F55
    ✅ [38] 67733722 IS300
    ✅ [38] 94377771 ESTIMA ACR50
    ✅ [38] 93058040 MAZDA 6
    ✅ [38] 94377771 
    ✅ [38] 93058040 
    ✅ [38] 93058040 TOURAN 1
    ✅ [38] 98558169 NPR75
  📄 爬取第 161 頁...
    ✅ [38] 15012000 
    ✅ [38] 20012500 
    ✅ [38] 25013500 
    ✅ [38] 35014500 
    ✅ [38] 53666822 
    ✅ [38] 53666822 ALPHARD 2
    ✅ [38] 53666822 ALPHARD 3
    ✅ [38] 53666822 LS500
    ✅ [38] 53666822 RAV4
    ✅ [38] 91045660 STEPWGN 2
    ✅ [38] 62749813 
    ✅ [38] 62749813 
    ✅ [38] 62749813 
    ✅ [38] 62749813 BS363
    ✅ [38] 62749813 
    ✅ [38] 94377771 SPADE 1
    ✅ [38] 98446072 MINI Cooper S F55
    ✅ [38] 67733722 IS300
    ✅ [38] 94377771 ESTIMA ACR50
    ✅ [38] 93058040 MAZDA 6
    ✅ [38] 94377771 
    ✅ [38] 93058040 
    ✅ [38] 93058040 TOURAN 1
    ✅ [38] 98558169 NPR75
  📄 爬取第 162 頁...
    ✅ [38] 15012000 
    ✅ [38] 20012500 
    ✅ [38] 25013500 
    ✅ [38] 35014500 
    ✅ [38] 53666822 
    ✅ [38] 53666822 ALPHARD 2
    ✅ [38] 53666822 ALPHARD 3
    ✅ [38] 53666822 LS500
    ✅ [38] 53666822 RAV4
    ✅ [38] 91045660 STEPWGN 2
    ✅ [38] 62749813 
    ✅ [38] 62749813 
    ✅ [38] 62749813 
    ✅ [38] 62749813 BS363
    ✅ [38] 62749813 
    ✅ [38] 94377771 SPADE 1
    ✅ [38] 98446072 MINI Cooper S F55
    ✅ [38] 67733722 IS300
    ✅ [38] 94377771 ESTIMA ACR50
    ✅ [38] 93058040 MAZDA 6
    ✅ [38] 94377771 
    ✅ [38] 93058040 
    ✅ [38] 93058040 TOURAN 1
    ✅ [38] 98558169 NPR75
  📄 爬取第 163 頁...
    ✅ [38] 15012000 
    ✅ [38] 20012500 
    ✅ [38] 25013500 
    ✅ [38] 35014500 
    ✅ [38] 53666822 
    ✅ [38] 53666822 ALPHARD 2
    ✅ [38] 53666822 ALPHARD 3
    ✅ [38] 53666822 LS500
    ✅ [38] 53666822 RAV4
    ✅ [38] 91045660 STEPWGN 2
    ✅ [38] 62749813 
    ✅ [38] 62749813 
    ✅ [38] 62749813 
    ✅ [38] 62749813 BS363
    ✅ [38] 62749813 
    ✅ [38] 94377771 SPADE 1
    ✅ [38] 98446072 MINI Cooper S F55
    ✅ [38] 67733722 IS300
    ✅ [38] 94377771 ESTIMA ACR50
    ✅ [38] 93058040 MAZDA 6
    ✅ [38] 94377771 
    ✅ [38] 93058040 
    ✅ [38] 93058040 TOURAN 1
    ✅ [38] 98558169 NPR75
  📄 爬取第 164 頁...
    ✅ [38] 15012000 
    ✅ [38] 20012500 
    ✅ [38] 25013500 
    ✅ [38] 35014500 
    ✅ [38] 53666822 
    ✅ [38] 53666822 ALPHARD 2
    ✅ [38] 53666822 ALPHARD 3
    ✅ [38] 53666822 LS500
    ✅ [38] 53666822 RAV4
    ✅ [38] 91045660 STEPWGN 2
    ✅ [38] 62749813 
    ✅ [38] 62749813 
    ✅ [38] 62749813 
    ✅ [38] 62749813 BS363
    ✅ [38] 62749813 
    ✅ [38] 94377771 SPADE 1
    ✅ [38] 98446072 MINI Cooper S F55
    ✅ [38] 67733722 IS300
    ✅ [38] 94377771 ESTIMA ACR50
    ✅ [38] 93058040 MAZDA 6
    ✅ [38] 94377771 
    ✅ [38] 93058040 
    ✅ [38] 93058040 TOURAN 1
    ✅ [38] 98558169 NPR75
  📄 爬取第 165 頁...
    ✅ [38] 15012000 
    ✅ [38] 20012500 
    ✅ [38] 25013500 
    ✅ [38] 35014500 
    ✅ [38] 53666822 
    ✅ [38] 53666822 ALPHARD 2
    ✅ [38] 53666822 ALPHARD 3
    ✅ [38] 53666822 LS500
    ✅ [38] 53666822 RAV4
    ✅ [38] 91045660 STEPWGN 2
    ✅ [38] 62749813 
    ✅ [38] 62749813 
    ✅ [38] 62749813 
    ✅ [38] 62749813 BS363
    ✅ [38] 62749813 
    ✅ [38] 94377771 SPADE 1
    ✅ [38] 98446072 MINI Cooper S F55
    ✅ [38] 67733722 IS300
    ✅ [38] 94377771 ESTIMA ACR50
    ✅ [38] 93058040 MAZDA 6
    ✅ [38] 94377771 
    ✅ [38] 93058040 
    ✅ [38] 93058040 TOURAN 1
    ✅ [38] 98558169 NPR75
  📄 爬取第 166 頁...
    ✅ [38] 15012000 
    ✅ [38] 20012500 
    ✅ [38] 25013500 
    ✅ [38] 35014500 
    ✅ [38] 53666822 
    ✅ [38] 53666822 ALPHARD 2
    ✅ [38] 53666822 ALPHARD 3
    ✅ [38] 53666822 LS500
    ✅ [38] 53666822 RAV4
    ✅ [38] 91045660 STEPWGN 2
    ✅ [38] 62749813 
    ✅ [38] 62749813 
    ✅ [38] 62749813 
    ✅ [38] 62749813 BS363
    ✅ [38] 62749813 
    ✅ [38] 94377771 SPADE 1
    ✅ [38] 98446072 MINI Cooper S F55
    ✅ [38] 67733722 IS300
    ✅ [38] 94377771 ESTIMA ACR50
    ✅ [38] 93058040 MAZDA 6
    ✅ [38] 94377771 
    ✅ [38] 93058040 
    ✅ [38] 93058040 TOURAN 1
    ✅ [38] 98558169 NPR75
  📄 爬取第 167 頁...
    ✅ [38] 15012000 
    ✅ [38] 20012500 
    ✅ [38] 25013500 
    ✅ [38] 35014500 
    ✅ [38] 53666822 
    ✅ [38] 53666822 ALPHARD 2
    ✅ [38] 53666822 ALPHARD 3
    ✅ [38] 53666822 LS500
    ✅ [38] 53666822 RAV4
    ✅ [38] 91045660 STEPWGN 2
    ✅ [38] 62749813 
    ✅ [38] 62749813 
    ✅ [38] 62749813 
    ✅ [38] 62749813 BS363
    ✅ [38] 62749813 
    ✅ [38] 94377771 SPADE 1
    ✅ [38] 98446072 MINI Cooper S F55
    ✅ [38] 67733722 IS300
    ✅ [38] 94377771 ESTIMA ACR50
    ✅ [38] 93058040 MAZDA 6
    ✅ [38] 94377771 
    ✅ [38] 93058040 
    ✅ [38] 93058040 TOURAN 1
    ✅ [38] 98558169 NPR75
  📄 爬取第 168 頁...
    ✅ [38] 15012000 
    ✅ [38] 20012500 
    ✅ [38] 25013500 
    ✅ [38] 35014500 
    ✅ [38] 53666822 
    ✅ [38] 53666822 ALPHARD 2
    ✅ [38] 53666822 ALPHARD 3
    ✅ [38] 53666822 LS500
    ✅ [38] 53666822 RAV4
    ✅ [38] 91045660 STEPWGN 2
    ✅ [38] 62749813 
    ✅ [38] 62749813 
    ✅ [38] 62749813 
    ✅ [38] 62749813 BS363
    ✅ [38] 62749813 
    ✅ [38] 94377771 SPADE 1
    ✅ [38] 98446072 MINI Cooper S F55
    ✅ [38] 67733722 IS300
    ✅ [38] 94377771 ESTIMA ACR50
    ✅ [38] 93058040 MAZDA 6
    ✅ [38] 94377771 
    ✅ [38] 93058040 
    ✅ [38] 93058040 TOURAN 1
    ✅ [38] 98558169 NPR75
  📄 爬取第 169 頁...
    ✅ [38] 15012000 
    ✅ [38] 20012500 
    ✅ [38] 25013500 
    ✅ [38] 35014500 
    ✅ [39] 59896116 
    ✅ [39] 53666822 
    ✅ [39] 53666822 ALPHARD 2
    ✅ [39] 53666822 ALPHARD 3
    ✅ [39] 53666822 LS500
    ✅ [39] 53666822 RAV4
    ✅ [39] 91045660 STEPWGN 2
    ✅ [39] 62749813 
    ✅ [39] 62749813 
    ✅ [39] 62749813 
    ✅ [39] 62749813 BS363
    ✅ [39] 62749813 
    ✅ [39] 94377771 SPADE 1
    ✅ [39] 98446072 MINI Cooper S F55
    ✅ [39] 67733722 IS300
    ✅ [39] 94377771 ESTIMA ACR50
    ✅ [39] 93058040 MAZDA 6
    ✅ [39] 94377771 
    ✅ [39] 93058040 
    ✅ [39] 93058040 TOURAN 1
  📄 爬取第 170 頁...
    ✅ [39] 15012000 
    ✅ [39] 20012500 
    ✅ [39] 25013500 
    ✅ [39] 35014500 
    ✅ [39] 59896116 
    ✅ [39] 53666822 
    ✅ [39] 53666822 ALPHARD 2
    ✅ [39] 53666822 ALPHARD 3
    ✅ [39] 53666822 LS500
    ✅ [39] 53666822 RAV4
    ✅ [39] 91045660 STEPWGN 2
    ✅ [39] 62749813 
    ✅ [39] 62749813 
    ✅ [39] 62749813 
    ✅ [39] 62749813 BS363
    ✅ [39] 62749813 
    ✅ [39] 94377771 SPADE 1
    ✅ [39] 98446072 MINI Cooper S F55
    ✅ [39] 67733722 IS300
    ✅ [39] 94377771 ESTIMA ACR50
    ✅ [39] 93058040 MAZDA 6
    ✅ [39] 94377771 
    ✅ [39] 93058040 
    ✅ [39] 93058040 TOURAN 1
  📄 爬取第 171 頁...
    ✅ [39] 15012000 
    ✅ [39] 20012500 
    ✅ [39] 25013500 
    ✅ [39] 35014500 
    ✅ [39] 59896116 
    ✅ [39] 53666822 
    ✅ [39] 53666822 ALPHARD 2
    ✅ [39] 53666822 ALPHARD 3
    ✅ [39] 53666822 LS500
    ✅ [39] 53666822 RAV4
    ✅ [39] 91045660 STEPWGN 2
    ✅ [39] 62749813 
    ✅ [39] 62749813 
    ✅ [39] 62749813 
    ✅ [39] 62749813 BS363
    ✅ [39] 62749813 
    ✅ [39] 94377771 SPADE 1
    ✅ [39] 98446072 MINI Cooper S F55
    ✅ [39] 67733722 IS300
    ✅ [39] 94377771 ESTIMA ACR50
    ✅ [39] 93058040 MAZDA 6
    ✅ [39] 94377771 
    ✅ [39] 93058040 
    ✅ [39] 93058040 TOURAN 1
  📄 爬取第 172 頁...
    ✅ [39] 15012000 
    ✅ [39] 20012500 
    ✅ [39] 25013500 
    ✅ [39] 35014500 
    ✅ [39] 59896116 
    ✅ [39] 53666822 
    ✅ [39] 53666822 ALPHARD 2
    ✅ [39] 53666822 ALPHARD 3
    ✅ [39] 53666822 LS500
    ✅ [39] 53666822 RAV4
    ✅ [39] 91045660 STEPWGN 2
    ✅ [39] 62749813 
    ✅ [39] 62749813 
    ✅ [39] 62749813 
    ✅ [39] 62749813 BS363
    ✅ [39] 62749813 
    ✅ [39] 94377771 SPADE 1
    ✅ [39] 98446072 MINI Cooper S F55
    ✅ [39] 67733722 IS300
    ✅ [39] 94377771 ESTIMA ACR50
    ✅ [39] 93058040 MAZDA 6
    ✅ [39] 94377771 
    ✅ [39] 93058040 
    ✅ [39] 93058040 TOURAN 1
  📄 爬取第 173 頁...
    ✅ [39] 15012000 
    ✅ [39] 20012500 
    ✅ [39] 25013500 
    ✅ [39] 35014500 
    ✅ [39] 59896116 
    ✅ [39] 53666822 
    ✅ [39] 53666822 ALPHARD 2
    ✅ [39] 53666822 ALPHARD 3
    ✅ [39] 53666822 LS500
    ✅ [39] 53666822 RAV4
    ✅ [39] 91045660 STEPWGN 2
    ✅ [39] 62749813 
    ✅ [39] 62749813 
    ✅ [39] 62749813 
    ✅ [39] 62749813 BS363
    ✅ [39] 62749813 
    ✅ [39] 94377771 SPADE 1
    ✅ [39] 98446072 MINI Cooper S F55
    ✅ [39] 67733722 IS300
    ✅ [39] 94377771 ESTIMA ACR50
    ✅ [39] 93058040 MAZDA 6
    ✅ [39] 94377771 
    ✅ [39] 93058040 
    ✅ [39] 93058040 TOURAN 1
  📄 爬取第 174 頁...
    ✅ [39] 15012000 
    ✅ [39] 20012500 
    ✅ [39] 25013500 
    ✅ [39] 35014500 
    ✅ [39] 59896116 
    ✅ [39] 53666822 
    ✅ [39] 53666822 ALPHARD 2
    ✅ [39] 53666822 ALPHARD 3
    ✅ [39] 53666822 LS500
    ✅ [39] 53666822 RAV4
    ✅ [39] 91045660 STEPWGN 2
    ✅ [39] 62749813 
    ✅ [39] 62749813 
    ✅ [39] 62749813 
    ✅ [39] 62749813 BS363
    ✅ [39] 62749813 
    ✅ [39] 94377771 SPADE 1
    ✅ [39] 98446072 MINI Cooper S F55
    ✅ [39] 67733722 IS300
    ✅ [39] 94377771 ESTIMA ACR50
    ✅ [39] 93058040 MAZDA 6
    ✅ [39] 94377771 
    ✅ [39] 93058040 
    ✅ [39] 93058040 TOURAN 1
  📄 爬取第 175 頁...
    ✅ [39] 15012000 
    ✅ [39] 20012500 
    ✅ [39] 25013500 
    ✅ [39] 35014500 
    ✅ [39] 59896116 
    ✅ [39] 53666822 
    ✅ [39] 53666822 ALPHARD 2
    ✅ [39] 53666822 ALPHARD 3
    ✅ [39] 53666822 LS500
    ✅ [39] 53666822 RAV4
    ✅ [39] 91045660 STEPWGN 2
    ✅ [39] 62749813 
    ✅ [39] 62749813 
    ✅ [39] 62749813 
    ✅ [39] 62749813 BS363
    ✅ [39] 62749813 
    ✅ [39] 94377771 SPADE 1
    ✅ [39] 98446072 MINI Cooper S F55
    ✅ [39] 67733722 IS300
    ✅ [39] 94377771 ESTIMA ACR50
    ✅ [39] 93058040 MAZDA 6
    ✅ [39] 94377771 
    ✅ [39] 93058040 
    ✅ [39] 93058040 TOURAN 1
  📄 爬取第 176 頁...
    ✅ [39] 15012000 
    ✅ [39] 20012500 
    ✅ [39] 25013500 
    ✅ [39] 35014500 
    ✅ [39] 59896116 
    ✅ [39] 53666822 
    ✅ [39] 53666822 ALPHARD 2
    ✅ [39] 53666822 ALPHARD 3
    ✅ [39] 53666822 LS500
    ✅ [39] 53666822 RAV4
    ✅ [39] 91045660 STEPWGN 2
    ✅ [39] 62749813 
    ✅ [39] 62749813 
    ✅ [39] 62749813 
    ✅ [39] 62749813 BS363
    ✅ [39] 62749813 
    ✅ [39] 94377771 SPADE 1
    ✅ [39] 98446072 MINI Cooper S F55
    ✅ [39] 67733722 IS300
    ✅ [39] 94377771 ESTIMA ACR50
    ✅ [39] 93058040 MAZDA 6
    ✅ [39] 94377771 
    ✅ [39] 93058040 
    ✅ [39] 93058040 TOURAN 1
  📄 爬取第 177 頁...
    ✅ [39] 15012000 
    ✅ [39] 20012500 
    ✅ [39] 25013500 
    ✅ [39] 35014500 
    ✅ [39] 59896116 
    ✅ [39] 53666822 
    ✅ [39] 53666822 ALPHARD 2
    ✅ [39] 53666822 ALPHARD 3
    ✅ [39] 53666822 LS500
    ✅ [39] 53666822 RAV4
    ✅ [39] 91045660 STEPWGN 2
    ✅ [39] 62749813 
    ✅ [39] 62749813 
    ✅ [39] 62749813 
    ✅ [39] 62749813 BS363
    ✅ [39] 62749813 
    ✅ [39] 94377771 SPADE 1
    ✅ [39] 98446072 MINI Cooper S F55
    ✅ [39] 67733722 IS300
    ✅ [39] 94377771 ESTIMA ACR50
    ✅ [39] 93058040 MAZDA 6
    ✅ [39] 94377771 
    ✅ [39] 93058040 
    ✅ [39] 93058040 TOURAN 1
  📄 爬取第 178 頁...
    ✅ [39] 15012000 
    ✅ [39] 20012500 
    ✅ [39] 25013500 
    ✅ [39] 35014500 
    ✅ [39] 59896116 
    ✅ [39] 53666822 
    ✅ [39] 53666822 ALPHARD 2
    ✅ [39] 53666822 ALPHARD 3
    ✅ [39] 53666822 LS500
    ✅ [39] 53666822 RAV4
    ✅ [39] 91045660 STEPWGN 2
    ✅ [39] 62749813 
    ✅ [39] 62749813 
    ✅ [39] 62749813 
    ✅ [39] 62749813 BS363
    ✅ [39] 62749813 
    ✅ [39] 94377771 SPADE 1
    ✅ [39] 98446072 MINI Cooper S F55
    ✅ [39] 67733722 IS300
    ✅ [39] 94377771 ESTIMA ACR50
    ✅ [39] 93058040 MAZDA 6
    ✅ [39] 94377771 
    ✅ [39] 93058040 
    ✅ [39] 93058040 TOURAN 1
  📄 爬取第 179 頁...
    ✅ [39] 15012000 
    ✅ [39] 20012500 
    ✅ [39] 25013500 
    ✅ [39] 35014500 
    ✅ [39] 59896116 
    ✅ [39] 53666822 
    ✅ [39] 53666822 ALPHARD 2
    ✅ [39] 53666822 ALPHARD 3
    ✅ [39] 53666822 LS500
    ✅ [39] 53666822 RAV4
    ✅ [39] 91045660 STEPWGN 2
    ✅ [39] 62749813 
    ✅ [39] 62749813 
    ✅ [39] 62749813 
    ✅ [39] 62749813 BS363
    ✅ [39] 62749813 
    ✅ [39] 94377771 SPADE 1
    ✅ [39] 98446072 MINI Cooper S F55
    ✅ [39] 67733722 IS300
    ✅ [39] 94377771 ESTIMA ACR50
    ✅ [39] 93058040 MAZDA 6
    ✅ [39] 94377771 
    ✅ [39] 93058040 
    ✅ [39] 93058040 TOURAN 1
  📄 爬取第 180 頁...
    ✅ [39] 15012000 
    ✅ [39] 20012500 
    ✅ [39] 25013500 
    ✅ [39] 35014500 
    ✅ [39] 59896116 
    ✅ [39] 53666822 
    ✅ [39] 53666822 ALPHARD 2
    ✅ [39] 53666822 ALPHARD 3
    ✅ [39] 53666822 LS500
    ✅ [39] 53666822 RAV4
    ✅ [39] 91045660 STEPWGN 2
    ✅ [39] 62749813 
    ✅ [39] 62749813 
    ✅ [39] 62749813 
    ✅ [39] 62749813 BS363
    ✅ [39] 62749813 
    ✅ [39] 94377771 SPADE 1
    ✅ [39] 98446072 MINI Cooper S F55
    ✅ [39] 67733722 IS300
    ✅ [39] 94377771 ESTIMA ACR50
    ✅ [39] 93058040 MAZDA 6
    ✅ [39] 94377771 
    ✅ [39] 93058040 
    ✅ [39] 93058040 TOURAN 1
  📄 爬取第 181 頁...
    ✅ [39] 15012000 
    ✅ [39] 20012500 
    ✅ [39] 25013500 
    ✅ [39] 35014500 
    ✅ [40] 67649012 Q3 2
    ✅ [40] 59896116 
    ✅ [40] 53666822 
    ✅ [40] 53666822 ALPHARD 2
    ✅ [40] 53666822 ALPHARD 3
    ✅ [40] 53666822 LS500
    ✅ [40] 53666822 RAV4
    ✅ [40] 91045660 STEPWGN 2
    ✅ [40] 62749813 
    ✅ [40] 62749813 
    ✅ [40] 62749813 
    ✅ [40] 62749813 BS363
    ✅ [40] 62749813 
    ✅ [40] 94377771 SPADE 1
    ✅ [40] 98446072 MINI Cooper S F55
    ✅ [40] 67733722 IS300
    ✅ [40] 94377771 ESTIMA ACR50
    ✅ [40] 93058040 MAZDA 6
    ✅ [40] 94377771 
    ✅ [40] 93058040 
  📄 爬取第 182 頁...
    ✅ [40] 15012000 
    ✅ [40] 20012500 
    ✅ [40] 25013500 
    ✅ [40] 35014500 
    ✅ [40] 67649012 Q3 2
    ✅ [40] 59896116 
    ✅ [40] 53666822 
    ✅ [40] 53666822 ALPHARD 2
    ✅ [40] 53666822 ALPHARD 3
    ✅ [40] 53666822 LS500
    ✅ [40] 53666822 RAV4
    ✅ [40] 91045660 STEPWGN 2
    ✅ [40] 62749813 
    ✅ [40] 62749813 
    ✅ [40] 62749813 
    ✅ [40] 62749813 BS363
    ✅ [40] 62749813 
    ✅ [40] 94377771 SPADE 1
    ✅ [40] 98446072 MINI Cooper S F55
    ✅ [40] 67733722 IS300
    ✅ [40] 94377771 ESTIMA ACR50
    ✅ [40] 93058040 MAZDA 6
    ✅ [40] 94377771 
    ✅ [40] 93058040 
  📄 爬取第 183 頁...
    ✅ [40] 15012000 
    ✅ [40] 20012500 
    ✅ [40] 25013500 
    ✅ [40] 35014500 
    ✅ [40] 67649012 Q3 2
    ✅ [40] 59896116 
    ✅ [40] 53666822 
    ✅ [40] 53666822 ALPHARD 2
    ✅ [40] 53666822 ALPHARD 3
    ✅ [40] 53666822 LS500
    ✅ [40] 53666822 RAV4
    ✅ [40] 91045660 STEPWGN 2
    ✅ [40] 62749813 
    ✅ [40] 62749813 
    ✅ [40] 62749813 
    ✅ [40] 62749813 BS363
    ✅ [40] 62749813 
    ✅ [40] 94377771 SPADE 1
    ✅ [40] 98446072 MINI Cooper S F55
    ✅ [40] 67733722 IS300
    ✅ [40] 94377771 ESTIMA ACR50
    ✅ [40] 93058040 MAZDA 6
    ✅ [40] 94377771 
    ✅ [40] 93058040 
  📄 爬取第 184 頁...
    ✅ [40] 15012000 
    ✅ [40] 20012500 
    ✅ [40] 25013500 
    ✅ [40] 35014500 
    ✅ [40] 67649012 Q3 2
    ✅ [40] 59896116 
    ✅ [40] 53666822 
    ✅ [40] 53666822 ALPHARD 2
    ✅ [40] 53666822 ALPHARD 3
    ✅ [40] 53666822 LS500
    ✅ [40] 53666822 RAV4
    ✅ [40] 91045660 STEPWGN 2
    ✅ [40] 62749813 
    ✅ [40] 62749813 
    ✅ [40] 62749813 
    ✅ [40] 62749813 BS363
    ✅ [40] 62749813 
    ✅ [40] 94377771 SPADE 1
    ✅ [40] 98446072 MINI Cooper S F55
    ✅ [40] 67733722 IS300
    ✅ [40] 94377771 ESTIMA ACR50
    ✅ [40] 93058040 MAZDA 6
    ✅ [40] 94377771 
    ✅ [40] 93058040 
  📄 爬取第 185 頁...
    ✅ [40] 15012000 
    ✅ [40] 20012500 
    ✅ [40] 25013500 
    ✅ [40] 35014500 
    ✅ [40] 67649012 Q3 2
    ✅ [40] 59896116 
    ✅ [40] 53666822 
    ✅ [40] 53666822 ALPHARD 2
    ✅ [40] 53666822 ALPHARD 3
    ✅ [40] 53666822 LS500
    ✅ [40] 53666822 RAV4
    ✅ [40] 91045660 STEPWGN 2
    ✅ [40] 62749813 
    ✅ [40] 62749813 
    ✅ [40] 62749813 
    ✅ [40] 62749813 BS363
    ✅ [40] 62749813 
    ✅ [40] 94377771 SPADE 1
    ✅ [40] 98446072 MINI Cooper S F55
    ✅ [40] 67733722 IS300
    ✅ [40] 94377771 ESTIMA ACR50
    ✅ [40] 93058040 MAZDA 6
    ✅ [40] 94377771 
    ✅ [40] 93058040 
  📄 爬取第 186 頁...
    ✅ [40] 15012000 
    ✅ [40] 20012500 
    ✅ [40] 25013500 
    ✅ [40] 35014500 
    ✅ [40] 67649012 Q3 2
    ✅ [40] 59896116 
    ✅ [40] 53666822 
    ✅ [40] 53666822 ALPHARD 2
    ✅ [40] 53666822 ALPHARD 3
    ✅ [40] 53666822 LS500
    ✅ [40] 53666822 RAV4
    ✅ [40] 91045660 STEPWGN 2
    ✅ [40] 62749813 
    ✅ [40] 62749813 
    ✅ [40] 62749813 
    ✅ [40] 62749813 BS363
    ✅ [40] 62749813 
    ✅ [40] 94377771 SPADE 1
    ✅ [40] 98446072 MINI Cooper S F55
    ✅ [40] 67733722 IS300
    ✅ [40] 94377771 ESTIMA ACR50
    ✅ [40] 93058040 MAZDA 6
    ✅ [40] 94377771 
    ✅ [40] 93058040 
  📄 爬取第 187 頁...
    ✅ [40] 15012000 
    ✅ [40] 20012500 
    ✅ [40] 25013500 
    ✅ [40] 35014500 
    ✅ [40] 67649012 Q3 2
    ✅ [40] 59896116 
    ✅ [40] 53666822 
    ✅ [40] 53666822 ALPHARD 2
    ✅ [40] 53666822 ALPHARD 3
    ✅ [40] 53666822 LS500
    ✅ [40] 53666822 RAV4
    ✅ [40] 91045660 STEPWGN 2
    ✅ [40] 62749813 
    ✅ [40] 62749813 
    ✅ [40] 62749813 
    ✅ [40] 62749813 BS363
    ✅ [40] 62749813 
    ✅ [40] 94377771 SPADE 1
    ✅ [40] 98446072 MINI Cooper S F55
    ✅ [40] 67733722 IS300
    ✅ [40] 94377771 ESTIMA ACR50
    ✅ [40] 93058040 MAZDA 6
    ✅ [40] 94377771 
    ✅ [40] 93058040 
  📄 爬取第 188 頁...
    ✅ [40] 15012000 
    ✅ [40] 20012500 
    ✅ [40] 25013500 
    ✅ [40] 35014500 
    ✅ [40] 67649012 Q3 2
    ✅ [40] 59896116 
    ✅ [40] 53666822 
    ✅ [40] 53666822 ALPHARD 2
    ✅ [40] 53666822 ALPHARD 3
    ✅ [40] 53666822 LS500
    ✅ [40] 53666822 RAV4
    ✅ [40] 91045660 STEPWGN 2
    ✅ [40] 62749813 
    ✅ [40] 62749813 
    ✅ [40] 62749813 
    ✅ [40] 62749813 BS363
    ✅ [40] 62749813 
    ✅ [40] 94377771 SPADE 1
    ✅ [40] 98446072 MINI Cooper S F55
    ✅ [40] 67733722 IS300
    ✅ [40] 94377771 ESTIMA ACR50
    ✅ [40] 93058040 MAZDA 6
    ✅ [40] 94377771 
    ✅ [40] 93058040 
  📄 爬取第 189 頁...
    ✅ [40] 15012000 
    ✅ [40] 20012500 
    ✅ [40] 25013500 
    ✅ [40] 35014500 
    ✅ [40] 67649012 Q3 2
    ✅ [40] 59896116 
    ✅ [40] 53666822 
    ✅ [40] 53666822 ALPHARD 2
    ✅ [40] 53666822 ALPHARD 3
    ✅ [40] 53666822 LS500
    ✅ [40] 53666822 RAV4
    ✅ [40] 91045660 STEPWGN 2
    ✅ [40] 62749813 
    ✅ [40] 62749813 
    ✅ [40] 62749813 
    ✅ [40] 62749813 BS363
    ✅ [40] 62749813 
    ✅ [40] 94377771 SPADE 1
    ✅ [40] 98446072 MINI Cooper S F55
    ✅ [40] 67733722 IS300
    ✅ [40] 94377771 ESTIMA ACR50
    ✅ [40] 93058040 MAZDA 6
    ✅ [40] 94377771 
    ✅ [40] 93058040 
  📄 爬取第 190 頁...
    ✅ [40] 15012000 
    ✅ [40] 20012500 
    ✅ [40] 25013500 
    ✅ [40] 35014500 
    ✅ [40] 67649012 Q3 2
    ✅ [40] 59896116 
    ✅ [40] 53666822 
    ✅ [40] 53666822 ALPHARD 2
    ✅ [40] 53666822 ALPHARD 3
    ✅ [40] 53666822 LS500
    ✅ [40] 53666822 RAV4
    ✅ [40] 91045660 STEPWGN 2
    ✅ [40] 62749813 
    ✅ [40] 62749813 
    ✅ [40] 62749813 
    ✅ [40] 62749813 BS363
    ✅ [40] 62749813 
    ✅ [40] 94377771 SPADE 1
    ✅ [40] 98446072 MINI Cooper S F55
    ✅ [40] 67733722 IS300
    ✅ [40] 94377771 ESTIMA ACR50
    ✅ [40] 93058040 MAZDA 6
    ✅ [40] 94377771 
    ✅ [40] 93058040 
  📄 爬取第 191 頁...
    ✅ [40] 15012000 
    ✅ [40] 20012500 
    ✅ [40] 25013500 
    ✅ [40] 35014500 
    ✅ [40] 67649012 Q3 2
    ✅ [40] 59896116 
    ✅ [40] 53666822 
    ✅ [40] 53666822 ALPHARD 2
    ✅ [40] 53666822 ALPHARD 3
    ✅ [40] 53666822 LS500
    ✅ [40] 53666822 RAV4
    ✅ [40] 91045660 STEPWGN 2
    ✅ [40] 62749813 
    ✅ [40] 62749813 
    ✅ [40] 62749813 
    ✅ [40] 62749813 BS363
    ✅ [40] 62749813 
    ✅ [40] 94377771 SPADE 1
    ✅ [40] 98446072 MINI Cooper S F55
    ✅ [40] 67733722 IS300
    ✅ [40] 94377771 ESTIMA ACR50
    ✅ [40] 93058040 MAZDA 6
    ✅ [40] 94377771 
    ✅ [40] 93058040 
  📄 爬取第 192 頁...
    ✅ [40] 15012000 
    ✅ [40] 20012500 
    ✅ [40] 25013500 
    ✅ [40] 35014500 
    ✅ [41] 96886849 ALPHARD 3
    ✅ [42] 59225189 
    ✅ [43] 66809160 
    ✅ [43] 96886849 
    ✅ [43] 59225189 
    ✅ [43] 96886849 
    ✅ [43] 96886849 
    ✅ [44] 68277964 STAVIC S1
    ✅ [44] 67649012 Q3 2
    ✅ [44] 59896116 
    ✅ [44] 53666822 
    ✅ [44] 53666822 ALPHARD 2
    ✅ [44] 53666822 ALPHARD 3
    ✅ [44] 53666822 LS500
    ✅ [44] 53666822 RAV4
    ✅ [44] 91045660 STEPWGN 2
    ✅ [44] 62749813 
    ✅ [44] 62749813 
    ✅ [44] 62749813 
    ✅ [44] 62749813 BS363
  📄 爬取第 193 頁...
    ✅ [44] 15012000 
    ✅ [44] 20012500 
    ✅ [44] 25013500 
    ✅ [44] 35014500 
    ✅ [44] 96886849 ALPHARD 3
    ✅ [44] 59225189 
    ✅ [44] 66809160 
    ✅ [44] 96886849 
    ✅ [44] 59225189 
    ✅ [44] 96886849 
    ✅ [44] 96886849 
    ✅ [44] 68277964 STAVIC S1
    ✅ [44] 67649012 Q3 2
    ✅ [44] 59896116 
    ✅ [44] 53666822 
    ✅ [44] 53666822 ALPHARD 2
    ✅ [44] 53666822 ALPHARD 3
    ✅ [44] 53666822 LS500
    ✅ [44] 53666822 RAV4
    ✅ [44] 91045660 STEPWGN 2
    ✅ [44] 62749813 
    ✅ [44] 62749813 
    ✅ [44] 62749813 
    ✅ [44] 62749813 BS363
  📄 爬取第 194 頁...
    ✅ [44] 15012000 
    ✅ [44] 20012500 
    ✅ [44] 25013500 
    ✅ [44] 35014500 
    ✅ [44] 96886849 ALPHARD 3
    ✅ [44] 59225189 
    ✅ [44] 66809160 
    ✅ [44] 96886849 
    ✅ [44] 59225189 
    ✅ [44] 96886849 
    ✅ [44] 96886849 
    ✅ [44] 68277964 STAVIC S1
    ✅ [44] 67649012 Q3 2
    ✅ [44] 59896116 
    ✅ [44] 53666822 
    ✅ [44] 53666822 ALPHARD 2
    ✅ [44] 53666822 ALPHARD 3
    ✅ [44] 53666822 LS500
    ✅ [44] 53666822 RAV4
    ✅ [44] 91045660 STEPWGN 2
    ✅ [44] 62749813 
    ✅ [44] 62749813 
    ✅ [44] 62749813 
    ✅ [44] 62749813 BS363
  📄 爬取第 195 頁...
    ✅ [44] 15012000 
    ✅ [44] 20012500 
    ✅ [44] 25013500 
    ✅ [44] 35014500 
    ✅ [44] 96886849 ALPHARD 3
    ✅ [44] 59225189 
    ✅ [44] 66809160 
    ✅ [44] 96886849 
    ✅ [44] 59225189 
    ✅ [44] 96886849 
    ✅ [44] 96886849 
    ✅ [44] 68277964 STAVIC S1
    ✅ [44] 67649012 Q3 2
    ✅ [44] 59896116 
    ✅ [44] 53666822 
    ✅ [44] 53666822 ALPHARD 2
    ✅ [44] 53666822 ALPHARD 3
    ✅ [44] 53666822 LS500
    ✅ [44] 53666822 RAV4
    ✅ [44] 91045660 STEPWGN 2
    ✅ [44] 62749813 
    ✅ [44] 62749813 
    ✅ [44] 62749813 
    ✅ [44] 62749813 BS363
  📄 爬取第 196 頁...
    ✅ [44] 15012000 
    ✅ [44] 20012500 
    ✅ [44] 25013500 
    ✅ [44] 35014500 
    ✅ [44] 96886849 ALPHARD 3
    ✅ [44] 59225189 
    ✅ [44] 66809160 
    ✅ [44] 96886849 
    ✅ [44] 59225189 
    ✅ [44] 96886849 
    ✅ [44] 96886849 
    ✅ [44] 68277964 STAVIC S1
    ✅ [44] 67649012 Q3 2
    ✅ [44] 59896116 
    ✅ [44] 53666822 
    ✅ [44] 53666822 ALPHARD 2
    ✅ [44] 53666822 ALPHARD 3
    ✅ [44] 53666822 LS500
    ✅ [44] 53666822 RAV4
    ✅ [44] 91045660 STEPWGN 2
    ✅ [44] 62749813 
    ✅ [44] 62749813 
    ✅ [44] 62749813 
    ✅ [44] 62749813 BS363
  📄 爬取第 197 頁...
    ✅ [44] 15012000 
    ✅ [44] 20012500 
    ✅ [44] 25013500 
    ✅ [44] 35014500 
    ✅ [44] 96886849 ALPHARD 3
    ✅ [44] 59225189 
    ✅ [44] 66809160 
    ✅ [44] 96886849 
    ✅ [44] 59225189 
    ✅ [44] 96886849 
    ✅ [44] 96886849 
    ✅ [44] 68277964 STAVIC S1
    ✅ [44] 67649012 Q3 2
    ✅ [44] 59896116 
    ✅ [44] 53666822 
    ✅ [44] 53666822 ALPHARD 2
    ✅ [44] 53666822 ALPHARD 3
    ✅ [44] 53666822 LS500
    ✅ [44] 53666822 RAV4
    ✅ [44] 91045660 STEPWGN 2
    ✅ [44] 62749813 
    ✅ [44] 62749813 
    ✅ [44] 62749813 
    ✅ [44] 62749813 BS363
  📄 爬取第 198 頁...
    ✅ [44] 15012000 
    ✅ [44] 20012500 
    ✅ [44] 25013500 
    ✅ [44] 35014500 
    ✅ [44] 96886849 ALPHARD 3
    ✅ [44] 59225189 
    ✅ [44] 66809160 
    ✅ [44] 96886849 
    ✅ [44] 59225189 
    ✅ [44] 96886849 
    ✅ [44] 96886849 
    ✅ [44] 68277964 STAVIC S1
    ✅ [44] 67649012 Q3 2
    ✅ [44] 59896116 
    ✅ [44] 53666822 
    ✅ [44] 53666822 ALPHARD 2
    ✅ [44] 53666822 ALPHARD 3
    ✅ [44] 53666822 LS500
    ✅ [44] 53666822 RAV4
    ✅ [44] 91045660 STEPWGN 2
    ✅ [44] 62749813 
    ✅ [44] 62749813 
    ✅ [44] 62749813 
    ✅ [44] 62749813 BS363
  📄 爬取第 199 頁...
    ✅ [44] 15012000 
    ✅ [44] 20012500 
    ✅ [44] 25013500 
    ✅ [44] 35014500 
    ✅ [44] 96886849 ALPHARD 3
    ✅ [44] 59225189 
    ✅ [44] 66809160 
    ✅ [44] 96886849 
    ✅ [44] 59225189 
    ✅ [44] 96886849 
    ✅ [44] 96886849 
    ✅ [44] 68277964 STAVIC S1
    ✅ [44] 67649012 Q3 2
    ✅ [44] 59896116 
    ✅ [44] 53666822 
    ✅ [44] 53666822 ALPHARD 2
    ✅ [44] 53666822 ALPHARD 3
    ✅ [44] 53666822 LS500
    ✅ [44] 53666822 RAV4
    ✅ [44] 91045660 STEPWGN 2
    ✅ [44] 62749813 
    ✅ [44] 62749813 
    ✅ [44] 62749813 
    ✅ [44] 62749813 BS363
  📄 爬取第 200 頁...
    ✅ [44] 15012000 
    ✅ [44] 20012500 
    ✅ [44] 25013500 
    ✅ [44] 35014500 
    ✅ [44] 96886849 ALPHARD 3
    ✅ [44] 59225189 
    ✅ [44] 66809160 
    ✅ [44] 96886849 
    ✅ [44] 59225189 
    ✅ [44] 96886849 
    ✅ [44] 96886849 
    ✅ [44] 68277964 STAVIC S1
    ✅ [44] 67649012 Q3 2
    ✅ [44] 59896116 
    ✅ [44] 53666822 
    ✅ [44] 53666822 ALPHARD 2
    ✅ [44] 53666822 ALPHARD 3
    ✅ [44] 53666822 LS500
    ✅ [44] 53666822 RAV4
    ✅ [44] 91045660 STEPWGN 2
    ✅ [44] 62749813 
    ✅ [44] 62749813 
    ✅ [44] 62749813 
    ✅ [44] 62749813 BS363
  📄 爬取第 201 頁...
    ✅ [44] 15012000 
    ✅ [44] 20012500 
    ✅ [44] 25013500 
    ✅ [44] 35014500 
    ✅ [44] 96886849 ALPHARD 3
    ✅ [44] 59225189 
    ✅ [44] 66809160 
    ✅ [44] 96886849 
    ✅ [44] 59225189 
    ✅ [44] 96886849 
    ✅ [44] 96886849 
    ✅ [44] 68277964 STAVIC S1
    ✅ [44] 67649012 Q3 2
    ✅ [44] 59896116 
    ✅ [44] 53666822 
    ✅ [44] 53666822 ALPHARD 2
    ✅ [44] 53666822 ALPHARD 3
    ✅ [44] 53666822 LS500
    ✅ [44] 53666822 RAV4
    ✅ [44] 91045660 STEPWGN 2
    ✅ [44] 62749813 
    ✅ [44] 62749813 
    ✅ [44] 62749813 
    ✅ [44] 62749813 BS363
  📄 爬取第 202 頁...
    ✅ [44] 15012000 
    ✅ [44] 20012500 
    ✅ [44] 25013500 
    ✅ [44] 35014500 
    ✅ [44] 96886849 ALPHARD 3
    ✅ [44] 59225189 
    ✅ [44] 66809160 
    ✅ [44] 96886849 
    ✅ [44] 59225189 
    ✅ [44] 96886849 
    ✅ [44] 96886849 
    ✅ [44] 68277964 STAVIC S1
    ✅ [44] 67649012 Q3 2
    ✅ [44] 59896116 
    ✅ [44] 53666822 
    ✅ [44] 53666822 ALPHARD 2
    ✅ [44] 53666822 ALPHARD 3
    ✅ [44] 53666822 LS500
    ✅ [44] 53666822 RAV4
    ✅ [44] 91045660 STEPWGN 2
    ✅ [44] 62749813 
    ✅ [44] 62749813 
    ✅ [44] 62749813 
    ✅ [44] 62749813 BS363
  📄 爬取第 203 頁...
    ✅ [44] 15012000 
    ✅ [44] 20012500 
    ✅ [44] 25013500 
    ✅ [44] 35014500 
    ✅ [44] 96886849 ALPHARD 3
    ✅ [44] 59225189 
    ✅ [44] 66809160 
    ✅ [44] 96886849 
    ✅ [44] 59225189 
    ✅ [44] 96886849 
    ✅ [44] 96886849 
    ✅ [44] 68277964 STAVIC S1
    ✅ [44] 67649012 Q3 2
    ✅ [44] 59896116 
    ✅ [44] 53666822 
    ✅ [44] 53666822 ALPHARD 2
    ✅ [44] 53666822 ALPHARD 3
    ✅ [44] 53666822 LS500
    ✅ [44] 53666822 RAV4
    ✅ [44] 91045660 STEPWGN 2
    ✅ [44] 62749813 
    ✅ [44] 62749813 
    ✅ [44] 62749813 
    ✅ [44] 62749813 BS363
  📄 爬取第 204 頁...
    ✅ [44] 15012000 
    ✅ [44] 20012500 
    ✅ [44] 25013500 
    ✅ [44] 35014500 
    ✅ [44] 96886849 
    ✅ [44] 96886849 ALPHARD 3
    ✅ [44] 96886849 S500
    ✅ [45] 68399914 
    ✅ [45] 96886849 MUSTANGE 5
    ✅ [45] 96886849 ALPHARD 2
    ✅ [46] 62062950 
    ✅ [46] 62062950 
    ✅ [46] 96886849 GTR R35
    ✅ [46] 96886849 ALPHARD 3
    ✅ [46] 59225189 
    ✅ [46] 66809160 
    ✅ [46] 96886849 
    ✅ [46] 59225189 
    ✅ [46] 96886849 
    ✅ [46] 96886849 
    ✅ [46] 68277964 STAVIC S1
    ✅ [46] 67649012 Q3 2
    ✅ [46] 59896116 
    ✅ [46] 53666822 
  📄 爬取第 205 頁...
    ✅ [46] 15012000 
    ✅ [46] 20012500 
    ✅ [46] 25013500 
    ✅ [46] 35014500 
    ✅ [46] 96886849 
    ✅ [46] 96886849 ALPHARD 3
    ✅ [46] 96886849 S500
    ✅ [46] 68399914 
    ✅ [46] 96886849 MUSTANGE 5
    ✅ [46] 96886849 ALPHARD 2
    ✅ [46] 62062950 
    ✅ [46] 62062950 
    ✅ [46] 96886849 GTR R35
    ✅ [46] 96886849 ALPHARD 3
    ✅ [46] 59225189 
    ✅ [46] 66809160 
    ✅ [46] 96886849 
    ✅ [46] 59225189 
    ✅ [46] 96886849 
    ✅ [46] 96886849 
    ✅ [46] 68277964 STAVIC S1
    ✅ [46] 67649012 Q3 2
    ✅ [46] 59896116 
    ✅ [46] 53666822 
  📄 爬取第 206 頁...
    ✅ [46] 15012000 
    ✅ [46] 20012500 
    ✅ [46] 25013500 
    ✅ [46] 35014500 
    ✅ [46] 96886849 
    ✅ [46] 96886849 ALPHARD 3
    ✅ [46] 96886849 S500
    ✅ [46] 68399914 
    ✅ [46] 96886849 MUSTANGE 5
    ✅ [46] 96886849 ALPHARD 2
    ✅ [46] 62062950 
    ✅ [46] 62062950 
    ✅ [46] 96886849 GTR R35
    ✅ [46] 96886849 ALPHARD 3
    ✅ [46] 59225189 
    ✅ [46] 66809160 
    ✅ [46] 96886849 
    ✅ [46] 59225189 
    ✅ [46] 96886849 
    ✅ [46] 96886849 
    ✅ [46] 68277964 STAVIC S1
    ✅ [46] 67649012 Q3 2
    ✅ [46] 59896116 
    ✅ [46] 53666822 
  📄 爬取第 207 頁...
    ✅ [46] 15012000 
    ✅ [46] 20012500 
    ✅ [46] 25013500 
    ✅ [46] 35014500 
    ✅ [46] 96886849 
    ✅ [46] 96886849 ALPHARD 3
    ✅ [46] 96886849 S500
    ✅ [46] 68399914 
    ✅ [46] 96886849 MUSTANGE 5
    ✅ [46] 96886849 ALPHARD 2
    ✅ [46] 62062950 
    ✅ [46] 62062950 
    ✅ [46] 96886849 GTR R35
    ✅ [46] 96886849 ALPHARD 3
    ✅ [46] 59225189 
    ✅ [46] 66809160 
    ✅ [46] 96886849 
    ✅ [46] 59225189 
    ✅ [46] 96886849 
    ✅ [46] 96886849 
    ✅ [46] 68277964 STAVIC S1
    ✅ [46] 67649012 Q3 2
    ✅ [46] 59896116 
    ✅ [46] 53666822 
  📄 爬取第 208 頁...
    ✅ [46] 15012000 
    ✅ [46] 20012500 
    ✅ [46] 25013500 
    ✅ [46] 35014500 
    ✅ [46] 96886849 
    ✅ [46] 96886849 ALPHARD 3
    ✅ [46] 96886849 S500
    ✅ [46] 68399914 
    ✅ [46] 96886849 MUSTANGE 5
    ✅ [46] 96886849 ALPHARD 2
    ✅ [46] 62062950 
    ✅ [46] 62062950 
    ✅ [46] 96886849 GTR R35
    ✅ [46] 96886849 ALPHARD 3
    ✅ [46] 59225189 
    ✅ [46] 66809160 
    ✅ [46] 96886849 
    ✅ [46] 59225189 
    ✅ [46] 96886849 
    ✅ [46] 96886849 
    ✅ [46] 68277964 STAVIC S1
    ✅ [46] 67649012 Q3 2
    ✅ [46] 59896116 
    ✅ [46] 53666822 
  📄 爬取第 209 頁...
    ✅ [46] 15012000 
    ✅ [46] 20012500 
    ✅ [46] 25013500 
    ✅ [46] 35014500 
    ✅ [46] 96886849 
    ✅ [46] 96886849 ALPHARD 3
    ✅ [46] 96886849 S500
    ✅ [46] 68399914 
    ✅ [46] 96886849 MUSTANGE 5
    ✅ [46] 96886849 ALPHARD 2
    ✅ [46] 62062950 
    ✅ [46] 62062950 
    ✅ [46] 96886849 GTR R35
    ✅ [46] 96886849 ALPHARD 3
    ✅ [46] 59225189 
    ✅ [46] 66809160 
    ✅ [46] 96886849 
    ✅ [46] 59225189 
    ✅ [46] 96886849 
    ✅ [46] 96886849 
    ✅ [46] 68277964 STAVIC S1
    ✅ [46] 67649012 Q3 2
    ✅ [46] 59896116 
    ✅ [46] 53666822 
  📄 爬取第 210 頁...
    ✅ [46] 15012000 
    ✅ [46] 20012500 
    ✅ [46] 25013500 
    ✅ [46] 35014500 
    ✅ [46] 96886849 
    ✅ [46] 96886849 ALPHARD 3
    ✅ [46] 96886849 S500
    ✅ [46] 68399914 
    ✅ [46] 96886849 MUSTANGE 5
    ✅ [46] 96886849 ALPHARD 2
    ✅ [46] 62062950 
    ✅ [46] 62062950 
    ✅ [46] 96886849 GTR R35
    ✅ [46] 96886849 ALPHARD 3
    ✅ [46] 59225189 
    ✅ [46] 66809160 
    ✅ [46] 96886849 
    ✅ [46] 59225189 
    ✅ [46] 96886849 
    ✅ [46] 96886849 
    ✅ [46] 68277964 STAVIC S1
    ✅ [46] 67649012 Q3 2
    ✅ [46] 59896116 
    ✅ [46] 53666822 
  📄 爬取第 211 頁...
    ✅ [46] 15012000 
    ✅ [46] 20012500 
    ✅ [46] 25013500 
    ✅ [46] 35014500 
    ✅ [46] 96886849 
    ✅ [46] 96886849 ALPHARD 3
    ✅ [46] 96886849 S500
    ✅ [46] 68399914 
    ✅ [46] 96886849 MUSTANGE 5
    ✅ [46] 96886849 ALPHARD 2
    ✅ [46] 62062950 
    ✅ [46] 62062950 
    ✅ [46] 96886849 GTR R35
    ✅ [46] 96886849 ALPHARD 3
    ✅ [46] 59225189 
    ✅ [46] 66809160 
    ✅ [46] 96886849 
    ✅ [46] 59225189 
    ✅ [46] 96886849 
    ✅ [46] 96886849 
    ✅ [46] 68277964 STAVIC S1
    ✅ [46] 67649012 Q3 2
    ✅ [46] 59896116 
    ✅ [46] 53666822 
  📄 爬取第 212 頁...
    ✅ [46] 15012000 
    ✅ [46] 20012500 
    ✅ [46] 25013500 
    ✅ [46] 35014500 
    ✅ [46] 96886849 
    ✅ [46] 96886849 ALPHARD 3
    ✅ [46] 96886849 S500
    ✅ [46] 68399914 
    ✅ [46] 96886849 MUSTANGE 5
    ✅ [46] 96886849 ALPHARD 2
    ✅ [46] 62062950 
    ✅ [46] 62062950 
    ✅ [46] 96886849 GTR R35
    ✅ [46] 96886849 ALPHARD 3
    ✅ [46] 59225189 
    ✅ [46] 66809160 
    ✅ [46] 96886849 
    ✅ [46] 59225189 
    ✅ [46] 96886849 
    ✅ [46] 96886849 
    ✅ [46] 68277964 STAVIC S1
    ✅ [46] 67649012 Q3 2
    ✅ [46] 59896116 
    ✅ [46] 53666822 
  📄 爬取第 213 頁...
    ✅ [46] 15012000 
    ✅ [46] 20012500 
    ✅ [46] 25013500 
    ✅ [46] 35014500 
    ✅ [46] 96886849 
    ✅ [46] 96886849 ALPHARD 3
    ✅ [46] 96886849 S500
    ✅ [46] 68399914 
    ✅ [46] 96886849 MUSTANGE 5
    ✅ [46] 96886849 ALPHARD 2
    ✅ [46] 62062950 
    ✅ [46] 62062950 
    ✅ [46] 96886849 GTR R35
    ✅ [46] 96886849 ALPHARD 3
    ✅ [46] 59225189 
    ✅ [46] 66809160 
    ✅ [46] 96886849 
    ✅ [46] 59225189 
    ✅ [46] 96886849 
    ✅ [46] 96886849 
    ✅ [46] 68277964 STAVIC S1
    ✅ [46] 67649012 Q3 2
    ✅ [46] 59896116 
    ✅ [46] 53666822 
  📄 爬取第 214 頁...
    ✅ [46] 15012000 
    ✅ [46] 20012500 
    ✅ [46] 25013500 
    ✅ [46] 35014500 
    ✅ [46] 96886849 
    ✅ [46] 96886849 ALPHARD 3
    ✅ [46] 96886849 S500
    ✅ [46] 68399914 
    ✅ [46] 96886849 MUSTANGE 5
    ✅ [46] 96886849 ALPHARD 2
    ✅ [46] 62062950 
    ✅ [46] 62062950 
    ✅ [46] 96886849 GTR R35
    ✅ [46] 96886849 ALPHARD 3
    ✅ [46] 59225189 
    ✅ [46] 66809160 
    ✅ [46] 96886849 
    ✅ [46] 59225189 
    ✅ [46] 96886849 
    ✅ [46] 96886849 
    ✅ [46] 68277964 STAVIC S1
    ✅ [46] 67649012 Q3 2
    ✅ [46] 59896116 
    ✅ [46] 53666822 
  📄 爬取第 215 頁...
    ✅ [46] 15012000 
    ✅ [46] 20012500 
    ✅ [46] 25013500 
    ✅ [46] 35014500 
    ✅ [47] 96430308 
    ✅ [47] 96886849 X3 XDRIVE30
    ✅ [48] 59888288 
    ✅ [48] 96886849 ALPHARD 3
    ✅ [48] 96886849 MODEL X 90
    ✅ [48] 96886849 DEFENDER 110 P400
    ✅ [49] 65111616 
    ✅ [49] 96886849 
    ✅ [49] 96886849 
    ✅ [49] 96886849 ALPHARD 3
    ✅ [49] 96886849 S500
    ✅ [49] 68399914 
    ✅ [49] 96886849 MUSTANGE 5
    ✅ [49] 96886849 ALPHARD 2
    ✅ [49] 62062950 
    ✅ [49] 62062950 
    ✅ [49] 96886849 GTR R35
    ✅ [49] 96886849 ALPHARD 3
    ✅ [49] 59225189 
  📄 爬取第 216 頁...
    ✅ [49] 15012000 
    ✅ [49] 20012500 
    ✅ [49] 25013500 
    ✅ [49] 35014500 
    ✅ [49] 96430308 
    ✅ [49] 96886849 X3 XDRIVE30
    ✅ [49] 59888288 
    ✅ [49] 96886849 ALPHARD 3
    ✅ [49] 96886849 MODEL X 90
    ✅ [49] 96886849 DEFENDER 110 P400
    ✅ [49] 65111616 
    ✅ [49] 96886849 
    ✅ [49] 96886849 
    ✅ [49] 96886849 ALPHARD 3
    ✅ [49] 96886849 S500
    ✅ [49] 68399914 
    ✅ [49] 96886849 MUSTANGE 5
    ✅ [49] 96886849 ALPHARD 2
    ✅ [49] 62062950 
    ✅ [49] 62062950 
    ✅ [49] 96886849 GTR R35
    ✅ [49] 96886849 ALPHARD 3
    ✅ [49] 59225189 
  📄 爬取第 217 頁...
    ✅ [49] 15012000 
    ✅ [49] 20012500 
    ✅ [49] 25013500 
    ✅ [49] 35014500 
    ✅ [49] 96430308 
    ✅ [49] 96886849 X3 XDRIVE30
    ✅ [49] 59888288 
    ✅ [49] 96886849 ALPHARD 3
    ✅ [49] 96886849 MODEL X 90
    ✅ [49] 96886849 DEFENDER 110 P400
    ✅ [49] 65111616 
    ✅ [49] 96886849 
    ✅ [49] 96886849 
    ✅ [49] 96886849 ALPHARD 3
    ✅ [49] 96886849 S500
    ✅ [49] 68399914 
    ✅ [49] 96886849 MUSTANGE 5
    ✅ [49] 96886849 ALPHARD 2
    ✅ [49] 62062950 
    ✅ [49] 62062950 
    ✅ [49] 96886849 GTR R35
    ✅ [49] 96886849 ALPHARD 3
    ✅ [49] 59225189 
  📄 爬取第 218 頁...
    ✅ [49] 15012000 
    ✅ [49] 20012500 
    ✅ [49] 25013500 
    ✅ [49] 35014500 
    ✅ [49] 96430308 
    ✅ [49] 96886849 X3 XDRIVE30
    ✅ [49] 59888288 
    ✅ [49] 96886849 ALPHARD 3
    ✅ [49] 96886849 MODEL X 90
    ✅ [49] 96886849 DEFENDER 110 P400
    ✅ [49] 65111616 
    ✅ [49] 96886849 
    ✅ [49] 96886849 
    ✅ [49] 96886849 ALPHARD 3
    ✅ [49] 96886849 S500
    ✅ [49] 68399914 
    ✅ [49] 96886849 MUSTANGE 5
    ✅ [49] 96886849 ALPHARD 2
    ✅ [49] 62062950 
    ✅ [49] 62062950 
    ✅ [49] 96886849 GTR R35
    ✅ [49] 96886849 ALPHARD 3
    ✅ [49] 59225189 
  📄 爬取第 219 頁...
    ✅ [49] 15012000 
    ✅ [49] 20012500 
    ✅ [49] 25013500 
    ✅ [49] 35014500 
    ✅ [49] 96430308 
    ✅ [49] 96886849 X3 XDRIVE30
    ✅ [49] 59888288 
    ✅ [49] 96886849 ALPHARD 3
    ✅ [49] 96886849 MODEL X 90
    ✅ [49] 96886849 DEFENDER 110 P400
    ✅ [49] 65111616 
    ✅ [49] 96886849 
    ✅ [49] 96886849 
    ✅ [49] 96886849 ALPHARD 3
    ✅ [49] 96886849 S500
    ✅ [49] 68399914 
    ✅ [49] 96886849 MUSTANGE 5
    ✅ [49] 96886849 ALPHARD 2
    ✅ [49] 62062950 
    ✅ [49] 62062950 
    ✅ [49] 96886849 GTR R35
    ✅ [49] 96886849 ALPHARD 3
    ✅ [49] 59225189 
  📄 爬取第 220 頁...
    ✅ [49] 15012000 
    ✅ [49] 20012500 
    ✅ [49] 25013500 
    ✅ [49] 35014500 
    ✅ [49] 96430308 
    ✅ [49] 96886849 X3 XDRIVE30
    ✅ [49] 59888288 
    ✅ [49] 96886849 ALPHARD 3
    ✅ [49] 96886849 MODEL X 90
    ✅ [49] 96886849 DEFENDER 110 P400
    ✅ [49] 65111616 
    ✅ [49] 96886849 
    ✅ [49] 96886849 
    ✅ [49] 96886849 ALPHARD 3
    ✅ [49] 96886849 S500
    ✅ [49] 68399914 
    ✅ [49] 96886849 MUSTANGE 5
    ✅ [49] 96886849 ALPHARD 2
    ✅ [49] 62062950 
    ✅ [49] 62062950 
    ✅ [49] 96886849 GTR R35
    ✅ [49] 96886849 ALPHARD 3
    ✅ [49] 59225189 
  📄 爬取第 221 頁...
    ✅ [49] 15012000 
    ✅ [49] 20012500 
    ✅ [49] 25013500 
    ✅ [49] 35014500 
    ✅ [49] 96430308 
    ✅ [49] 96886849 X3 XDRIVE30
    ✅ [49] 59888288 
    ✅ [49] 96886849 ALPHARD 3
    ✅ [49] 96886849 MODEL X 90
    ✅ [49] 96886849 DEFENDER 110 P400
    ✅ [49] 65111616 
    ✅ [49] 96886849 
    ✅ [49] 96886849 
    ✅ [49] 96886849 ALPHARD 3
    ✅ [49] 96886849 S500
    ✅ [49] 68399914 
    ✅ [49] 96886849 MUSTANGE 5
    ✅ [49] 96886849 ALPHARD 2
    ✅ [49] 62062950 
    ✅ [49] 62062950 
    ✅ [49] 96886849 GTR R35
    ✅ [49] 96886849 ALPHARD 3
    ✅ [49] 59225189 
  📄 爬取第 222 頁...
    ✅ [49] 15012000 
    ✅ [49] 20012500 
    ✅ [49] 25013500 
    ✅ [49] 35014500 
    ✅ [49] 96430308 
    ✅ [49] 96886849 X3 XDRIVE30
    ✅ [49] 59888288 
    ✅ [49] 96886849 ALPHARD 3
    ✅ [49] 96886849 MODEL X 90
    ✅ [49] 96886849 DEFENDER 110 P400
    ✅ [49] 65111616 
    ✅ [49] 96886849 
    ✅ [49] 96886849 
    ✅ [49] 96886849 ALPHARD 3
    ✅ [49] 96886849 S500
    ✅ [49] 68399914 
    ✅ [49] 96886849 MUSTANGE 5
    ✅ [49] 96886849 ALPHARD 2
    ✅ [49] 62062950 
    ✅ [49] 62062950 
    ✅ [49] 96886849 GTR R35
    ✅ [49] 96886849 ALPHARD 3
    ✅ [49] 59225189 
  📄 爬取第 223 頁...
    ✅ [49] 15012000 
    ✅ [49] 20012500 
    ✅ [49] 25013500 
    ✅ [49] 35014500 
    ✅ [49] 96430308 
    ✅ [49] 96886849 X3 XDRIVE30
    ✅ [49] 59888288 
    ✅ [49] 96886849 ALPHARD 3
    ✅ [49] 96886849 MODEL X 90
    ✅ [49] 96886849 DEFENDER 110 P400
    ✅ [49] 65111616 
    ✅ [49] 96886849 
    ✅ [49] 96886849 
    ✅ [49] 96886849 ALPHARD 3
    ✅ [49] 96886849 S500
    ✅ [49] 68399914 
    ✅ [49] 96886849 MUSTANGE 5
    ✅ [49] 96886849 ALPHARD 2
    ✅ [49] 62062950 
    ✅ [49] 62062950 
    ✅ [49] 96886849 GTR R35
    ✅ [49] 96886849 ALPHARD 3
    ✅ [49] 59225189 
  📄 爬取第 224 頁...
    ✅ [49] 15012000 
    ✅ [49] 20012500 
    ✅ [49] 25013500 
    ✅ [49] 35014500 
    ✅ [49] 96430308 
    ✅ [49] 96886849 X3 XDRIVE30
    ✅ [49] 59888288 
    ✅ [49] 96886849 ALPHARD 3
    ✅ [49] 96886849 MODEL X 90
    ✅ [49] 96886849 DEFENDER 110 P400
    ✅ [49] 65111616 
    ✅ [49] 96886849 
    ✅ [49] 96886849 
    ✅ [49] 96886849 ALPHARD 3
    ✅ [49] 96886849 S500
    ✅ [49] 68399914 
    ✅ [49] 96886849 MUSTANGE 5
    ✅ [49] 96886849 ALPHARD 2
    ✅ [49] 62062950 
    ✅ [49] 62062950 
    ✅ [49] 96886849 GTR R35
    ✅ [49] 96886849 ALPHARD 3
    ✅ [49] 59225189 
  📄 爬取第 225 頁...
    ✅ [49] 15012000 
    ✅ [49] 20012500 
    ✅ [49] 25013500 
    ✅ [49] 35014500 
    ✅ [49] 96430308 
    ✅ [49] 96886849 X3 XDRIVE30
    ✅ [49] 59888288 
    ✅ [49] 96886849 ALPHARD 3
    ✅ [49] 96886849 MODEL X 90
    ✅ [49] 96886849 DEFENDER 110 P400
    ✅ [49] 65111616 
    ✅ [49] 96886849 
    ✅ [49] 96886849 
    ✅ [49] 96886849 ALPHARD 3
    ✅ [49] 96886849 S500
    ✅ [49] 68399914 
    ✅ [49] 96886849 MUSTANGE 5
    ✅ [49] 96886849 ALPHARD 2
    ✅ [49] 62062950 
    ✅ [49] 62062950 
    ✅ [49] 96886849 GTR R35
    ✅ [49] 96886849 ALPHARD 3
    ✅ [49] 59225189 
  📄 爬取第 226 頁...
    ✅ [49] 15012000 
    ✅ [49] 20012500 
    ✅ [49] 25013500 
    ✅ [49] 35014500 
    ✅ [49] 96430308 
    ✅ [49] 96886849 X3 XDRIVE30
    ✅ [49] 59888288 
    ✅ [49] 96886849 ALPHARD 3
    ✅ [49] 96886849 MODEL X 90
    ✅ [49] 96886849 DEFENDER 110 P400
    ✅ [49] 65111616 
    ✅ [49] 96886849 
    ✅ [49] 96886849 
    ✅ [49] 96886849 ALPHARD 3
    ✅ [49] 96886849 S500
    ✅ [49] 68399914 
    ✅ [49] 96886849 MUSTANGE 5
    ✅ [49] 96886849 ALPHARD 2
    ✅ [49] 62062950 
    ✅ [49] 62062950 
    ✅ [49] 96886849 GTR R35
    ✅ [49] 96886849 ALPHARD 3
    ✅ [49] 59225189 
  📄 爬取第 227 頁...
    ✅ [49] 15012000 
    ✅ [49] 20012500 
    ✅ [49] 25013500 
    ✅ [49] 35014500 
    ✅ [50] 69903248 ALPHARD 3
    ✅ [51] 98587474 HIACE 300
    ✅ [52] 93612617 
    ✅ [52] 69903248 CLA 45
    ✅ [52] 96886849 GLC250 4
    ✅ [53] 91686180 H1 EURO 5
    ✅ [53] 69903248 ALPHARD 3
    ✅ [53] 96886849 
    ✅ [53] 96886849 FLYING SPUR V8 4
    ✅ [53] 96886849 
    ✅ [53] 96430308 Q2 35
    ✅ [53] 96886849 
    ✅ [53] 96430308 
    ✅ [53] 96886849 X3 XDRIVE30
    ✅ [53] 59888288 
    ✅ [53] 96886849 ALPHARD 3
    ✅ [53] 96886849 MODEL X 90
    ✅ [53] 96886849 DEFENDER 110 P400
    ✅ [53] 65111616 
  📄 爬取第 228 頁...
    ✅ [53] 15012000 
    ✅ [53] 20012500 
    ✅ [53] 25013500 
    ✅ [53] 35014500 
    ✅ [53] 69903248 ALPHARD 3
    ✅ [53] 98587474 HIACE 300
    ✅ [53] 93612617 
    ✅ [53] 69903248 CLA 45
    ✅ [53] 96886849 GLC250 4
    ✅ [53] 91686180 H1 EURO 5
    ✅ [53] 69903248 ALPHARD 3
    ✅ [53] 96886849 
    ✅ [53] 96886849 FLYING SPUR V8 4
    ✅ [53] 96886849 
    ✅ [53] 96430308 Q2 35
    ✅ [53] 96886849 
    ✅ [53] 96430308 
    ✅ [53] 96886849 X3 XDRIVE30
    ✅ [53] 59888288 
    ✅ [53] 96886849 ALPHARD 3
    ✅ [53] 96886849 MODEL X 90
    ✅ [53] 96886849 DEFENDER 110 P400
    ✅ [53] 65111616 
  📄 爬取第 229 頁...
    ✅ [53] 15012000 
    ✅ [53] 20012500 
    ✅ [53] 25013500 
    ✅ [53] 35014500 
    ✅ [53] 69903248 ALPHARD 3
    ✅ [53] 98587474 HIACE 300
    ✅ [53] 93612617 
    ✅ [53] 69903248 CLA 45
    ✅ [53] 96886849 GLC250 4
    ✅ [53] 91686180 H1 EURO 5
    ✅ [53] 69903248 ALPHARD 3
    ✅ [53] 96886849 
    ✅ [53] 96886849 FLYING SPUR V8 4
    ✅ [53] 96886849 
    ✅ [53] 96430308 Q2 35
    ✅ [53] 96886849 
    ✅ [53] 96430308 
    ✅ [53] 96886849 X3 XDRIVE30
    ✅ [53] 59888288 
    ✅ [53] 96886849 ALPHARD 3
    ✅ [53] 96886849 MODEL X 90
    ✅ [53] 96886849 DEFENDER 110 P400
    ✅ [53] 65111616 
  📄 爬取第 230 頁...
    ✅ [53] 15012000 
    ✅ [53] 20012500 
    ✅ [53] 25013500 
    ✅ [53] 35014500 
    ✅ [53] 69903248 ALPHARD 3
    ✅ [53] 98587474 HIACE 300
    ✅ [53] 93612617 
    ✅ [53] 69903248 CLA 45
    ✅ [53] 96886849 GLC250 4
    ✅ [53] 91686180 H1 EURO 5
    ✅ [53] 69903248 ALPHARD 3
    ✅ [53] 96886849 
    ✅ [53] 96886849 FLYING SPUR V8 4
    ✅ [53] 96886849 
    ✅ [53] 96430308 Q2 35
    ✅ [53] 96886849 
    ✅ [53] 96430308 
    ✅ [53] 96886849 X3 XDRIVE30
    ✅ [53] 59888288 
    ✅ [53] 96886849 ALPHARD 3
    ✅ [53] 96886849 MODEL X 90
    ✅ [53] 96886849 DEFENDER 110 P400
    ✅ [53] 65111616 
  📄 爬取第 231 頁...
    ✅ [53] 15012000 
    ✅ [53] 20012500 
    ✅ [53] 25013500 
    ✅ [53] 35014500 
    ✅ [53] 69903248 ALPHARD 3
    ✅ [53] 98587474 HIACE 300
    ✅ [53] 93612617 
    ✅ [53] 69903248 CLA 45
    ✅ [53] 96886849 GLC250 4
    ✅ [53] 91686180 H1 EURO 5
    ✅ [53] 69903248 ALPHARD 3
    ✅ [53] 96886849 
    ✅ [53] 96886849 FLYING SPUR V8 4
    ✅ [53] 96886849 
    ✅ [53] 96430308 Q2 35
    ✅ [53] 96886849 
    ✅ [53] 96430308 
    ✅ [53] 96886849 X3 XDRIVE30
    ✅ [53] 59888288 
    ✅ [53] 96886849 ALPHARD 3
    ✅ [53] 96886849 MODEL X 90
    ✅ [53] 96886849 DEFENDER 110 P400
    ✅ [53] 65111616 
  📄 爬取第 232 頁...
    ✅ [53] 15012000 
    ✅ [53] 20012500 
    ✅ [53] 25013500 
    ✅ [53] 35014500 
    ✅ [53] 69903248 ALPHARD 3
    ✅ [53] 98587474 HIACE 300
    ✅ [53] 93612617 
    ✅ [53] 69903248 CLA 45
    ✅ [53] 96886849 GLC250 4
    ✅ [53] 91686180 H1 EURO 5
    ✅ [53] 69903248 ALPHARD 3
    ✅ [53] 96886849 
    ✅ [53] 96886849 FLYING SPUR V8 4
    ✅ [53] 96886849 
    ✅ [53] 96430308 Q2 35
    ✅ [53] 96886849 
    ✅ [53] 96430308 
    ✅ [53] 96886849 X3 XDRIVE30
    ✅ [53] 59888288 
    ✅ [53] 96886849 ALPHARD 3
    ✅ [53] 96886849 MODEL X 90
    ✅ [53] 96886849 DEFENDER 110 P400
    ✅ [53] 65111616 
  📄 爬取第 233 頁...
    ✅ [53] 15012000 
    ✅ [53] 20012500 
    ✅ [53] 25013500 
    ✅ [53] 35014500 
    ✅ [53] 69903248 ALPHARD 3
    ✅ [53] 98587474 HIACE 300
    ✅ [53] 93612617 
    ✅ [53] 69903248 CLA 45
    ✅ [53] 96886849 GLC250 4
    ✅ [53] 91686180 H1 EURO 5
    ✅ [53] 69903248 ALPHARD 3
    ✅ [53] 96886849 
    ✅ [53] 96886849 FLYING SPUR V8 4
    ✅ [53] 96886849 
    ✅ [53] 96430308 Q2 35
    ✅ [53] 96886849 
    ✅ [53] 96430308 
    ✅ [53] 96886849 X3 XDRIVE30
    ✅ [53] 59888288 
    ✅ [53] 96886849 ALPHARD 3
    ✅ [53] 96886849 MODEL X 90
    ✅ [53] 96886849 DEFENDER 110 P400
    ✅ [53] 65111616 
  📄 爬取第 234 頁...
    ✅ [53] 15012000 
    ✅ [53] 20012500 
    ✅ [53] 25013500 
    ✅ [53] 35014500 
    ✅ [53] 69903248 ALPHARD 3
    ✅ [53] 98587474 HIACE 300
    ✅ [53] 93612617 
    ✅ [53] 69903248 CLA 45
    ✅ [53] 96886849 GLC250 4
    ✅ [53] 91686180 H1 EURO 5
    ✅ [53] 69903248 ALPHARD 3
    ✅ [53] 96886849 
    ✅ [53] 96886849 FLYING SPUR V8 4
    ✅ [53] 96886849 
    ✅ [53] 96430308 Q2 35
    ✅ [53] 96886849 
    ✅ [53] 96430308 
    ✅ [53] 96886849 X3 XDRIVE30
    ✅ [53] 59888288 
    ✅ [53] 96886849 ALPHARD 3
    ✅ [53] 96886849 MODEL X 90
    ✅ [53] 96886849 DEFENDER 110 P400
    ✅ [53] 65111616 
  📄 爬取第 235 頁...
    ✅ [53] 15012000 
    ✅ [53] 20012500 
    ✅ [53] 25013500 
    ✅ [53] 35014500 
    ✅ [53] 69903248 ALPHARD 3
    ✅ [53] 98587474 HIACE 300
    ✅ [53] 93612617 
    ✅ [53] 69903248 CLA 45
    ✅ [53] 96886849 GLC250 4
    ✅ [53] 91686180 H1 EURO 5
    ✅ [53] 69903248 ALPHARD 3
    ✅ [53] 96886849 
    ✅ [53] 96886849 FLYING SPUR V8 4
    ✅ [53] 96886849 
    ✅ [53] 96430308 Q2 35
    ✅ [53] 96886849 
    ✅ [53] 96430308 
    ✅ [53] 96886849 X3 XDRIVE30
    ✅ [53] 59888288 
    ✅ [53] 96886849 ALPHARD 3
    ✅ [53] 96886849 MODEL X 90
    ✅ [53] 96886849 DEFENDER 110 P400
    ✅ [53] 65111616 
  📄 爬取第 236 頁...
    ✅ [53] 15012000 
    ✅ [53] 20012500 
    ✅ [53] 25013500 
    ✅ [53] 35014500 
    ✅ [53] 69903248 ALPHARD 3
    ✅ [53] 98587474 HIACE 300
    ✅ [53] 93612617 
    ✅ [53] 69903248 CLA 45
    ✅ [53] 96886849 GLC250 4
    ✅ [53] 91686180 H1 EURO 5
    ✅ [53] 69903248 ALPHARD 3
    ✅ [53] 96886849 
    ✅ [53] 96886849 FLYING SPUR V8 4
    ✅ [53] 96886849 
    ✅ [53] 96430308 Q2 35
    ✅ [53] 96886849 
    ✅ [53] 96430308 
    ✅ [53] 96886849 X3 XDRIVE30
    ✅ [53] 59888288 
    ✅ [53] 96886849 ALPHARD 3
    ✅ [53] 96886849 MODEL X 90
    ✅ [53] 96886849 DEFENDER 110 P400
    ✅ [53] 65111616 
  📄 爬取第 237 頁...
    ✅ [53] 15012000 
    ✅ [53] 20012500 
    ✅ [53] 25013500 
    ✅ [53] 35014500 
    ✅ [53] 69903248 ALPHARD 3
    ✅ [53] 98587474 HIACE 300
    ✅ [53] 93612617 
    ✅ [53] 69903248 CLA 45
    ✅ [53] 96886849 GLC250 4
    ✅ [53] 91686180 H1 EURO 5
    ✅ [53] 69903248 ALPHARD 3
    ✅ [53] 96886849 
    ✅ [53] 96886849 FLYING SPUR V8 4
    ✅ [53] 96886849 
    ✅ [53] 96430308 Q2 35
    ✅ [53] 96886849 
    ✅ [53] 96430308 
    ✅ [53] 96886849 X3 XDRIVE30
    ✅ [53] 59888288 
    ✅ [53] 96886849 ALPHARD 3
    ✅ [53] 96886849 MODEL X 90
    ✅ [53] 96886849 DEFENDER 110 P400
    ✅ [53] 65111616 
  📄 爬取第 238 頁...
    ✅ [53] 15012000 
    ✅ [53] 20012500 
    ✅ [53] 25013500 
    ✅ [53] 35014500 
    ✅ [53] 69903248 
    ✅ [53] 69903248 
    ✅ [53] 69903248 ALPHARD 3
    ✅ [53] 98587474 HIACE 300
    ✅ [53] 93612617 
    ✅ [53] 69903248 CLA 45
    ✅ [53] 96886849 GLC250 4
    ✅ [53] 91686180 H1 EURO 5
    ✅ [53] 69903248 ALPHARD 3
    ✅ [53] 96886849 
    ✅ [53] 96886849 FLYING SPUR V8 4
    ✅ [53] 96886849 
    ✅ [53] 96430308 Q2 35
    ✅ [53] 96886849 
    ✅ [53] 96430308 
    ✅ [53] 96886849 X3 XDRIVE30
    ✅ [53] 59888288 
    ✅ [53] 96886849 ALPHARD 3
    ✅ [53] 96886849 MODEL X 90
  📄 爬取第 239 頁...
    ✅ [53] 15012000 
    ✅ [53] 20012500 
    ✅ [53] 25013500 
    ✅ [53] 35014500 
    ✅ [53] 69903248 
    ✅ [53] 69903248 
    ✅ [53] 69903248 ALPHARD 3
    ✅ [53] 98587474 HIACE 300
    ✅ [53] 93612617 
    ✅ [53] 69903248 CLA 45
    ✅ [53] 96886849 GLC250 4
    ✅ [53] 91686180 H1 EURO 5
    ✅ [53] 69903248 ALPHARD 3
    ✅ [53] 96886849 
    ✅ [53] 96886849 FLYING SPUR V8 4
    ✅ [53] 96886849 
    ✅ [53] 96430308 Q2 35
    ✅ [53] 96886849 
    ✅ [53] 96430308 
    ✅ [53] 96886849 X3 XDRIVE30
    ✅ [53] 59888288 
    ✅ [53] 96886849 ALPHARD 3
    ✅ [53] 96886849 MODEL X 90
  📄 爬取第 240 頁...
    ✅ [53] 15012000 
    ✅ [53] 20012500 
    ✅ [53] 25013500 
    ✅ [53] 35014500 
    ✅ [53] 69903248 
    ✅ [53] 69903248 
    ✅ [53] 69903248 ALPHARD 3
    ✅ [53] 98587474 HIACE 300
    ✅ [53] 93612617 
    ✅ [53] 69903248 CLA 45
    ✅ [53] 96886849 GLC250 4
    ✅ [53] 91686180 H1 EURO 5
    ✅ [53] 69903248 ALPHARD 3
    ✅ [53] 96886849 
    ✅ [53] 96886849 FLYING SPUR V8 4
    ✅ [53] 96886849 
    ✅ [53] 96430308 Q2 35
    ✅ [53] 96886849 
    ✅ [53] 96430308 
    ✅ [53] 96886849 X3 XDRIVE30
    ✅ [53] 59888288 
    ✅ [53] 96886849 ALPHARD 3
    ✅ [53] 96886849 MODEL X 90
  📄 爬取第 241 頁...
    ✅ [53] 15012000 
    ✅ [53] 20012500 
    ✅ [53] 25013500 
    ✅ [53] 35014500 
    ✅ [53] 69903248 
    ✅ [53] 69903248 
    ✅ [53] 69903248 ALPHARD 3
    ✅ [53] 98587474 HIACE 300
    ✅ [53] 93612617 
    ✅ [53] 69903248 CLA 45
    ✅ [53] 96886849 GLC250 4
    ✅ [53] 91686180 H1 EURO 5
    ✅ [53] 69903248 ALPHARD 3
    ✅ [53] 96886849 
    ✅ [53] 96886849 FLYING SPUR V8 4
    ✅ [53] 96886849 
    ✅ [53] 96430308 Q2 35
    ✅ [53] 96886849 
    ✅ [53] 96430308 
    ✅ [53] 96886849 X3 XDRIVE30
    ✅ [53] 59888288 
    ✅ [53] 96886849 ALPHARD 3
    ✅ [53] 96886849 MODEL X 90
  📄 爬取第 242 頁...
    ✅ [53] 15012000 
    ✅ [53] 20012500 
    ✅ [53] 25013500 
    ✅ [53] 35014500 
    ✅ [53] 69903248 
    ✅ [53] 69903248 
    ✅ [53] 69903248 ALPHARD 3
    ✅ [53] 98587474 HIACE 300
    ✅ [53] 93612617 
    ✅ [53] 69903248 CLA 45
    ✅ [53] 96886849 GLC250 4
    ✅ [53] 91686180 H1 EURO 5
    ✅ [53] 69903248 ALPHARD 3
    ✅ [53] 96886849 
    ✅ [53] 96886849 FLYING SPUR V8 4
    ✅ [53] 96886849 
    ✅ [53] 96430308 Q2 35
    ✅ [53] 96886849 
    ✅ [53] 96430308 
    ✅ [53] 96886849 X3 XDRIVE30
    ✅ [53] 59888288 
    ✅ [53] 96886849 ALPHARD 3
    ✅ [53] 96886849 MODEL X 90
  📄 爬取第 243 頁...
    ✅ [53] 15012000 
    ✅ [53] 20012500 
    ✅ [53] 25013500 
    ✅ [53] 35014500 
    ✅ [53] 69903248 
    ✅ [53] 69903248 
    ✅ [53] 69903248 ALPHARD 3
    ✅ [53] 98587474 HIACE 300
    ✅ [53] 93612617 
    ✅ [53] 69903248 CLA 45
    ✅ [53] 96886849 GLC250 4
    ✅ [53] 91686180 H1 EURO 5
    ✅ [53] 69903248 ALPHARD 3
    ✅ [53] 96886849 
    ✅ [53] 96886849 FLYING SPUR V8 4
    ✅ [53] 96886849 
    ✅ [53] 96430308 Q2 35
    ✅ [53] 96886849 
    ✅ [53] 96430308 
    ✅ [53] 96886849 X3 XDRIVE30
    ✅ [53] 59888288 
    ✅ [53] 96886849 ALPHARD 3
    ✅ [53] 96886849 MODEL X 90
  📄 爬取第 244 頁...
    ✅ [53] 15012000 
    ✅ [53] 20012500 
    ✅ [53] 25013500 
    ✅ [53] 35014500 
    ✅ [53] 69903248 
    ✅ [53] 69903248 
    ✅ [53] 69903248 ALPHARD 3
    ✅ [53] 98587474 HIACE 300
    ✅ [53] 93612617 
    ✅ [53] 69903248 CLA 45
    ✅ [53] 96886849 GLC250 4
    ✅ [53] 91686180 H1 EURO 5
    ✅ [53] 69903248 ALPHARD 3
    ✅ [53] 96886849 
    ✅ [53] 96886849 FLYING SPUR V8 4
    ✅ [53] 96886849 
    ✅ [53] 96430308 Q2 35
    ✅ [53] 96886849 
    ✅ [53] 96430308 
    ✅ [53] 96886849 X3 XDRIVE30
    ✅ [53] 59888288 
    ✅ [53] 96886849 ALPHARD 3
    ✅ [53] 96886849 MODEL X 90
  📄 爬取第 245 頁...
    ✅ [53] 15012000 
    ✅ [53] 20012500 
    ✅ [53] 25013500 
    ✅ [53] 35014500 
    ✅ [53] 69903248 
    ✅ [53] 69903248 
    ✅ [53] 69903248 ALPHARD 3
    ✅ [53] 98587474 HIACE 300
    ✅ [53] 93612617 
    ✅ [53] 69903248 CLA 45
    ✅ [53] 96886849 GLC250 4
    ✅ [53] 91686180 H1 EURO 5
    ✅ [53] 69903248 ALPHARD 3
    ✅ [53] 96886849 
    ✅ [53] 96886849 FLYING SPUR V8 4
    ✅ [53] 96886849 
    ✅ [53] 96430308 Q2 35
    ✅ [53] 96886849 
    ✅ [53] 96430308 
    ✅ [53] 96886849 X3 XDRIVE30
    ✅ [53] 59888288 
    ✅ [53] 96886849 ALPHARD 3
    ✅ [53] 96886849 MODEL X 90
  📄 爬取第 246 頁...
    ✅ [53] 15012000 
    ✅ [53] 20012500 
    ✅ [53] 25013500 
    ✅ [53] 35014500 
    ✅ [53] 69903248 
    ✅ [53] 69903248 
    ✅ [53] 69903248 ALPHARD 3
    ✅ [53] 98587474 HIACE 300
    ✅ [53] 93612617 
    ✅ [53] 69903248 CLA 45
    ✅ [53] 96886849 GLC250 4
    ✅ [53] 91686180 H1 EURO 5
    ✅ [53] 69903248 ALPHARD 3
    ✅ [53] 96886849 
    ✅ [53] 96886849 FLYING SPUR V8 4
    ✅ [53] 96886849 
    ✅ [53] 96430308 Q2 35
    ✅ [53] 96886849 
    ✅ [53] 96430308 
    ✅ [53] 96886849 X3 XDRIVE30
    ✅ [53] 59888288 
    ✅ [53] 96886849 ALPHARD 3
    ✅ [53] 96886849 MODEL X 90
  📄 爬取第 247 頁...
    ✅ [53] 15012000 
    ✅ [53] 20012500 
    ✅ [53] 25013500 
    ✅ [53] 35014500 
    ✅ [53] 69903248 
    ✅ [53] 69903248 
    ✅ [53] 69903248 ALPHARD 3
    ✅ [53] 98587474 HIACE 300
    ✅ [53] 93612617 
    ✅ [53] 69903248 CLA 45
    ✅ [53] 96886849 GLC250 4
    ✅ [53] 91686180 H1 EURO 5
    ✅ [53] 69903248 ALPHARD 3
    ✅ [53] 96886849 
    ✅ [53] 96886849 FLYING SPUR V8 4
    ✅ [53] 96886849 
    ✅ [53] 96430308 Q2 35
    ✅ [53] 96886849 
    ✅ [53] 96430308 
    ✅ [53] 96886849 X3 XDRIVE30
    ✅ [53] 59888288 
    ✅ [53] 96886849 ALPHARD 3
    ✅ [53] 96886849 MODEL X 90
  📄 爬取第 248 頁...
    ✅ [53] 15012000 
    ✅ [53] 20012500 
    ✅ [53] 25013500 
    ✅ [53] 35014500 
    ✅ [53] 69903248 
    ✅ [53] 69903248 
    ✅ [53] 69903248 ALPHARD 3
    ✅ [53] 98587474 HIACE 300
    ✅ [53] 93612617 
    ✅ [53] 69903248 CLA 45
    ✅ [53] 96886849 GLC250 4
    ✅ [53] 91686180 H1 EURO 5
    ✅ [53] 69903248 ALPHARD 3
    ✅ [53] 96886849 
    ✅ [53] 96886849 FLYING SPUR V8 4
    ✅ [53] 96886849 
    ✅ [53] 96430308 Q2 35
    ✅ [53] 96886849 
    ✅ [53] 96430308 
    ✅ [53] 96886849 X3 XDRIVE30
    ✅ [53] 59888288 
    ✅ [53] 96886849 ALPHARD 3
    ✅ [53] 96886849 MODEL X 90
  📄 爬取第 249 頁...
    ✅ [53] 15012000 
    ✅ [53] 20012500 
    ✅ [53] 25013500 
    ✅ [53] 35014500 
    ✅ [53] 69903248 
    ✅ [53] 69903248 
    ✅ [53] 69903248 ALPHARD 3
    ✅ [53] 98587474 HIACE 300
    ✅ [53] 93612617 
    ✅ [53] 69903248 CLA 45
    ✅ [53] 96886849 GLC250 4
    ✅ [53] 91686180 H1 EURO 5
    ✅ [53] 69903248 ALPHARD 3
    ✅ [53] 96886849 
    ✅ [53] 96886849 FLYING SPUR V8 4
    ✅ [53] 96886849 
    ✅ [53] 96430308 Q2 35
    ✅ [53] 96886849 
    ✅ [53] 96430308 
    ✅ [53] 96886849 X3 XDRIVE30
    ✅ [53] 59888288 
    ✅ [53] 96886849 ALPHARD 3
    ✅ [53] 96886849 MODEL X 90
  📄 爬取第 250 頁...
    ✅ [53] 15012000 
    ✅ [53] 20012500 
    ✅ [53] 25013500 
    ✅ [53] 35014500 
    ✅ [53] 69903248 
    ✅ [53] 69903248 
    ✅ [53] 69903248 ALPHARD 3
    ✅ [53] 98587474 HIACE 300
    ✅ [53] 93612617 
    ✅ [53] 69903248 CLA 45
    ✅ [53] 96886849 GLC250 4
    ✅ [53] 91686180 H1 EURO 5
    ✅ [53] 69903248 ALPHARD 3
    ✅ [53] 96886849 
    ✅ [53] 96886849 FLYING SPUR V8 4
    ✅ [53] 96886849 
    ✅ [53] 96430308 Q2 35
    ✅ [53] 96886849 
    ✅ [53] 96430308 
    ✅ [53] 96886849 X3 XDRIVE30
    ✅ [53] 59888288 
  📄 爬取第 251 頁...
    ✅ [53] 15012000 
    ✅ [53] 20012500 
    ✅ [53] 25013500 
    ✅ [53] 35014500 
    ✅ [53] 69903248 
    ✅ [53] 69903248 
    ✅ [53] 69903248 ALPHARD 3
    ✅ [53] 98587474 HIACE 300
    ✅ [53] 93612617 
    ✅ [53] 69903248 CLA 45
    ✅ [53] 96886849 GLC250 4
    ✅ [53] 91686180 H1 EURO 5
    ✅ [53] 69903248 ALPHARD 3
    ✅ [53] 96886849 
    ✅ [53] 96886849 FLYING SPUR V8 4
    ✅ [53] 96886849 
    ✅ [53] 96430308 Q2 35
    ✅ [53] 96886849 
    ✅ [53] 96430308 
    ✅ [53] 96886849 X3 XDRIVE30
    ✅ [53] 59888288 
  📄 爬取第 252 頁...
    ✅ [53] 15012000 
    ✅ [53] 20012500 
    ✅ [53] 25013500 
    ✅ [53] 35014500 
    ✅ [53] 69903248 
    ✅ [53] 69903248 
    ✅ [53] 69903248 ALPHARD 3
    ✅ [53] 98587474 HIACE 300
    ✅ [53] 93612617 
    ✅ [53] 69903248 CLA 45
    ✅ [53] 96886849 GLC250 4
    ✅ [53] 91686180 H1 EURO 5
    ✅ [53] 69903248 ALPHARD 3
    ✅ [53] 96886849 
    ✅ [53] 96886849 FLYING SPUR V8 4
    ✅ [53] 96886849 
    ✅ [53] 96430308 Q2 35
    ✅ [53] 96886849 
    ✅ [53] 96430308 
    ✅ [53] 96886849 X3 XDRIVE30
    ✅ [53] 59888288 
  📄 爬取第 253 頁...
    ✅ [53] 15012000 
    ✅ [53] 20012500 
    ✅ [53] 25013500 
    ✅ [53] 35014500 
    ✅ [53] 69903248 
    ✅ [53] 69903248 
    ✅ [53] 69903248 ALPHARD 3
    ✅ [53] 98587474 HIACE 300
    ✅ [53] 93612617 
    ✅ [53] 69903248 CLA 45
    ✅ [53] 96886849 GLC250 4
    ✅ [53] 91686180 H1 EURO 5
    ✅ [53] 69903248 ALPHARD 3
    ✅ [53] 96886849 
    ✅ [53] 96886849 FLYING SPUR V8 4
    ✅ [53] 96886849 
    ✅ [53] 96430308 Q2 35
    ✅ [53] 96886849 
    ✅ [53] 96430308 
    ✅ [53] 96886849 X3 XDRIVE30
    ✅ [53] 59888288 
  📄 爬取第 254 頁...
    ✅ [53] 15012000 
    ✅ [53] 20012500 
    ✅ [53] 25013500 
    ✅ [53] 35014500 
    ✅ [53] 69903248 
    ✅ [53] 69903248 
    ✅ [53] 69903248 ALPHARD 3
    ✅ [53] 98587474 HIACE 300
    ✅ [53] 93612617 
    ✅ [53] 69903248 CLA 45
    ✅ [53] 96886849 GLC250 4
    ✅ [53] 91686180 H1 EURO 5
    ✅ [53] 69903248 ALPHARD 3
    ✅ [53] 96886849 
    ✅ [53] 96886849 FLYING SPUR V8 4
    ✅ [53] 96886849 
    ✅ [53] 96430308 Q2 35
    ✅ [53] 96886849 
    ✅ [53] 96430308 
    ✅ [53] 96886849 X3 XDRIVE30
    ✅ [53] 59888288 
  📄 爬取第 255 頁...
    ✅ [53] 15012000 
    ✅ [53] 20012500 
    ✅ [53] 25013500 
    ✅ [53] 35014500 
    ✅ [53] 69903248 
    ✅ [53] 69903248 
    ✅ [53] 69903248 ALPHARD 3
    ✅ [53] 98587474 HIACE 300
    ✅ [53] 93612617 
    ✅ [53] 69903248 CLA 45
    ✅ [53] 96886849 GLC250 4
    ✅ [53] 91686180 H1 EURO 5
    ✅ [53] 69903248 ALPHARD 3
    ✅ [53] 96886849 
    ✅ [53] 96886849 FLYING SPUR V8 4
    ✅ [53] 96886849 
    ✅ [53] 96430308 Q2 35
    ✅ [53] 96886849 
    ✅ [53] 96430308 
    ✅ [53] 96886849 X3 XDRIVE30
    ✅ [53] 59888288 
  📄 爬取第 256 頁...
    ✅ [53] 15012000 
    ✅ [53] 20012500 
    ✅ [53] 25013500 
    ✅ [53] 35014500 
    ✅ [53] 69903248 
    ✅ [53] 69903248 
    ✅ [53] 69903248 ALPHARD 3
    ✅ [53] 98587474 HIACE 300
    ✅ [53] 93612617 
    ✅ [53] 69903248 CLA 45
    ✅ [53] 96886849 GLC250 4
    ✅ [53] 91686180 H1 EURO 5
    ✅ [53] 69903248 ALPHARD 3
    ✅ [53] 96886849 
    ✅ [53] 96886849 FLYING SPUR V8 4
    ✅ [53] 96886849 
    ✅ [53] 96430308 Q2 35
    ✅ [53] 96886849 
    ✅ [53] 96430308 
    ✅ [53] 96886849 X3 XDRIVE30
    ✅ [53] 59888288 
  📄 爬取第 257 頁...
    ✅ [53] 15012000 
    ✅ [53] 20012500 
    ✅ [53] 25013500 
    ✅ [53] 35014500 
    ✅ [53] 69903248 
    ✅ [53] 69903248 
    ✅ [53] 69903248 ALPHARD 3
    ✅ [53] 98587474 HIACE 300
    ✅ [53] 93612617 
    ✅ [53] 69903248 CLA 45
    ✅ [53] 96886849 GLC250 4
    ✅ [53] 91686180 H1 EURO 5
    ✅ [53] 69903248 ALPHARD 3
    ✅ [53] 96886849 
    ✅ [53] 96886849 FLYING SPUR V8 4
    ✅ [53] 96886849 
    ✅ [53] 96430308 Q2 35
    ✅ [53] 96886849 
    ✅ [53] 96430308 
    ✅ [53] 96886849 X3 XDRIVE30
    ✅ [53] 59888288 
  📄 爬取第 258 頁...
    ✅ [53] 15012000 
    ✅ [53] 20012500 
    ✅ [53] 25013500 
    ✅ [53] 35014500 
    ✅ [53] 69903248 
    ✅ [53] 69903248 
    ✅ [53] 69903248 ALPHARD 3
    ✅ [53] 98587474 HIACE 300
    ✅ [53] 93612617 
    ✅ [53] 69903248 CLA 45
    ✅ [53] 96886849 GLC250 4
    ✅ [53] 91686180 H1 EURO 5
    ✅ [53] 69903248 ALPHARD 3
    ✅ [53] 96886849 
    ✅ [53] 96886849 FLYING SPUR V8 4
    ✅ [53] 96886849 
    ✅ [53] 96430308 Q2 35
    ✅ [53] 96886849 
    ✅ [53] 96430308 
    ✅ [53] 96886849 X3 XDRIVE30
    ✅ [53] 59888288 
  📄 爬取第 259 頁...
    ✅ [53] 15012000 
    ✅ [53] 20012500 
    ✅ [53] 25013500 
    ✅ [53] 35014500 
    ✅ [53] 69903248 
    ✅ [53] 69903248 
    ✅ [53] 69903248 ALPHARD 3
    ✅ [53] 98587474 HIACE 300
    ✅ [53] 93612617 
    ✅ [53] 69903248 CLA 45
    ✅ [53] 96886849 GLC250 4
    ✅ [53] 91686180 H1 EURO 5
    ✅ [53] 69903248 ALPHARD 3
    ✅ [53] 96886849 
    ✅ [53] 96886849 FLYING SPUR V8 4
    ✅ [53] 96886849 
    ✅ [53] 96430308 Q2 35
    ✅ [53] 96886849 
    ✅ [53] 96430308 
    ✅ [53] 96886849 X3 XDRIVE30
    ✅ [53] 59888288 
  📄 爬取第 260 頁...
    ✅ [53] 15012000 
    ✅ [53] 20012500 
    ✅ [53] 25013500 
    ✅ [53] 35014500 
    ✅ [53] 69903248 
    ✅ [53] 69903248 
    ✅ [53] 69903248 ALPHARD 3
    ✅ [53] 98587474 HIACE 300
    ✅ [53] 93612617 
    ✅ [53] 69903248 CLA 45
    ✅ [53] 96886849 GLC250 4
    ✅ [53] 91686180 H1 EURO 5
    ✅ [53] 69903248 ALPHARD 3
    ✅ [53] 96886849 
    ✅ [53] 96886849 FLYING SPUR V8 4
    ✅ [53] 96886849 
    ✅ [53] 96430308 Q2 35
    ✅ [53] 96886849 
    ✅ [53] 96430308 
    ✅ [53] 96886849 X3 XDRIVE30
    ✅ [53] 59888288 
  📄 爬取第 261 頁...
    ✅ [53] 15012000 
    ✅ [53] 20012500 
    ✅ [53] 25013500 
    ✅ [53] 35014500 
    ✅ [53] 69903248 
    ✅ [53] 69903248 
    ✅ [53] 69903248 ALPHARD 3
    ✅ [53] 98587474 HIACE 300
    ✅ [53] 93612617 
    ✅ [53] 69903248 CLA 45
    ✅ [53] 96886849 GLC250 4
    ✅ [53] 91686180 H1 EURO 5
    ✅ [53] 69903248 ALPHARD 3
    ✅ [53] 96886849 
    ✅ [53] 96886849 FLYING SPUR V8 4
    ✅ [53] 96886849 
    ✅ [53] 96430308 Q2 35
    ✅ [53] 96886849 
    ✅ [53] 96430308 
    ✅ [53] 96886849 X3 XDRIVE30
    ✅ [53] 59888288 
  📄 爬取第 262 頁...
    ✅ [53] 15012000 
    ✅ [53] 20012500 
    ✅ [53] 25013500 
    ✅ [53] 35014500 
    ✅ [54] 67467995 VELLFIRE 2
    ✅ [55] 59337158 
    ✅ [56] 69922781 VELLFIRE 2
    ✅ [56] 69922781 VELLFIRE 2
    ✅ [56] 69903248 
    ✅ [56] 69903248 
    ✅ [56] 69903248 ALPHARD 3
    ✅ [56] 98587474 HIACE 300
    ✅ [56] 93612617 
    ✅ [56] 69903248 CLA 45
    ✅ [56] 96886849 GLC250 4
    ✅ [56] 91686180 H1 EURO 5
    ✅ [56] 69903248 ALPHARD 3
    ✅ [56] 96886849 
    ✅ [56] 96886849 FLYING SPUR V8 4
    ✅ [56] 96886849 
  📄 爬取第 263 頁...
    ✅ [56] 15012000 
    ✅ [56] 20012500 
    ✅ [56] 25013500 
    ✅ [56] 35014500 
    ✅ [56] 67467995 VELLFIRE 2
    ✅ [56] 59337158 
    ✅ [56] 69922781 VELLFIRE 2
    ✅ [56] 69922781 VELLFIRE 2
    ✅ [56] 69903248 
    ✅ [56] 69903248 
    ✅ [56] 69903248 ALPHARD 3
    ✅ [56] 98587474 HIACE 300
    ✅ [56] 93612617 
    ✅ [56] 69903248 CLA 45
    ✅ [56] 96886849 GLC250 4
    ✅ [56] 91686180 H1 EURO 5
    ✅ [56] 69903248 ALPHARD 3
    ✅ [56] 96886849 
    ✅ [56] 96886849 FLYING SPUR V8 4
    ✅ [56] 96886849 
  📄 爬取第 264 頁...
    ✅ [56] 15012000 
    ✅ [56] 20012500 
    ✅ [56] 25013500 
    ✅ [56] 35014500 
    ✅ [56] 67467995 VELLFIRE 2
    ✅ [56] 59337158 
    ✅ [56] 69922781 VELLFIRE 2
    ✅ [56] 69922781 VELLFIRE 2
    ✅ [56] 69903248 
    ✅ [56] 69903248 
    ✅ [56] 69903248 ALPHARD 3
    ✅ [56] 98587474 HIACE 300
    ✅ [56] 93612617 
    ✅ [56] 69903248 CLA 45
    ✅ [56] 96886849 GLC250 4
    ✅ [56] 91686180 H1 EURO 5
    ✅ [56] 69903248 ALPHARD 3
    ✅ [56] 96886849 
    ✅ [56] 96886849 FLYING SPUR V8 4
    ✅ [56] 96886849 
  📄 爬取第 265 頁...
    ✅ [56] 15012000 
    ✅ [56] 20012500 
    ✅ [56] 25013500 
    ✅ [56] 35014500 
    ✅ [56] 67467995 VELLFIRE 2
    ✅ [56] 59337158 
    ✅ [56] 69922781 VELLFIRE 2
    ✅ [56] 69922781 VELLFIRE 2
    ✅ [56] 69903248 
    ✅ [56] 69903248 
    ✅ [56] 69903248 ALPHARD 3
    ✅ [56] 98587474 HIACE 300
    ✅ [56] 93612617 
    ✅ [56] 69903248 CLA 45
    ✅ [56] 96886849 GLC250 4
    ✅ [56] 91686180 H1 EURO 5
    ✅ [56] 69903248 ALPHARD 3
    ✅ [56] 96886849 
    ✅ [56] 96886849 FLYING SPUR V8 4
    ✅ [56] 96886849 
  📄 爬取第 266 頁...
    ✅ [56] 15012000 
    ✅ [56] 20012500 
    ✅ [56] 25013500 
    ✅ [56] 35014500 
    ✅ [56] 67467995 VELLFIRE 2
    ✅ [56] 59337158 
    ✅ [56] 69922781 VELLFIRE 2
    ✅ [56] 69922781 VELLFIRE 2
    ✅ [56] 69903248 
    ✅ [56] 69903248 
    ✅ [56] 69903248 ALPHARD 3
    ✅ [56] 98587474 HIACE 300
    ✅ [56] 93612617 
    ✅ [56] 69903248 CLA 45
    ✅ [56] 96886849 GLC250 4
    ✅ [56] 91686180 H1 EURO 5
    ✅ [56] 69903248 ALPHARD 3
    ✅ [56] 96886849 
    ✅ [56] 96886849 FLYING SPUR V8 4
    ✅ [56] 96886849 
  📄 爬取第 267 頁...
    ✅ [56] 15012000 
    ✅ [56] 20012500 
    ✅ [56] 25013500 
    ✅ [56] 35014500 
    ✅ [56] 67467995 VELLFIRE 2
    ✅ [56] 59337158 
    ✅ [56] 69922781 VELLFIRE 2
    ✅ [56] 69922781 VELLFIRE 2
    ✅ [56] 69903248 
    ✅ [56] 69903248 
    ✅ [56] 69903248 ALPHARD 3
    ✅ [56] 98587474 HIACE 300
    ✅ [56] 93612617 
    ✅ [56] 69903248 CLA 45
    ✅ [56] 96886849 GLC250 4
    ✅ [56] 91686180 H1 EURO 5
    ✅ [56] 69903248 ALPHARD 3
    ✅ [56] 96886849 
    ✅ [56] 96886849 FLYING SPUR V8 4
    ✅ [56] 96886849 
  📄 爬取第 268 頁...
    ✅ [56] 15012000 
    ✅ [56] 20012500 
    ✅ [56] 25013500 
    ✅ [56] 35014500 
    ✅ [56] 67467995 VELLFIRE 2
    ✅ [56] 59337158 
    ✅ [56] 69922781 VELLFIRE 2
    ✅ [56] 69922781 VELLFIRE 2
    ✅ [56] 69903248 
    ✅ [56] 69903248 
    ✅ [56] 69903248 ALPHARD 3
    ✅ [56] 98587474 HIACE 300
    ✅ [56] 93612617 
    ✅ [56] 69903248 CLA 45
    ✅ [56] 96886849 GLC250 4
    ✅ [56] 91686180 H1 EURO 5
    ✅ [56] 69903248 ALPHARD 3
    ✅ [56] 96886849 
    ✅ [56] 96886849 FLYING SPUR V8 4
    ✅ [56] 96886849 
  📄 爬取第 269 頁...
    ✅ [56] 15012000 
    ✅ [56] 20012500 
    ✅ [56] 25013500 
    ✅ [56] 35014500 
    ✅ [56] 67467995 VELLFIRE 2
    ✅ [56] 59337158 
    ✅ [56] 69922781 VELLFIRE 2
    ✅ [56] 69922781 VELLFIRE 2
    ✅ [56] 69903248 
    ✅ [56] 69903248 
    ✅ [56] 69903248 ALPHARD 3
    ✅ [56] 98587474 HIACE 300
    ✅ [56] 93612617 
    ✅ [56] 69903248 CLA 45
    ✅ [56] 96886849 GLC250 4
    ✅ [56] 91686180 H1 EURO 5
    ✅ [56] 69903248 ALPHARD 3
    ✅ [56] 96886849 
    ✅ [56] 96886849 FLYING SPUR V8 4
    ✅ [56] 96886849 
  📄 爬取第 270 頁...
    ✅ [56] 15012000 
    ✅ [56] 20012500 
    ✅ [56] 25013500 
    ✅ [56] 35014500 
    ✅ [56] 67467995 VELLFIRE 2
    ✅ [56] 59337158 
    ✅ [56] 69922781 VELLFIRE 2
    ✅ [56] 69922781 VELLFIRE 2
    ✅ [56] 69903248 
    ✅ [56] 69903248 
    ✅ [56] 69903248 ALPHARD 3
    ✅ [56] 98587474 HIACE 300
    ✅ [56] 93612617 
    ✅ [56] 69903248 CLA 45
    ✅ [56] 96886849 GLC250 4
    ✅ [56] 91686180 H1 EURO 5
    ✅ [56] 69903248 ALPHARD 3
    ✅ [56] 96886849 
    ✅ [56] 96886849 FLYING SPUR V8 4
    ✅ [56] 96886849 
  📄 爬取第 271 頁...
    ✅ [56] 15012000 
    ✅ [56] 20012500 
    ✅ [56] 25013500 
    ✅ [56] 35014500 
    ✅ [56] 67467995 VELLFIRE 2
    ✅ [56] 59337158 
    ✅ [56] 69922781 VELLFIRE 2
    ✅ [56] 69922781 VELLFIRE 2
    ✅ [56] 69903248 
    ✅ [56] 69903248 
    ✅ [56] 69903248 ALPHARD 3
    ✅ [56] 98587474 HIACE 300
    ✅ [56] 93612617 
    ✅ [56] 69903248 CLA 45
    ✅ [56] 96886849 GLC250 4
    ✅ [56] 91686180 H1 EURO 5
    ✅ [56] 69903248 ALPHARD 3
    ✅ [56] 96886849 
    ✅ [56] 96886849 FLYING SPUR V8 4
    ✅ [56] 96886849 
  📄 爬取第 272 頁...
    ✅ [56] 15012000 
    ✅ [56] 20012500 
    ✅ [56] 25013500 
    ✅ [56] 35014500 
    ✅ [56] 67467995 VELLFIRE 2
    ✅ [56] 59337158 
    ✅ [56] 69922781 VELLFIRE 2
    ✅ [56] 69922781 VELLFIRE 2
    ✅ [56] 69903248 
    ✅ [56] 69903248 
    ✅ [56] 69903248 ALPHARD 3
    ✅ [56] 98587474 HIACE 300
    ✅ [56] 93612617 
    ✅ [56] 69903248 CLA 45
    ✅ [56] 96886849 GLC250 4
    ✅ [56] 91686180 H1 EURO 5
    ✅ [56] 69903248 ALPHARD 3
    ✅ [56] 96886849 
    ✅ [56] 96886849 FLYING SPUR V8 4
    ✅ [56] 96886849 
  📄 爬取第 273 頁...
    ✅ [56] 15012000 
    ✅ [56] 20012500 
    ✅ [56] 25013500 
    ✅ [56] 35014500 
    ✅ [57] 93808216 
    ✅ [57] 93808216 
    ✅ [57] 67467995 VELLFIRE 2
    ✅ [57] 59337158 
    ✅ [57] 69922781 VELLFIRE 2
    ✅ [57] 69922781 VELLFIRE 2
    ✅ [57] 69903248 
    ✅ [57] 69903248 
    ✅ [57] 69903248 ALPHARD 3
    ✅ [57] 98587474 HIACE 300
    ✅ [57] 93612617 
    ✅ [57] 69903248 CLA 45
    ✅ [57] 96886849 GLC250 4
    ✅ [57] 91686180 H1 EURO 5
    ✅ [57] 69903248 ALPHARD 3
    ✅ [57] 96886849 
  📄 爬取第 274 頁...
    ✅ [57] 15012000 
    ✅ [57] 20012500 
    ✅ [57] 25013500 
    ✅ [57] 35014500 
    ✅ [57] 93808216 
    ✅ [57] 93808216 
    ✅ [57] 67467995 VELLFIRE 2
    ✅ [57] 59337158 
    ✅ [57] 69922781 VELLFIRE 2
    ✅ [57] 69922781 VELLFIRE 2
    ✅ [57] 69903248 
    ✅ [57] 69903248 
    ✅ [57] 69903248 ALPHARD 3
    ✅ [57] 98587474 HIACE 300
    ✅ [57] 93612617 
    ✅ [57] 69903248 CLA 45
    ✅ [57] 96886849 GLC250 4
    ✅ [57] 91686180 H1 EURO 5
    ✅ [57] 69903248 ALPHARD 3
    ✅ [57] 96886849 
  📄 爬取第 275 頁...
    ✅ [57] 15012000 
    ✅ [57] 20012500 
    ✅ [57] 25013500 
    ✅ [57] 35014500 
    ✅ [57] 93808216 
    ✅ [57] 93808216 
    ✅ [57] 67467995 VELLFIRE 2
    ✅ [57] 59337158 
    ✅ [57] 69922781 VELLFIRE 2
    ✅ [57] 69922781 VELLFIRE 2
    ✅ [57] 69903248 
    ✅ [57] 69903248 
    ✅ [57] 69903248 ALPHARD 3
    ✅ [57] 98587474 HIACE 300
    ✅ [57] 93612617 
    ✅ [57] 69903248 CLA 45
    ✅ [57] 96886849 GLC250 4
    ✅ [57] 91686180 H1 EURO 5
    ✅ [57] 69903248 ALPHARD 3
    ✅ [57] 96886849 
  📄 爬取第 276 頁...
    ✅ [57] 15012000 
    ✅ [57] 20012500 
    ✅ [57] 25013500 
    ✅ [57] 35014500 
    ✅ [57] 93808216 
    ✅ [57] 93808216 
    ✅ [57] 67467995 VELLFIRE 2
    ✅ [57] 59337158 
    ✅ [57] 69922781 VELLFIRE 2
    ✅ [57] 69922781 VELLFIRE 2
    ✅ [57] 69903248 
    ✅ [57] 69903248 
    ✅ [57] 69903248 ALPHARD 3
    ✅ [57] 98587474 HIACE 300
    ✅ [57] 93612617 
    ✅ [57] 69903248 CLA 45
    ✅ [57] 96886849 GLC250 4
    ✅ [57] 91686180 H1 EURO 5
    ✅ [57] 69903248 ALPHARD 3
    ✅ [57] 96886849 
  📄 爬取第 277 頁...
    ✅ [57] 15012000 
    ✅ [57] 20012500 
    ✅ [57] 25013500 
    ✅ [57] 35014500 
    ✅ [57] 93808216 
    ✅ [57] 93808216 
    ✅ [57] 67467995 VELLFIRE 2
    ✅ [57] 59337158 
    ✅ [57] 69922781 VELLFIRE 2
    ✅ [57] 69922781 VELLFIRE 2
    ✅ [57] 69903248 
    ✅ [57] 69903248 
    ✅ [57] 69903248 ALPHARD 3
    ✅ [57] 98587474 HIACE 300
    ✅ [57] 93612617 
    ✅ [57] 69903248 CLA 45
    ✅ [57] 96886849 GLC250 4
    ✅ [57] 91686180 H1 EURO 5
    ✅ [57] 69903248 ALPHARD 3
    ✅ [57] 96886849 
  📄 爬取第 278 頁...
    ✅ [57] 15012000 
    ✅ [57] 20012500 
    ✅ [57] 25013500 
    ✅ [57] 35014500 
    ✅ [57] 93808216 
    ✅ [57] 93808216 
    ✅ [57] 67467995 VELLFIRE 2
    ✅ [57] 59337158 
    ✅ [57] 69922781 VELLFIRE 2
    ✅ [57] 69922781 VELLFIRE 2
    ✅ [57] 69903248 
    ✅ [57] 69903248 
    ✅ [57] 69903248 ALPHARD 3
    ✅ [57] 98587474 HIACE 300
    ✅ [57] 93612617 
    ✅ [57] 69903248 CLA 45
    ✅ [57] 96886849 GLC250 4
    ✅ [57] 91686180 H1 EURO 5
    ✅ [57] 69903248 ALPHARD 3
    ✅ [57] 96886849 
  📄 爬取第 279 頁...
    ✅ [57] 15012000 
    ✅ [57] 20012500 
    ✅ [57] 25013500 
    ✅ [57] 35014500 
    ✅ [57] 93808216 
    ✅ [57] 93808216 
    ✅ [57] 67467995 VELLFIRE 2
    ✅ [57] 59337158 
    ✅ [57] 69922781 VELLFIRE 2
    ✅ [57] 69922781 VELLFIRE 2
    ✅ [57] 69903248 
    ✅ [57] 69903248 
    ✅ [57] 69903248 ALPHARD 3
    ✅ [57] 98587474 HIACE 300
    ✅ [57] 93612617 
    ✅ [57] 69903248 CLA 45
    ✅ [57] 96886849 GLC250 4
    ✅ [57] 91686180 H1 EURO 5
    ✅ [57] 69903248 ALPHARD 3
    ✅ [57] 96886849 
  📄 爬取第 280 頁...
    ✅ [57] 15012000 
    ✅ [57] 20012500 
    ✅ [57] 25013500 
    ✅ [57] 35014500 
    ✅ [57] 93808216 
    ✅ [57] 93808216 
    ✅ [57] 67467995 VELLFIRE 2
    ✅ [57] 59337158 
    ✅ [57] 69922781 VELLFIRE 2
    ✅ [57] 69922781 VELLFIRE 2
    ✅ [57] 69903248 
    ✅ [57] 69903248 
    ✅ [57] 69903248 ALPHARD 3
    ✅ [57] 98587474 HIACE 300
    ✅ [57] 93612617 
    ✅ [57] 69903248 CLA 45
    ✅ [57] 96886849 GLC250 4
    ✅ [57] 91686180 H1 EURO 5
    ✅ [57] 69903248 ALPHARD 3
    ✅ [57] 96886849 
  📄 爬取第 281 頁...
    ✅ [57] 15012000 
    ✅ [57] 20012500 
    ✅ [57] 25013500 
    ✅ [57] 35014500 
    ✅ [57] 93808216 
    ✅ [57] 93808216 
    ✅ [57] 67467995 VELLFIRE 2
    ✅ [57] 59337158 
    ✅ [57] 69922781 VELLFIRE 2
    ✅ [57] 69922781 VELLFIRE 2
    ✅ [57] 69903248 
    ✅ [57] 69903248 
    ✅ [57] 69903248 ALPHARD 3
    ✅ [57] 98587474 HIACE 300
    ✅ [57] 93612617 
    ✅ [57] 69903248 CLA 45
    ✅ [57] 96886849 GLC250 4
    ✅ [57] 91686180 H1 EURO 5
    ✅ [57] 69903248 ALPHARD 3
    ✅ [57] 96886849 
  📄 爬取第 282 頁...
    ✅ [57] 15012000 
    ✅ [57] 20012500 
    ✅ [57] 25013500 
    ✅ [57] 35014500 
    ✅ [57] 93808216 
    ✅ [57] 93808216 
    ✅ [57] 67467995 VELLFIRE 2
    ✅ [57] 59337158 
    ✅ [57] 69922781 VELLFIRE 2
    ✅ [57] 69922781 VELLFIRE 2
    ✅ [57] 69903248 
    ✅ [57] 69903248 
    ✅ [57] 69903248 ALPHARD 3
    ✅ [57] 98587474 HIACE 300
    ✅ [57] 93612617 
    ✅ [57] 69903248 CLA 45
    ✅ [57] 96886849 GLC250 4
    ✅ [57] 91686180 H1 EURO 5
    ✅ [57] 69903248 ALPHARD 3
    ✅ [57] 96886849 
  📄 爬取第 283 頁...
    ✅ [57] 15012000 
    ✅ [57] 20012500 
    ✅ [57] 25013500 
    ✅ [57] 35014500 
    ✅ [57] 93808216 
    ✅ [57] 93808216 
    ✅ [57] 67467995 VELLFIRE 2
    ✅ [57] 59337158 
    ✅ [57] 69922781 VELLFIRE 2
    ✅ [57] 69922781 VELLFIRE 2
    ✅ [57] 69903248 
    ✅ [57] 69903248 
    ✅ [57] 69903248 ALPHARD 3
    ✅ [57] 98587474 HIACE 300
    ✅ [57] 93612617 
    ✅ [57] 69903248 CLA 45
    ✅ [57] 96886849 GLC250 4
    ✅ [57] 91686180 H1 EURO 5
    ✅ [57] 69903248 ALPHARD 3
    ✅ [57] 96886849 
  📄 爬取第 284 頁...
    ✅ [57] 15012000 
    ✅ [57] 20012500 
    ✅ [57] 25013500 
    ✅ [57] 35014500 
    ✅ [58] 55184510 
    ✅ [59] 91608108 STEPWGN HYBRID RP5
    ✅ [59] 91608108 
    ✅ [59] 91608108 
    ✅ [59] 93808216 
    ✅ [59] 93808216 
    ✅ [59] 67467995 VELLFIRE 2
    ✅ [59] 59337158 
    ✅ [59] 69922781 VELLFIRE 2
    ✅ [59] 69922781 VELLFIRE 2
    ✅ [59] 69903248 
    ✅ [59] 69903248 
    ✅ [59] 69903248 ALPHARD 3
    ✅ [59] 98587474 HIACE 300
    ✅ [59] 93612617 
    ✅ [59] 69903248 CLA 45
  📄 爬取第 285 頁...
    ✅ [59] 15012000 
    ✅ [59] 20012500 
    ✅ [59] 25013500 
    ✅ [59] 35014500 
    ✅ [59] 55184510 
    ✅ [59] 91608108 STEPWGN HYBRID RP5
    ✅ [59] 91608108 
    ✅ [59] 91608108 
    ✅ [59] 93808216 
    ✅ [59] 93808216 
    ✅ [59] 67467995 VELLFIRE 2
    ✅ [59] 59337158 
    ✅ [59] 69922781 VELLFIRE 2
    ✅ [59] 69922781 VELLFIRE 2
    ✅ [59] 69903248 
    ✅ [59] 69903248 
    ✅ [59] 69903248 ALPHARD 3
    ✅ [59] 98587474 HIACE 300
    ✅ [59] 93612617 
    ✅ [59] 69903248 CLA 45
  📄 爬取第 286 頁...
    ✅ [59] 15012000 
    ✅ [59] 20012500 
    ✅ [59] 25013500 
    ✅ [59] 35014500 
    ✅ [59] 55184510 
    ✅ [59] 91608108 STEPWGN HYBRID RP5
    ✅ [59] 91608108 
    ✅ [59] 91608108 
    ✅ [59] 93808216 
    ✅ [59] 93808216 
    ✅ [59] 67467995 VELLFIRE 2
    ✅ [59] 59337158 
    ✅ [59] 69922781 VELLFIRE 2
    ✅ [59] 69922781 VELLFIRE 2
    ✅ [59] 69903248 
    ✅ [59] 69903248 
    ✅ [59] 69903248 ALPHARD 3
    ✅ [59] 98587474 HIACE 300
    ✅ [59] 93612617 
    ✅ [59] 69903248 CLA 45
  📄 爬取第 287 頁...
    ✅ [59] 15012000 
    ✅ [59] 20012500 
    ✅ [59] 25013500 
    ✅ [59] 35014500 
    ✅ [59] 55184510 
    ✅ [59] 91608108 STEPWGN HYBRID RP5
    ✅ [59] 91608108 
    ✅ [59] 91608108 
    ✅ [59] 93808216 
    ✅ [59] 93808216 
    ✅ [59] 67467995 VELLFIRE 2
    ✅ [59] 59337158 
    ✅ [59] 69922781 VELLFIRE 2
    ✅ [59] 69922781 VELLFIRE 2
    ✅ [59] 69903248 
    ✅ [59] 69903248 
    ✅ [59] 69903248 ALPHARD 3
    ✅ [59] 98587474 HIACE 300
    ✅ [59] 93612617 
    ✅ [59] 69903248 CLA 45
  📄 爬取第 288 頁...
    ✅ [59] 15012000 
    ✅ [59] 20012500 
    ✅ [59] 25013500 
    ✅ [59] 35014500 
    ✅ [59] 55184510 
    ✅ [59] 91608108 STEPWGN HYBRID RP5
    ✅ [59] 91608108 
    ✅ [59] 91608108 
    ✅ [59] 93808216 
    ✅ [59] 93808216 
    ✅ [59] 67467995 VELLFIRE 2
    ✅ [59] 59337158 
    ✅ [59] 69922781 VELLFIRE 2
    ✅ [59] 69922781 VELLFIRE 2
    ✅ [59] 69903248 
    ✅ [59] 69903248 
    ✅ [59] 69903248 ALPHARD 3
    ✅ [59] 98587474 HIACE 300
    ✅ [59] 93612617 
    ✅ [59] 69903248 CLA 45
  📄 爬取第 289 頁...
    ✅ [59] 15012000 
    ✅ [59] 20012500 
    ✅ [59] 25013500 
    ✅ [59] 35014500 
    ✅ [59] 55184510 
    ✅ [59] 91608108 STEPWGN HYBRID RP5
    ✅ [59] 91608108 
    ✅ [59] 91608108 
    ✅ [59] 93808216 
    ✅ [59] 93808216 
    ✅ [59] 67467995 VELLFIRE 2
    ✅ [59] 59337158 
    ✅ [59] 69922781 VELLFIRE 2
    ✅ [59] 69922781 VELLFIRE 2
    ✅ [59] 69903248 
    ✅ [59] 69903248 
    ✅ [59] 69903248 ALPHARD 3
    ✅ [59] 98587474 HIACE 300
    ✅ [59] 93612617 
    ✅ [59] 69903248 CLA 45
  📄 爬取第 290 頁...
    ✅ [59] 15012000 
    ✅ [59] 20012500 
    ✅ [59] 25013500 
    ✅ [59] 35014500 
    ✅ [59] 55184510 
    ✅ [59] 91608108 STEPWGN HYBRID RP5
    ✅ [59] 91608108 
    ✅ [59] 91608108 
    ✅ [59] 93808216 
    ✅ [59] 93808216 
    ✅ [59] 67467995 VELLFIRE 2
    ✅ [59] 59337158 
    ✅ [59] 69922781 VELLFIRE 2
    ✅ [59] 69922781 VELLFIRE 2
    ✅ [59] 69903248 
    ✅ [59] 69903248 
    ✅ [59] 69903248 ALPHARD 3
    ✅ [59] 98587474 HIACE 300
    ✅ [59] 93612617 
    ✅ [59] 69903248 CLA 45
  📄 爬取第 291 頁...
    ✅ [59] 15012000 
    ✅ [59] 20012500 
    ✅ [59] 25013500 
    ✅ [59] 35014500 
    ✅ [59] 55184510 
    ✅ [59] 91608108 STEPWGN HYBRID RP5
    ✅ [59] 91608108 
    ✅ [59] 91608108 
    ✅ [59] 93808216 
    ✅ [59] 93808216 
    ✅ [59] 67467995 VELLFIRE 2
    ✅ [59] 59337158 
    ✅ [59] 69922781 VELLFIRE 2
    ✅ [59] 69922781 VELLFIRE 2
    ✅ [59] 69903248 
    ✅ [59] 69903248 
    ✅ [59] 69903248 ALPHARD 3
    ✅ [59] 98587474 HIACE 300
    ✅ [59] 93612617 
    ✅ [59] 69903248 CLA 45
  📄 爬取第 292 頁...
    ✅ [59] 15012000 
    ✅ [59] 20012500 
    ✅ [59] 25013500 
    ✅ [59] 35014500 
    ✅ [59] 55184510 
    ✅ [59] 91608108 STEPWGN HYBRID RP5
    ✅ [59] 91608108 
    ✅ [59] 91608108 
    ✅ [59] 93808216 
    ✅ [59] 93808216 
    ✅ [59] 67467995 VELLFIRE 2
    ✅ [59] 59337158 
    ✅ [59] 69922781 VELLFIRE 2
    ✅ [59] 69922781 VELLFIRE 2
    ✅ [59] 69903248 
    ✅ [59] 69903248 
    ✅ [59] 69903248 ALPHARD 3
    ✅ [59] 98587474 HIACE 300
    ✅ [59] 93612617 
    ✅ [59] 69903248 CLA 45
  📄 爬取第 293 頁...
    ✅ [59] 15012000 
    ✅ [59] 20012500 
    ✅ [59] 25013500 
    ✅ [59] 35014500 
    ✅ [59] 55184510 
    ✅ [59] 91608108 STEPWGN HYBRID RP5
    ✅ [59] 91608108 
    ✅ [59] 91608108 
    ✅ [59] 93808216 
    ✅ [59] 93808216 
    ✅ [59] 67467995 VELLFIRE 2
    ✅ [59] 59337158 
    ✅ [59] 69922781 VELLFIRE 2
    ✅ [59] 69922781 VELLFIRE 2
    ✅ [59] 69903248 
    ✅ [59] 69903248 
    ✅ [59] 69903248 ALPHARD 3
    ✅ [59] 98587474 HIACE 300
    ✅ [59] 93612617 
    ✅ [59] 69903248 CLA 45
  📄 爬取第 294 頁...
    ✅ [59] 15012000 
    ✅ [59] 20012500 
    ✅ [59] 25013500 
    ✅ [59] 35014500 
    ✅ [59] 98044278 
    ✅ [60] 98835057 GR86
    ✅ [60] 98835057 
    ✅ [60] 98044278 HIACE 3
    ✅ [60] 98835057 
    ✅ [60] 98835057 
    ✅ [60] 98044278 HIACE 3
    ✅ [61] 90991161 SLK200
    ✅ [61] 98044278 HIACE 3
    ✅ [61] 55184510 
    ✅ [61] 91608108 STEPWGN HYBRID RP5
    ✅ [61] 91608108 
    ✅ [61] 91608108 
    ✅ [61] 93808216 
    ✅ [61] 93808216 
    ✅ [61] 67467995 VELLFIRE 2
    ✅ [61] 59337158 
    ✅ [61] 69922781 VELLFIRE 2
    ✅ [61] 69922781 VELLFIRE 2
  📄 爬取第 295 頁...
    ✅ [61] 15012000 
    ✅ [61] 20012500 
    ✅ [61] 25013500 
    ✅ [61] 35014500 
    ✅ [61] 98044278 
    ✅ [61] 98835057 GR86
    ✅ [61] 98835057 
    ✅ [61] 98044278 HIACE 3
    ✅ [61] 98835057 
    ✅ [61] 98835057 
    ✅ [61] 98044278 HIACE 3
    ✅ [61] 90991161 SLK200
    ✅ [61] 98044278 HIACE 3
    ✅ [61] 55184510 
    ✅ [61] 91608108 STEPWGN HYBRID RP5
    ✅ [61] 91608108 
    ✅ [61] 91608108 
    ✅ [61] 93808216 
    ✅ [61] 93808216 
    ✅ [61] 67467995 VELLFIRE 2
    ✅ [61] 59337158 
    ✅ [61] 69922781 VELLFIRE 2
    ✅ [61] 69922781 VELLFIRE 2
  📄 爬取第 296 頁...
    ✅ [61] 15012000 
    ✅ [61] 20012500 
    ✅ [61] 25013500 
    ✅ [61] 35014500 
    ✅ [61] 98044278 
    ✅ [61] 98835057 GR86
    ✅ [61] 98835057 
    ✅ [61] 98044278 HIACE 3
    ✅ [61] 98835057 
    ✅ [61] 98835057 
    ✅ [61] 98044278 HIACE 3
    ✅ [61] 90991161 SLK200
    ✅ [61] 98044278 HIACE 3
    ✅ [61] 55184510 
    ✅ [61] 91608108 STEPWGN HYBRID RP5
    ✅ [61] 91608108 
    ✅ [61] 91608108 
    ✅ [61] 93808216 
    ✅ [61] 93808216 
    ✅ [61] 67467995 VELLFIRE 2
    ✅ [61] 59337158 
    ✅ [61] 69922781 VELLFIRE 2
    ✅ [61] 69922781 VELLFIRE 2
  📄 爬取第 297 頁...
    ✅ [61] 15012000 
    ✅ [61] 20012500 
    ✅ [61] 25013500 
    ✅ [61] 35014500 
    ✅ [61] 98044278 
    ✅ [61] 98835057 GR86
    ✅ [61] 98835057 
    ✅ [61] 98044278 HIACE 3
    ✅ [61] 98835057 
    ✅ [61] 98835057 
    ✅ [61] 98044278 HIACE 3
    ✅ [61] 90991161 SLK200
    ✅ [61] 98044278 HIACE 3
    ✅ [61] 55184510 
    ✅ [61] 91608108 STEPWGN HYBRID RP5
    ✅ [61] 91608108 
    ✅ [61] 91608108 
    ✅ [61] 93808216 
    ✅ [61] 93808216 
    ✅ [61] 67467995 VELLFIRE 2
    ✅ [61] 59337158 
    ✅ [61] 69922781 VELLFIRE 2
    ✅ [61] 69922781 VELLFIRE 2
  📄 爬取第 298 頁...
    ✅ [61] 15012000 
    ✅ [61] 20012500 
    ✅ [61] 25013500 
    ✅ [61] 35014500 
    ✅ [61] 98044278 
    ✅ [61] 98835057 GR86
    ✅ [61] 98835057 
    ✅ [61] 98044278 HIACE 3
    ✅ [61] 98835057 
    ✅ [61] 98835057 
    ✅ [61] 98044278 HIACE 3
    ✅ [61] 90991161 SLK200
    ✅ [61] 98044278 HIACE 3
    ✅ [61] 55184510 
    ✅ [61] 91608108 STEPWGN HYBRID RP5
    ✅ [61] 91608108 
    ✅ [61] 91608108 
    ✅ [61] 93808216 
    ✅ [61] 93808216 
    ✅ [61] 67467995 VELLFIRE 2
    ✅ [61] 59337158 
    ✅ [61] 69922781 VELLFIRE 2
    ✅ [61] 69922781 VELLFIRE 2
  📄 爬取第 299 頁...
    ✅ [61] 15012000 
    ✅ [61] 20012500 
    ✅ [61] 25013500 
    ✅ [61] 35014500 
    ✅ [61] 98044278 
    ✅ [61] 98835057 GR86
    ✅ [61] 98835057 
    ✅ [61] 98044278 HIACE 3
    ✅ [61] 98835057 
    ✅ [61] 98835057 
    ✅ [61] 98044278 HIACE 3
    ✅ [61] 90991161 SLK200
    ✅ [61] 98044278 HIACE 3
    ✅ [61] 55184510 
    ✅ [61] 91608108 STEPWGN HYBRID RP5
    ✅ [61] 91608108 
    ✅ [61] 91608108 
    ✅ [61] 93808216 
    ✅ [61] 93808216 
    ✅ [61] 67467995 VELLFIRE 2
    ✅ [61] 59337158 
    ✅ [61] 69922781 VELLFIRE 2
    ✅ [61] 69922781 VELLFIRE 2
  📄 爬取第 300 頁...
    ✅ [61] 15012000 
    ✅ [61] 20012500 
    ✅ [61] 25013500 
    ✅ [61] 35014500 
    ✅ [61] 98044278 
    ✅ [61] 98835057 GR86
    ✅ [61] 98835057 
    ✅ [61] 98044278 HIACE 3
    ✅ [61] 98835057 
    ✅ [61] 98835057 
    ✅ [61] 98044278 HIACE 3
    ✅ [61] 90991161 SLK200
    ✅ [61] 98044278 HIACE 3
    ✅ [61] 55184510 
    ✅ [61] 91608108 STEPWGN HYBRID RP5
    ✅ [61] 91608108 
    ✅ [61] 91608108 
    ✅ [61] 93808216 
    ✅ [61] 93808216 
    ✅ [61] 67467995 VELLFIRE 2
    ✅ [61] 59337158 
    ✅ [61] 69922781 VELLFIRE 2
    ✅ [61] 69922781 VELLFIRE 2
  📄 爬取第 301 頁...
    ✅ [61] 15012000 
    ✅ [61] 20012500 
    ✅ [61] 25013500 
    ✅ [61] 35014500 
    ✅ [61] 98044278 
    ✅ [61] 98835057 GR86
    ✅ [61] 98835057 
    ✅ [61] 98044278 HIACE 3
    ✅ [61] 98835057 
    ✅ [61] 98835057 
    ✅ [61] 98044278 HIACE 3
    ✅ [61] 90991161 SLK200
    ✅ [61] 98044278 HIACE 3
    ✅ [61] 55184510 
    ✅ [61] 91608108 STEPWGN HYBRID RP5
    ✅ [61] 91608108 
    ✅ [61] 91608108 
    ✅ [61] 93808216 
    ✅ [61] 93808216 
    ✅ [61] 67467995 VELLFIRE 2
    ✅ [61] 59337158 
    ✅ [61] 69922781 VELLFIRE 2
    ✅ [61] 69922781 VELLFIRE 2
  📄 爬取第 302 頁...
    ✅ [61] 15012000 
    ✅ [61] 20012500 
    ✅ [61] 25013500 
    ✅ [61] 35014500 
    ✅ [61] 98044278 
    ✅ [61] 98835057 GR86
    ✅ [61] 98835057 
    ✅ [61] 98044278 HIACE 3
    ✅ [61] 98835057 
    ✅ [61] 98835057 
    ✅ [61] 98044278 HIACE 3
    ✅ [61] 90991161 SLK200
    ✅ [61] 98044278 HIACE 3
    ✅ [61] 55184510 
    ✅ [61] 91608108 STEPWGN HYBRID RP5
    ✅ [61] 91608108 
    ✅ [61] 91608108 
    ✅ [61] 93808216 
    ✅ [61] 93808216 
    ✅ [61] 67467995 VELLFIRE 2
    ✅ [61] 59337158 
    ✅ [61] 69922781 VELLFIRE 2
    ✅ [61] 69922781 VELLFIRE 2
  📄 爬取第 303 頁...
    ✅ [61] 15012000 
    ✅ [61] 20012500 
    ✅ [61] 25013500 
    ✅ [61] 35014500 
    ✅ [61] 98044278 
    ✅ [61] 98835057 GR86
    ✅ [61] 98835057 
    ✅ [61] 98044278 HIACE 3
    ✅ [61] 98835057 
    ✅ [61] 98835057 
    ✅ [61] 98044278 HIACE 3
    ✅ [61] 90991161 SLK200
    ✅ [61] 98044278 HIACE 3
    ✅ [61] 55184510 
    ✅ [61] 91608108 STEPWGN HYBRID RP5
    ✅ [61] 91608108 
    ✅ [61] 91608108 
    ✅ [61] 93808216 
    ✅ [61] 93808216 
    ✅ [61] 67467995 VELLFIRE 2
    ✅ [61] 59337158 
    ✅ [61] 69922781 VELLFIRE 2
    ✅ [61] 69922781 VELLFIRE 2
  📄 爬取第 304 頁...
    ✅ [61] 15012000 
    ✅ [61] 20012500 
    ✅ [61] 25013500 
    ✅ [61] 35014500 
    ✅ [61] 98044278 
    ✅ [61] 98835057 GR86
    ✅ [61] 98835057 
    ✅ [61] 98044278 HIACE 3
    ✅ [61] 98835057 
    ✅ [61] 98835057 
    ✅ [61] 98044278 HIACE 3
    ✅ [61] 90991161 SLK200
    ✅ [61] 98044278 HIACE 3
    ✅ [61] 55184510 
    ✅ [61] 91608108 STEPWGN HYBRID RP5
    ✅ [61] 91608108 
    ✅ [61] 91608108 
    ✅ [61] 93808216 
    ✅ [61] 93808216 
    ✅ [61] 67467995 VELLFIRE 2
    ✅ [61] 59337158 
    ✅ [61] 69922781 VELLFIRE 2
    ✅ [61] 69922781 VELLFIRE 2
  📄 爬取第 305 頁...
    ✅ [61] 15012000 
    ✅ [61] 20012500 
    ✅ [61] 25013500 
    ✅ [61] 35014500 
    ✅ [61] 98044278 
    ✅ [61] 98044278 SPADE 1
    ✅ [62] 92177760 
    ✅ [62] 98044278 NOAH 70
    ✅ [62] 98835057 PRIUS 1
    ✅ [62] 98044278 
    ✅ [62] 98835057 GR86
    ✅ [62] 98835057 
    ✅ [62] 98044278 HIACE 3
    ✅ [62] 98835057 
    ✅ [62] 98835057 
    ✅ [62] 98044278 HIACE 3
    ✅ [62] 90991161 SLK200
    ✅ [62] 98044278 HIACE 3
    ✅ [62] 55184510 
    ✅ [62] 91608108 STEPWGN HYBRID RP5
    ✅ [62] 91608108 
    ✅ [62] 91608108 
    ✅ [62] 93808216 
    ✅ [62] 93808216 
  📄 爬取第 306 頁...
    ✅ [62] 15012000 
    ✅ [62] 20012500 
    ✅ [62] 25013500 
    ✅ [62] 35014500 
    ✅ [62] 98044278 
    ✅ [62] 98044278 SPADE 1
    ✅ [62] 92177760 
    ✅ [62] 98044278 NOAH 70
    ✅ [62] 98835057 PRIUS 1
    ✅ [62] 98044278 
    ✅ [62] 98835057 GR86
    ✅ [62] 98835057 
    ✅ [62] 98044278 HIACE 3
    ✅ [62] 98835057 
    ✅ [62] 98835057 
    ✅ [62] 98044278 HIACE 3
    ✅ [62] 90991161 SLK200
    ✅ [62] 98044278 HIACE 3
    ✅ [62] 55184510 
    ✅ [62] 91608108 STEPWGN HYBRID RP5
    ✅ [62] 91608108 
    ✅ [62] 91608108 
    ✅ [62] 93808216 
    ✅ [62] 93808216 
  📄 爬取第 307 頁...
    ✅ [62] 15012000 
    ✅ [62] 20012500 
    ✅ [62] 25013500 
    ✅ [62] 35014500 
    ✅ [62] 98044278 
    ✅ [62] 98044278 SPADE 1
    ✅ [62] 92177760 
    ✅ [62] 98044278 NOAH 70
    ✅ [62] 98835057 PRIUS 1
    ✅ [62] 98044278 
    ✅ [62] 98835057 GR86
    ✅ [62] 98835057 
    ✅ [62] 98044278 HIACE 3
    ✅ [62] 98835057 
    ✅ [62] 98835057 
    ✅ [62] 98044278 HIACE 3
    ✅ [62] 90991161 SLK200
    ✅ [62] 98044278 HIACE 3
    ✅ [62] 55184510 
    ✅ [62] 91608108 STEPWGN HYBRID RP5
    ✅ [62] 91608108 
    ✅ [62] 91608108 
    ✅ [62] 93808216 
    ✅ [62] 93808216 
  📄 爬取第 308 頁...
    ✅ [62] 15012000 
    ✅ [62] 20012500 
    ✅ [62] 25013500 
    ✅ [62] 35014500 
    ✅ [62] 98044278 
    ✅ [62] 98044278 SPADE 1
    ✅ [62] 92177760 
    ✅ [62] 98044278 NOAH 70
    ✅ [62] 98835057 PRIUS 1
    ✅ [62] 98044278 
    ✅ [62] 98835057 GR86
    ✅ [62] 98835057 
    ✅ [62] 98044278 HIACE 3
    ✅ [62] 98835057 
    ✅ [62] 98835057 
    ✅ [62] 98044278 HIACE 3
    ✅ [62] 90991161 SLK200
    ✅ [62] 98044278 HIACE 3
    ✅ [62] 55184510 
    ✅ [62] 91608108 STEPWGN HYBRID RP5
    ✅ [62] 91608108 
    ✅ [62] 91608108 
    ✅ [62] 93808216 
    ✅ [62] 93808216 
  📄 爬取第 309 頁...
    ✅ [62] 15012000 
    ✅ [62] 20012500 
    ✅ [62] 25013500 
    ✅ [62] 35014500 
    ✅ [62] 98044278 
    ✅ [62] 98044278 SPADE 1
    ✅ [62] 92177760 
    ✅ [62] 98044278 NOAH 70
    ✅ [62] 98835057 PRIUS 1
    ✅ [62] 98044278 
    ✅ [62] 98835057 GR86
    ✅ [62] 98835057 
    ✅ [62] 98044278 HIACE 3
    ✅ [62] 98835057 
    ✅ [62] 98835057 
    ✅ [62] 98044278 HIACE 3
    ✅ [62] 90991161 SLK200
    ✅ [62] 98044278 HIACE 3
    ✅ [62] 55184510 
    ✅ [62] 91608108 STEPWGN HYBRID RP5
    ✅ [62] 91608108 
    ✅ [62] 91608108 
    ✅ [62] 93808216 
    ✅ [62] 93808216 
  📄 爬取第 310 頁...
    ✅ [62] 15012000 
    ✅ [62] 20012500 
    ✅ [62] 25013500 
    ✅ [62] 35014500 
    ✅ [62] 98044278 
    ✅ [62] 98044278 SPADE 1
    ✅ [62] 92177760 
    ✅ [62] 98044278 NOAH 70
    ✅ [62] 98835057 PRIUS 1
    ✅ [62] 98044278 
    ✅ [62] 98835057 GR86
    ✅ [62] 98835057 
    ✅ [62] 98044278 HIACE 3
    ✅ [62] 98835057 
    ✅ [62] 98835057 
    ✅ [62] 98044278 HIACE 3
    ✅ [62] 90991161 SLK200
    ✅ [62] 98044278 HIACE 3
    ✅ [62] 55184510 
    ✅ [62] 91608108 STEPWGN HYBRID RP5
    ✅ [62] 91608108 
    ✅ [62] 91608108 
    ✅ [62] 93808216 
    ✅ [62] 93808216 
  📄 爬取第 311 頁...
    ✅ [62] 15012000 
    ✅ [62] 20012500 
    ✅ [62] 25013500 
    ✅ [62] 35014500 
    ✅ [62] 98044278 
    ✅ [62] 98044278 SPADE 1
    ✅ [62] 92177760 
    ✅ [62] 98044278 NOAH 70
    ✅ [62] 98835057 PRIUS 1
    ✅ [62] 98044278 
    ✅ [62] 98835057 GR86
    ✅ [62] 98835057 
    ✅ [62] 98044278 HIACE 3
    ✅ [62] 98835057 
    ✅ [62] 98835057 
    ✅ [62] 98044278 HIACE 3
    ✅ [62] 90991161 SLK200
    ✅ [62] 98044278 HIACE 3
    ✅ [62] 55184510 
    ✅ [62] 91608108 STEPWGN HYBRID RP5
    ✅ [62] 91608108 
    ✅ [62] 91608108 
    ✅ [62] 93808216 
    ✅ [62] 93808216 
  📄 爬取第 312 頁...
    ✅ [62] 15012000 
    ✅ [62] 20012500 
    ✅ [62] 25013500 
    ✅ [62] 35014500 
    ✅ [62] 98044278 
    ✅ [62] 98044278 SPADE 1
    ✅ [62] 92177760 
    ✅ [62] 98044278 NOAH 70
    ✅ [62] 98835057 PRIUS 1
    ✅ [62] 98044278 
    ✅ [62] 98835057 GR86
    ✅ [62] 98835057 
    ✅ [62] 98044278 HIACE 3
    ✅ [62] 98835057 
    ✅ [62] 98835057 
    ✅ [62] 98044278 HIACE 3
    ✅ [62] 90991161 SLK200
    ✅ [62] 98044278 HIACE 3
    ✅ [62] 55184510 
    ✅ [62] 91608108 STEPWGN HYBRID RP5
    ✅ [62] 91608108 
    ✅ [62] 91608108 
    ✅ [62] 93808216 
    ✅ [62] 93808216 
  📄 爬取第 313 頁...
    ✅ [62] 15012000 
    ✅ [62] 20012500 
    ✅ [62] 25013500 
    ✅ [62] 35014500 
    ✅ [62] 98044278 
    ✅ [62] 98044278 SPADE 1
    ✅ [62] 92177760 
    ✅ [62] 98044278 NOAH 70
    ✅ [62] 98835057 PRIUS 1
    ✅ [62] 98044278 
    ✅ [62] 98835057 GR86
    ✅ [62] 98835057 
    ✅ [62] 98044278 HIACE 3
    ✅ [62] 98835057 
    ✅ [62] 98835057 
    ✅ [62] 98044278 HIACE 3
    ✅ [62] 90991161 SLK200
    ✅ [62] 98044278 HIACE 3
    ✅ [62] 55184510 
    ✅ [62] 91608108 STEPWGN HYBRID RP5
    ✅ [62] 91608108 
    ✅ [62] 91608108 
    ✅ [62] 93808216 
    ✅ [62] 93808216 
  📄 爬取第 314 頁...
    ✅ [62] 15012000 
    ✅ [62] 20012500 
    ✅ [62] 25013500 
    ✅ [62] 35014500 
    ✅ [62] 98044278 
    ✅ [62] 98044278 SPADE 1
    ✅ [62] 92177760 
    ✅ [62] 98044278 NOAH 70
    ✅ [62] 98835057 PRIUS 1
    ✅ [62] 98044278 
    ✅ [62] 98835057 GR86
    ✅ [62] 98835057 
    ✅ [62] 98044278 HIACE 3
    ✅ [62] 98835057 
    ✅ [62] 98835057 
    ✅ [62] 98044278 HIACE 3
    ✅ [62] 90991161 SLK200
    ✅ [62] 98044278 HIACE 3
    ✅ [62] 55184510 
    ✅ [62] 91608108 STEPWGN HYBRID RP5
    ✅ [62] 91608108 
    ✅ [62] 91608108 
    ✅ [62] 93808216 
    ✅ [62] 93808216 
  📄 爬取第 315 頁...
    ✅ [62] 15012000 
    ✅ [62] 20012500 
    ✅ [62] 25013500 
    ✅ [62] 35014500 
    ✅ [62] 98044278 
    ✅ [62] 98044278 SPADE 1
    ✅ [62] 92177760 
    ✅ [62] 98044278 NOAH 70
    ✅ [62] 98835057 PRIUS 1
    ✅ [62] 98044278 
    ✅ [62] 98835057 GR86
    ✅ [62] 98835057 
    ✅ [62] 98044278 HIACE 3
    ✅ [62] 98835057 
    ✅ [62] 98835057 
    ✅ [62] 98044278 HIACE 3
    ✅ [62] 90991161 SLK200
    ✅ [62] 98044278 HIACE 3
    ✅ [62] 55184510 
    ✅ [62] 91608108 STEPWGN HYBRID RP5
    ✅ [62] 91608108 
    ✅ [62] 91608108 
    ✅ [62] 93808216 
    ✅ [62] 93808216 
  📄 爬取第 316 頁...
    ✅ [62] 15012000 
    ✅ [62] 20012500 
    ✅ [62] 25013500 
    ✅ [62] 35014500 
    ✅ [62] 98044278 H1 EURO 5
    ✅ [63] 92932995 MF08
    ✅ [64] 98034241 
    ✅ [64] 98044278 
    ✅ [64] 98044278 SPADE 1
    ✅ [64] 92177760 
    ✅ [64] 98044278 NOAH 70
    ✅ [64] 98835057 PRIUS 1
    ✅ [64] 98044278 
    ✅ [64] 98835057 GR86
    ✅ [64] 98835057 
    ✅ [64] 98044278 HIACE 3
    ✅ [64] 98835057 
    ✅ [64] 98835057 
    ✅ [64] 98044278 HIACE 3
    ✅ [64] 90991161 SLK200
    ✅ [64] 98044278 HIACE 3
    ✅ [64] 55184510 
    ✅ [64] 91608108 STEPWGN HYBRID RP5
    ✅ [64] 91608108 
  📄 爬取第 317 頁...
    ✅ [64] 15012000 
    ✅ [64] 20012500 
    ✅ [64] 25013500 
    ✅ [64] 35014500 
    ✅ [64] 98044278 H1 EURO 5
    ✅ [64] 92932995 MF08
    ✅ [64] 98034241 
    ✅ [64] 98044278 
    ✅ [64] 98044278 SPADE 1
    ✅ [64] 92177760 
    ✅ [64] 98044278 NOAH 70
    ✅ [64] 98835057 PRIUS 1
    ✅ [64] 98044278 
    ✅ [64] 98835057 GR86
    ✅ [64] 98835057 
    ✅ [64] 98044278 HIACE 3
    ✅ [64] 98835057 
    ✅ [64] 98835057 
    ✅ [64] 98044278 HIACE 3
    ✅ [64] 90991161 SLK200
    ✅ [64] 98044278 HIACE 3
    ✅ [64] 55184510 
    ✅ [64] 91608108 STEPWGN HYBRID RP5
    ✅ [64] 91608108 
  📄 爬取第 318 頁...
    ✅ [64] 15012000 
    ✅ [64] 20012500 
    ✅ [64] 25013500 
    ✅ [64] 35014500 
    ✅ [64] 98044278 H1 EURO 5
    ✅ [64] 92932995 MF08
    ✅ [64] 98034241 
    ✅ [64] 98044278 
    ✅ [64] 98044278 SPADE 1
    ✅ [64] 92177760 
    ✅ [64] 98044278 NOAH 70
    ✅ [64] 98835057 PRIUS 1
    ✅ [64] 98044278 
    ✅ [64] 98835057 GR86
    ✅ [64] 98835057 
    ✅ [64] 98044278 HIACE 3
    ✅ [64] 98835057 
    ✅ [64] 98835057 
    ✅ [64] 98044278 HIACE 3
    ✅ [64] 90991161 SLK200
    ✅ [64] 98044278 HIACE 3
    ✅ [64] 55184510 
    ✅ [64] 91608108 STEPWGN HYBRID RP5
    ✅ [64] 91608108 
  📄 爬取第 319 頁...
    ✅ [64] 15012000 
    ✅ [64] 20012500 
    ✅ [64] 25013500 
    ✅ [64] 35014500 
    ✅ [64] 98044278 H1 EURO 5
    ✅ [64] 92932995 MF08
    ✅ [64] 98034241 
    ✅ [64] 98044278 
    ✅ [64] 98044278 SPADE 1
    ✅ [64] 92177760 
    ✅ [64] 98044278 NOAH 70
    ✅ [64] 98835057 PRIUS 1
    ✅ [64] 98044278 
    ✅ [64] 98835057 GR86
    ✅ [64] 98835057 
    ✅ [64] 98044278 HIACE 3
    ✅ [64] 98835057 
    ✅ [64] 98835057 
    ✅ [64] 98044278 HIACE 3
    ✅ [64] 90991161 SLK200
    ✅ [64] 98044278 HIACE 3
    ✅ [64] 55184510 
    ✅ [64] 91608108 STEPWGN HYBRID RP5
    ✅ [64] 91608108 
  📄 爬取第 320 頁...
    ✅ [64] 15012000 
    ✅ [64] 20012500 
    ✅ [64] 25013500 
    ✅ [64] 35014500 
    ✅ [64] 98044278 H1 EURO 5
    ✅ [64] 92932995 MF08
    ✅ [64] 98034241 
    ✅ [64] 98044278 
    ✅ [64] 98044278 SPADE 1
    ✅ [64] 92177760 
    ✅ [64] 98044278 NOAH 70
    ✅ [64] 98835057 PRIUS 1
    ✅ [64] 98044278 
    ✅ [64] 98835057 GR86
    ✅ [64] 98835057 
    ✅ [64] 98044278 HIACE 3
    ✅ [64] 98835057 
    ✅ [64] 98835057 
    ✅ [64] 98044278 HIACE 3
    ✅ [64] 90991161 SLK200
    ✅ [64] 98044278 HIACE 3
    ✅ [64] 55184510 
    ✅ [64] 91608108 STEPWGN HYBRID RP5
    ✅ [64] 91608108 
  📄 爬取第 321 頁...
    ✅ [64] 15012000 
    ✅ [64] 20012500 
    ✅ [64] 25013500 
    ✅ [64] 35014500 
    ✅ [64] 98044278 H1 EURO 5
    ✅ [64] 92932995 MF08
    ✅ [64] 98034241 
    ✅ [64] 98044278 
    ✅ [64] 98044278 SPADE 1
    ✅ [64] 92177760 
    ✅ [64] 98044278 NOAH 70
    ✅ [64] 98835057 PRIUS 1
    ✅ [64] 98044278 
    ✅ [64] 98835057 GR86
    ✅ [64] 98835057 
    ✅ [64] 98044278 HIACE 3
    ✅ [64] 98835057 
    ✅ [64] 98835057 
    ✅ [64] 98044278 HIACE 3
    ✅ [64] 90991161 SLK200
    ✅ [64] 98044278 HIACE 3
    ✅ [64] 55184510 
    ✅ [64] 91608108 STEPWGN HYBRID RP5
    ✅ [64] 91608108 
  📄 爬取第 322 頁...
    ✅ [64] 15012000 
    ✅ [64] 20012500 
    ✅ [64] 25013500 
    ✅ [64] 35014500 
    ✅ [64] 98044278 H1 EURO 5
    ✅ [64] 92932995 MF08
    ✅ [64] 98034241 
    ✅ [64] 98044278 
    ✅ [64] 98044278 SPADE 1
    ✅ [64] 92177760 
    ✅ [64] 98044278 NOAH 70
    ✅ [64] 98835057 PRIUS 1
    ✅ [64] 98044278 
    ✅ [64] 98835057 GR86
    ✅ [64] 98835057 
    ✅ [64] 98044278 HIACE 3
    ✅ [64] 98835057 
    ✅ [64] 98835057 
    ✅ [64] 98044278 HIACE 3
    ✅ [64] 90991161 SLK200
    ✅ [64] 98044278 HIACE 3
    ✅ [64] 55184510 
    ✅ [64] 91608108 STEPWGN HYBRID RP5
    ✅ [64] 91608108 
  📄 爬取第 323 頁...
    ✅ [64] 15012000 
    ✅ [64] 20012500 
    ✅ [64] 25013500 
    ✅ [64] 35014500 
    ✅ [64] 98044278 H1 EURO 5
    ✅ [64] 92932995 MF08
    ✅ [64] 98034241 
    ✅ [64] 98044278 
    ✅ [64] 98044278 SPADE 1
    ✅ [64] 92177760 
    ✅ [64] 98044278 NOAH 70
    ✅ [64] 98835057 PRIUS 1
    ✅ [64] 98044278 
    ✅ [64] 98835057 GR86
    ✅ [64] 98835057 
    ✅ [64] 98044278 HIACE 3
    ✅ [64] 98835057 
    ✅ [64] 98835057 
    ✅ [64] 98044278 HIACE 3
    ✅ [64] 90991161 SLK200
    ✅ [64] 98044278 HIACE 3
    ✅ [64] 55184510 
    ✅ [64] 91608108 STEPWGN HYBRID RP5
    ✅ [64] 91608108 
  📄 爬取第 324 頁...
    ✅ [64] 15012000 
    ✅ [64] 20012500 
    ✅ [64] 25013500 
    ✅ [64] 35014500 
    ✅ [64] 98044278 H1 EURO 5
    ✅ [64] 92932995 MF08
    ✅ [64] 98034241 
    ✅ [64] 98044278 
    ✅ [64] 98044278 SPADE 1
    ✅ [64] 92177760 
    ✅ [64] 98044278 NOAH 70
    ✅ [64] 98835057 PRIUS 1
    ✅ [64] 98044278 
    ✅ [64] 98835057 GR86
    ✅ [64] 98835057 
    ✅ [64] 98044278 HIACE 3
    ✅ [64] 98835057 
    ✅ [64] 98835057 
    ✅ [64] 98044278 HIACE 3
    ✅ [64] 90991161 SLK200
    ✅ [64] 98044278 HIACE 3
    ✅ [64] 55184510 
    ✅ [64] 91608108 STEPWGN HYBRID RP5
    ✅ [64] 91608108 
  📄 爬取第 325 頁...
    ✅ [64] 15012000 
    ✅ [64] 20012500 
    ✅ [64] 25013500 
    ✅ [64] 35014500 
    ✅ [64] 98044278 H1 EURO 5
    ✅ [64] 92932995 MF08
    ✅ [64] 98034241 
    ✅ [64] 98044278 
    ✅ [64] 98044278 SPADE 1
    ✅ [64] 92177760 
    ✅ [64] 98044278 NOAH 70
    ✅ [64] 98835057 PRIUS 1
    ✅ [64] 98044278 
    ✅ [64] 98835057 GR86
    ✅ [64] 98835057 
    ✅ [64] 98044278 HIACE 3
    ✅ [64] 98835057 
    ✅ [64] 98835057 
    ✅ [64] 98044278 HIACE 3
    ✅ [64] 90991161 SLK200
    ✅ [64] 98044278 HIACE 3
    ✅ [64] 55184510 
    ✅ [64] 91608108 STEPWGN HYBRID RP5
    ✅ [64] 91608108 
  📄 爬取第 326 頁...
    ✅ [64] 15012000 
    ✅ [64] 20012500 
    ✅ [64] 25013500 
    ✅ [64] 35014500 
    ✅ [64] 98044278 H1 EURO 5
    ✅ [64] 92932995 MF08
    ✅ [64] 98034241 
    ✅ [64] 98044278 
    ✅ [64] 98044278 SPADE 1
    ✅ [64] 92177760 
    ✅ [64] 98044278 NOAH 70
    ✅ [64] 98835057 PRIUS 1
    ✅ [64] 98044278 
    ✅ [64] 98835057 GR86
    ✅ [64] 98835057 
    ✅ [64] 98044278 HIACE 3
    ✅ [64] 98835057 
    ✅ [64] 98835057 
    ✅ [64] 98044278 HIACE 3
    ✅ [64] 90991161 SLK200
    ✅ [64] 98044278 HIACE 3
    ✅ [64] 55184510 
    ✅ [64] 91608108 STEPWGN HYBRID RP5
    ✅ [64] 91608108 
  📄 爬取第 327 頁...
    ✅ [64] 15012000 
    ✅ [64] 20012500 
    ✅ [64] 25013500 
    ✅ [64] 35014500 
    ✅ [64] 98044278 H1 EURO 5
    ✅ [64] 92932995 MF08
    ✅ [64] 98034241 
    ✅ [64] 98044278 
    ✅ [64] 98044278 SPADE 1
    ✅ [64] 92177760 
    ✅ [64] 98044278 NOAH 70
    ✅ [64] 98835057 PRIUS 1
    ✅ [64] 98044278 
    ✅ [64] 98835057 GR86
    ✅ [64] 98835057 
    ✅ [64] 98044278 HIACE 3
    ✅ [64] 98835057 
    ✅ [64] 98835057 
    ✅ [64] 98044278 HIACE 3
    ✅ [64] 90991161 SLK200
    ✅ [64] 98044278 HIACE 3
    ✅ [64] 55184510 
    ✅ [64] 91608108 STEPWGN HYBRID RP5
    ✅ [64] 91608108 
  📄 爬取第 328 頁...
    ✅ [64] 15012000 
    ✅ [64] 20012500 
    ✅ [64] 25013500 
    ✅ [64] 35014500 
    ✅ [64] 98044278 H1 EURO 5
    ✅ [64] 92932995 MF08
    ✅ [64] 98034241 
    ✅ [64] 98044278 
    ✅ [64] 98044278 SPADE 1
    ✅ [64] 92177760 
    ✅ [64] 98044278 NOAH 70
    ✅ [64] 98835057 PRIUS 1
    ✅ [64] 98044278 
    ✅ [64] 98835057 GR86
    ✅ [64] 98835057 
    ✅ [64] 98044278 HIACE 3
    ✅ [64] 98835057 
    ✅ [64] 98835057 
    ✅ [64] 98044278 HIACE 3
    ✅ [64] 90991161 SLK200
    ✅ [64] 98044278 HIACE 3
    ✅ [64] 55184510 
    ✅ [64] 91608108 STEPWGN HYBRID RP5
    ✅ [64] 91608108 
  📄 爬取第 329 頁...
    ✅ [64] 15012000 
    ✅ [64] 20012500 
    ✅ [64] 25013500 
    ✅ [64] 35014500 
    ✅ [65] 96111160 
    ✅ [65] 98044278 
    ✅ [66] 94666496 
    ✅ [66] 98044278 
    ✅ [66] 98044278 H1 EURO 5
    ✅ [66] 92932995 MF08
    ✅ [66] 98034241 
    ✅ [66] 98044278 
    ✅ [66] 98044278 SPADE 1
    ✅ [66] 92177760 
    ✅ [66] 98044278 NOAH 70
    ✅ [66] 98835057 PRIUS 1
    ✅ [66] 98044278 
    ✅ [66] 98835057 GR86
    ✅ [66] 98835057 
    ✅ [66] 98044278 HIACE 3
    ✅ [66] 98835057 
    ✅ [66] 98835057 
    ✅ [66] 98044278 HIACE 3
  📄 爬取第 330 頁...
    ✅ [66] 15012000 
    ✅ [66] 20012500 
    ✅ [66] 25013500 
    ✅ [66] 35014500 
    ✅ [66] 96111160 
    ✅ [66] 98044278 
    ✅ [66] 94666496 
    ✅ [66] 98044278 
    ✅ [66] 98044278 H1 EURO 5
    ✅ [66] 92932995 MF08
    ✅ [66] 98034241 
    ✅ [66] 98044278 
    ✅ [66] 98044278 SPADE 1
    ✅ [66] 92177760 
    ✅ [66] 98044278 NOAH 70
    ✅ [66] 98835057 PRIUS 1
    ✅ [66] 98044278 
    ✅ [66] 98835057 GR86
    ✅ [66] 98835057 
    ✅ [66] 98044278 HIACE 3
    ✅ [66] 98835057 
    ✅ [66] 98835057 
    ✅ [66] 98044278 HIACE 3
  📄 爬取第 331 頁...
    ✅ [66] 15012000 
    ✅ [66] 20012500 
    ✅ [66] 25013500 
    ✅ [66] 35014500 
    ✅ [66] 96111160 
    ✅ [66] 98044278 
    ✅ [66] 94666496 
    ✅ [66] 98044278 
    ✅ [66] 98044278 H1 EURO 5
    ✅ [66] 92932995 MF08
    ✅ [66] 98034241 
    ✅ [66] 98044278 
    ✅ [66] 98044278 SPADE 1
    ✅ [66] 92177760 
    ✅ [66] 98044278 NOAH 70
    ✅ [66] 98835057 PRIUS 1
    ✅ [66] 98044278 
    ✅ [66] 98835057 GR86
    ✅ [66] 98835057 
    ✅ [66] 98044278 HIACE 3
    ✅ [66] 98835057 
    ✅ [66] 98835057 
    ✅ [66] 98044278 HIACE 3
  📄 爬取第 332 頁...
    ✅ [66] 15012000 
    ✅ [66] 20012500 
    ✅ [66] 25013500 
    ✅ [66] 35014500 
    ✅ [66] 96111160 
    ✅ [66] 98044278 
    ✅ [66] 94666496 
    ✅ [66] 98044278 
    ✅ [66] 98044278 H1 EURO 5
    ✅ [66] 92932995 MF08
    ✅ [66] 98034241 
    ✅ [66] 98044278 
    ✅ [66] 98044278 SPADE 1
    ✅ [66] 92177760 
    ✅ [66] 98044278 NOAH 70
    ✅ [66] 98835057 PRIUS 1
    ✅ [66] 98044278 
    ✅ [66] 98835057 GR86
    ✅ [66] 98835057 
    ✅ [66] 98044278 HIACE 3
    ✅ [66] 98835057 
    ✅ [66] 98835057 
    ✅ [66] 98044278 HIACE 3
  📄 爬取第 333 頁...
    ✅ [66] 15012000 
    ✅ [66] 20012500 
    ✅ [66] 25013500 
    ✅ [66] 35014500 
    ✅ [66] 96111160 
    ✅ [66] 98044278 
    ✅ [66] 94666496 
    ✅ [66] 98044278 
    ✅ [66] 98044278 H1 EURO 5
    ✅ [66] 92932995 MF08
    ✅ [66] 98034241 
    ✅ [66] 98044278 
    ✅ [66] 98044278 SPADE 1
    ✅ [66] 92177760 
    ✅ [66] 98044278 NOAH 70
    ✅ [66] 98835057 PRIUS 1
    ✅ [66] 98044278 
    ✅ [66] 98835057 GR86
    ✅ [66] 98835057 
    ✅ [66] 98044278 HIACE 3
    ✅ [66] 98835057 
    ✅ [66] 98835057 
    ✅ [66] 98044278 HIACE 3
  📄 爬取第 334 頁...
    ✅ [66] 15012000 
    ✅ [66] 20012500 
    ✅ [66] 25013500 
    ✅ [66] 35014500 
    ✅ [66] 96111160 
    ✅ [66] 98044278 
    ✅ [66] 94666496 
    ✅ [66] 98044278 
    ✅ [66] 98044278 H1 EURO 5
    ✅ [66] 92932995 MF08
    ✅ [66] 98034241 
    ✅ [66] 98044278 
    ✅ [66] 98044278 SPADE 1
    ✅ [66] 92177760 
    ✅ [66] 98044278 NOAH 70
    ✅ [66] 98835057 PRIUS 1
    ✅ [66] 98044278 
    ✅ [66] 98835057 GR86
    ✅ [66] 98835057 
    ✅ [66] 98044278 HIACE 3
    ✅ [66] 98835057 
    ✅ [66] 98835057 
    ✅ [66] 98044278 HIACE 3
  📄 爬取第 335 頁...
    ✅ [66] 15012000 
    ✅ [66] 20012500 
    ✅ [66] 25013500 
    ✅ [66] 35014500 
    ✅ [66] 96111160 
    ✅ [66] 98044278 
    ✅ [66] 94666496 
    ✅ [66] 98044278 
    ✅ [66] 98044278 H1 EURO 5
    ✅ [66] 92932995 MF08
    ✅ [66] 98034241 
    ✅ [66] 98044278 
    ✅ [66] 98044278 SPADE 1
    ✅ [66] 92177760 
    ✅ [66] 98044278 NOAH 70
    ✅ [66] 98835057 PRIUS 1
    ✅ [66] 98044278 
    ✅ [66] 98835057 GR86
    ✅ [66] 98835057 
    ✅ [66] 98044278 HIACE 3
    ✅ [66] 98835057 
    ✅ [66] 98835057 
    ✅ [66] 98044278 HIACE 3
  📄 爬取第 336 頁...
    ✅ [66] 15012000 
    ✅ [66] 20012500 
    ✅ [66] 25013500 
    ✅ [66] 35014500 
    ✅ [66] 96111160 
    ✅ [66] 98044278 
    ✅ [66] 94666496 
    ✅ [66] 98044278 
    ✅ [66] 98044278 H1 EURO 5
    ✅ [66] 92932995 MF08
    ✅ [66] 98034241 
    ✅ [66] 98044278 
    ✅ [66] 98044278 SPADE 1
    ✅ [66] 92177760 
    ✅ [66] 98044278 NOAH 70
    ✅ [66] 98835057 PRIUS 1
    ✅ [66] 98044278 
    ✅ [66] 98835057 GR86
    ✅ [66] 98835057 
    ✅ [66] 98044278 HIACE 3
    ✅ [66] 98835057 
    ✅ [66] 98835057 
    ✅ [66] 98044278 HIACE 3
  📄 爬取第 337 頁...
    ✅ [66] 15012000 
    ✅ [66] 20012500 
    ✅ [66] 25013500 
    ✅ [66] 35014500 
    ✅ [66] 96111160 
    ✅ [66] 98044278 
    ✅ [66] 94666496 
    ✅ [66] 98044278 
    ✅ [66] 98044278 H1 EURO 5
    ✅ [66] 92932995 MF08
    ✅ [66] 98034241 
    ✅ [66] 98044278 
    ✅ [66] 98044278 SPADE 1
    ✅ [66] 92177760 
    ✅ [66] 98044278 NOAH 70
    ✅ [66] 98835057 PRIUS 1
    ✅ [66] 98044278 
    ✅ [66] 98835057 GR86
    ✅ [66] 98835057 
    ✅ [66] 98044278 HIACE 3
    ✅ [66] 98835057 
    ✅ [66] 98835057 
    ✅ [66] 98044278 HIACE 3
  📄 爬取第 338 頁...
    ✅ [66] 15012000 
    ✅ [66] 20012500 
    ✅ [66] 25013500 
    ✅ [66] 35014500 
    ✅ [66] 96111160 
    ✅ [66] 98044278 
    ✅ [66] 94666496 
    ✅ [66] 98044278 
    ✅ [66] 98044278 H1 EURO 5
    ✅ [66] 92932995 MF08
    ✅ [66] 98034241 
    ✅ [66] 98044278 
    ✅ [66] 98044278 SPADE 1
    ✅ [66] 92177760 
    ✅ [66] 98044278 NOAH 70
    ✅ [66] 98835057 PRIUS 1
    ✅ [66] 98044278 
    ✅ [66] 98835057 GR86
    ✅ [66] 98835057 
    ✅ [66] 98044278 HIACE 3
    ✅ [66] 98835057 
    ✅ [66] 98835057 
    ✅ [66] 98044278 HIACE 3
  📄 爬取第 339 頁...
    ✅ [66] 15012000 
    ✅ [66] 20012500 
    ✅ [66] 25013500 
    ✅ [66] 35014500 
    ✅ [66] 96111160 
    ✅ [66] 98044278 
    ✅ [66] 94666496 
    ✅ [66] 98044278 
    ✅ [66] 98044278 H1 EURO 5
    ✅ [66] 92932995 MF08
    ✅ [66] 98034241 
    ✅ [66] 98044278 
    ✅ [66] 98044278 SPADE 1
    ✅ [66] 92177760 
    ✅ [66] 98044278 NOAH 70
    ✅ [66] 98835057 PRIUS 1
    ✅ [66] 98044278 
    ✅ [66] 98835057 GR86
    ✅ [66] 98835057 
    ✅ [66] 98044278 HIACE 3
    ✅ [66] 98835057 
    ✅ [66] 98835057 
    ✅ [66] 98044278 HIACE 3
  📄 爬取第 340 頁...
    ✅ [66] 15012000 
    ✅ [66] 20012500 
    ✅ [66] 25013500 
    ✅ [66] 35014500 
    ✅ [67] 69994006 INFINITI QX 80
    ✅ [67] 69994006 X7 XDRIVE 50
    ✅ [68] 53999887 
    ✅ [69] 94560148 
    ✅ [69] 98044278 HIACE 300
    ✅ [69] 96111160 
    ✅ [69] 98044278 
    ✅ [69] 94666496 
    ✅ [69] 98044278 
    ✅ [69] 98044278 H1 EURO 5
    ✅ [69] 92932995 MF08
    ✅ [69] 98034241 
    ✅ [69] 98044278 
    ✅ [69] 98044278 SPADE 1
    ✅ [69] 92177760 
    ✅ [69] 98044278 NOAH 70
  📄 爬取第 341 頁...
    ✅ [69] 15012000 
    ✅ [69] 20012500 
    ✅ [69] 25013500 
    ✅ [69] 35014500 
    ✅ [69] 69994006 INFINITI QX 80
    ✅ [69] 69994006 X7 XDRIVE 50
    ✅ [69] 53999887 
    ✅ [69] 94560148 
    ✅ [69] 98044278 HIACE 300
    ✅ [69] 96111160 
    ✅ [69] 98044278 
    ✅ [69] 94666496 
    ✅ [69] 98044278 
    ✅ [69] 98044278 H1 EURO 5
    ✅ [69] 92932995 MF08
    ✅ [69] 98034241 
    ✅ [69] 98044278 
    ✅ [69] 98044278 SPADE 1
    ✅ [69] 92177760 
    ✅ [69] 98044278 NOAH 70
  📄 爬取第 342 頁...
    ✅ [69] 15012000 
    ✅ [69] 20012500 
    ✅ [69] 25013500 
    ✅ [69] 35014500 
    ✅ [69] 69994006 INFINITI QX 80
    ✅ [69] 69994006 X7 XDRIVE 50
    ✅ [69] 53999887 
    ✅ [69] 94560148 
    ✅ [69] 98044278 HIACE 300
    ✅ [69] 96111160 
    ✅ [69] 98044278 
    ✅ [69] 94666496 
    ✅ [69] 98044278 
    ✅ [69] 98044278 H1 EURO 5
    ✅ [69] 92932995 MF08
    ✅ [69] 98034241 
    ✅ [69] 98044278 
    ✅ [69] 98044278 SPADE 1
    ✅ [69] 92177760 
    ✅ [69] 98044278 NOAH 70
  📄 爬取第 343 頁...
    ✅ [69] 15012000 
    ✅ [69] 20012500 
    ✅ [69] 25013500 
    ✅ [69] 35014500 
    ✅ [69] 69994006 INFINITI QX 80
    ✅ [69] 69994006 X7 XDRIVE 50
    ✅ [69] 53999887 
    ✅ [69] 94560148 
    ✅ [69] 98044278 HIACE 300
    ✅ [69] 96111160 
    ✅ [69] 98044278 
    ✅ [69] 94666496 
    ✅ [69] 98044278 
    ✅ [69] 98044278 H1 EURO 5
    ✅ [69] 92932995 MF08
    ✅ [69] 98034241 
    ✅ [69] 98044278 
    ✅ [69] 98044278 SPADE 1
    ✅ [69] 92177760 
    ✅ [69] 98044278 NOAH 70
  📄 爬取第 344 頁...
    ✅ [69] 15012000 
    ✅ [69] 20012500 
    ✅ [69] 25013500 
    ✅ [69] 35014500 
    ✅ [69] 69994006 INFINITI QX 80
    ✅ [69] 69994006 X7 XDRIVE 50
    ✅ [69] 53999887 
    ✅ [69] 94560148 
    ✅ [69] 98044278 HIACE 300
    ✅ [69] 96111160 
    ✅ [69] 98044278 
    ✅ [69] 94666496 
    ✅ [69] 98044278 
    ✅ [69] 98044278 H1 EURO 5
    ✅ [69] 92932995 MF08
    ✅ [69] 98034241 
    ✅ [69] 98044278 
    ✅ [69] 98044278 SPADE 1
    ✅ [69] 92177760 
    ✅ [69] 98044278 NOAH 70
  📄 爬取第 345 頁...
    ✅ [69] 15012000 
    ✅ [69] 20012500 
    ✅ [69] 25013500 
    ✅ [69] 35014500 
    ✅ [69] 69994006 INFINITI QX 80
    ✅ [69] 69994006 X7 XDRIVE 50
    ✅ [69] 53999887 
    ✅ [69] 94560148 
    ✅ [69] 98044278 HIACE 300
    ✅ [69] 96111160 
    ✅ [69] 98044278 
    ✅ [69] 94666496 
    ✅ [69] 98044278 
    ✅ [69] 98044278 H1 EURO 5
    ✅ [69] 92932995 MF08
    ✅ [69] 98034241 
    ✅ [69] 98044278 
    ✅ [69] 98044278 SPADE 1
    ✅ [69] 92177760 
    ✅ [69] 98044278 NOAH 70
  📄 爬取第 346 頁...
    ✅ [69] 15012000 
    ✅ [69] 20012500 
    ✅ [69] 25013500 
    ✅ [69] 35014500 
    ✅ [69] 69994006 INFINITI QX 80
    ✅ [69] 69994006 X7 XDRIVE 50
    ✅ [69] 53999887 
    ✅ [69] 94560148 
    ✅ [69] 98044278 HIACE 300
    ✅ [69] 96111160 
    ✅ [69] 98044278 
    ✅ [69] 94666496 
    ✅ [69] 98044278 
    ✅ [69] 98044278 H1 EURO 5
    ✅ [69] 92932995 MF08
    ✅ [69] 98034241 
    ✅ [69] 98044278 
    ✅ [69] 98044278 SPADE 1
    ✅ [69] 92177760 
    ✅ [69] 98044278 NOAH 70
  📄 爬取第 347 頁...
    ✅ [69] 15012000 
    ✅ [69] 20012500 
    ✅ [69] 25013500 
    ✅ [69] 35014500 
    ✅ [69] 69994006 INFINITI QX 80
    ✅ [69] 69994006 X7 XDRIVE 50
    ✅ [69] 53999887 
    ✅ [69] 94560148 
    ✅ [69] 98044278 HIACE 300
    ✅ [69] 96111160 
    ✅ [69] 98044278 
    ✅ [69] 94666496 
    ✅ [69] 98044278 
    ✅ [69] 98044278 H1 EURO 5
    ✅ [69] 92932995 MF08
    ✅ [69] 98034241 
    ✅ [69] 98044278 
    ✅ [69] 98044278 SPADE 1
    ✅ [69] 92177760 
    ✅ [69] 98044278 NOAH 70
  📄 爬取第 348 頁...
    ✅ [69] 15012000 
    ✅ [69] 20012500 
    ✅ [69] 25013500 
    ✅ [69] 35014500 
    ✅ [69] 69994006 INFINITI QX 80
    ✅ [69] 69994006 X7 XDRIVE 50
    ✅ [69] 53999887 
    ✅ [69] 94560148 
    ✅ [69] 98044278 HIACE 300
    ✅ [69] 96111160 
    ✅ [69] 98044278 
    ✅ [69] 94666496 
    ✅ [69] 98044278 
    ✅ [69] 98044278 H1 EURO 5
    ✅ [69] 92932995 MF08
    ✅ [69] 98034241 
    ✅ [69] 98044278 
    ✅ [69] 98044278 SPADE 1
    ✅ [69] 92177760 
    ✅ [69] 98044278 NOAH 70
  📄 爬取第 349 頁...
  📄 爬取第 350 頁...
    ✅ [69] 15012000 
    ✅ [69] 20012500 
    ✅ [69] 25013500 
    ✅ [69] 35014500 
    ✅ [69] 69994006 INFINITI QX 80
    ✅ [69] 69994006 X7 XDRIVE 50
    ✅ [69] 53999887 
    ✅ [69] 94560148 
    ✅ [69] 98044278 HIACE 300
    ✅ [69] 96111160 
    ✅ [69] 98044278 
    ✅ [69] 94666496 
    ✅ [69] 98044278 
    ✅ [69] 98044278 H1 EURO 5
    ✅ [69] 92932995 MF08
    ✅ [69] 98034241 
    ✅ [69] 98044278 
    ✅ [69] 98044278 SPADE 1
    ✅ [69] 92177760 
    ✅ [69] 98044278 NOAH 70
  📄 爬取第 351 頁...
    ✅ [69] 15012000 
    ✅ [69] 20012500 
    ✅ [69] 25013500 
    ✅ [69] 35014500 
    ✅ [69] 69994006 INFINITI QX 80
    ✅ [69] 69994006 X7 XDRIVE 50
    ✅ [69] 53999887 
    ✅ [69] 94560148 
    ✅ [69] 98044278 HIACE 300
    ✅ [69] 96111160 
    ✅ [69] 98044278 
    ✅ [69] 94666496 
    ✅ [69] 98044278 
    ✅ [69] 98044278 H1 EURO 5
    ✅ [69] 92932995 MF08
    ✅ [69] 98034241 
    ✅ [69] 98044278 
    ✅ [69] 98044278 SPADE 1
    ✅ [69] 92177760 
    ✅ [69] 98044278 NOAH 70
  📄 爬取第 352 頁...
    ✅ [69] 15012000 
    ✅ [69] 20012500 
    ✅ [69] 25013500 
    ✅ [69] 35014500 
    ✅ [70] 30016749 
    ✅ [70] 93808216 
    ✅ [70] 69994006 DEFENDER 90 P300
    ✅ [70] 69994006 S500
    ✅ [70] 69994006 VELLFIRE 2
    ✅ [70] 69994006 
    ✅ [70] 30016749 IS300
    ✅ [70] 69994006 S560
    ✅ [70] 98044278 HIACE 3
    ✅ [70] 69994006 
    ✅ [70] 30016749 HUSTLER 2
    ✅ [71] 91200853 MODEL S 75
    ✅ [71] 30016749 X3 XDRIVE20
    ✅ [71] 69994006 ALPHARD 3
    ✅ [71] 69994006 ALPHARD 2
  📄 爬取第 353 頁...
    ✅ [71] 15012000 
    ✅ [71] 20012500 
    ✅ [71] 25013500 
    ✅ [71] 35014500 
    ✅ [71] 30016749 
    ✅ [71] 93808216 
    ✅ [71] 69994006 DEFENDER 90 P300
    ✅ [71] 69994006 S500
    ✅ [71] 69994006 VELLFIRE 2
    ✅ [71] 69994006 
    ✅ [71] 30016749 IS300
    ✅ [71] 69994006 S560
    ✅ [71] 98044278 HIACE 3
    ✅ [71] 69994006 
    ✅ [71] 30016749 HUSTLER 2
    ✅ [71] 91200853 MODEL S 75
    ✅ [71] 30016749 X3 XDRIVE20
    ✅ [71] 69994006 ALPHARD 3
    ✅ [71] 69994006 ALPHARD 2
  📄 爬取第 354 頁...
  📄 爬取第 355 頁...
  📄 爬取第 356 頁...

📊 28car 完成: 71 條

📘 啟動 Facebook 爬蟲...
⚠️ undetected-chromedriver 未安裝，跳過 Facebook
📊 Facebook 完成: 0 條

======================================================================
📊 總計獲取: 71 條

✅ Excel 導出完成:
   📄 原始數據: /Users/claw/Desktop/汽車保險潛客數據/原始數據_20260318.xlsx
      - 28car電話: 71 條
      - Facebook潛客: 0 條
   📄 清洗後電話: /Users/claw/Desktop/汽車保險潛客數據/清洗後電話_20260318.xlsx
======================================================================
⚠️ 警告: 未達到目標 100 條，僅獲取 71 條
======================================================================
🤖 整合爬蟲系統 v2.0
======================================================================
🎯 目標: 100 條有效數據
📁 輸出: /Users/claw/Desktop/汽車保險潛客數據
⏰ 時間: 2026-03-19 09:00:02
======================================================================
======================================================================
🤖 整合爬蟲系統 v2.0
======================================================================
🎯 目標: 100 條有效數據
📁 輸出: /Users/claw/Desktop/汽車保險潛客數據
⏰ 時間: 2026-03-20 09:00:02
======================================================================

🚗 啟動 28car.com 爬蟲...
  📄 爬取第 1 頁...
    ✅ [1] 15012000 
    ✅ [2] 20012500 
    ✅ [3] 25013500 
    ✅ [4] 35014500 
    ✅ [5] 96430308 Q2 35
    ✅ [5] 96430308 
    ✅ [6] 98044278 HIACE 3
    ✅ [6] 98044278 HIACE 3
    ✅ [6] 98044278 HIACE 3
    ✅ [6] 98044278 NOAH 70
    ✅ [6] 98044278 HIACE 300
    ✅ [7] 64225793 RUMION 1
    ✅ [8] 57322050 
    ✅ [8] 98044278 
    ✅ [8] 98044278 NOAH 80
    ✅ [8] 98044278 HIACE 300
    ✅ [8] 98044278 HIACE 3
    ✅ [8] 98044278 HIACE 300
    ✅ [8] 98044278 
    ✅ [9] 63080884 SL500 R129
    ✅ [9] 63080884 
    ✅ [10] 96378646 
  📄 爬取第 2 頁...
    ✅ [10] 15012000 
    ✅ [10] 20012500 
    ✅ [10] 25013500 
    ✅ [10] 35014500 
    ✅ [10] 96430308 Q2 35
    ✅ [10] 96430308 
    ✅ [10] 98044278 HIACE 3
    ✅ [10] 98044278 HIACE 3
    ✅ [10] 98044278 HIACE 3
    ✅ [10] 98044278 NOAH 70
    ✅ [10] 98044278 HIACE 300
    ✅ [10] 64225793 RUMION 1
    ✅ [10] 57322050 
    ✅ [10] 98044278 
    ✅ [10] 98044278 NOAH 80
    ✅ [10] 98044278 HIACE 300
    ✅ [10] 98044278 HIACE 3
    ✅ [10] 98044278 HIACE 300
    ✅ [10] 98044278 
    ✅ [10] 63080884 SL500 R129
    ✅ [10] 63080884 
    ✅ [10] 96378646 
  📄 爬取第 3 頁...
    ✅ [10] 15012000 
    ✅ [10] 20012500 
    ✅ [10] 25013500 
    ✅ [10] 35014500 
    ✅ [10] 96430308 Q2 35
    ✅ [10] 96430308 
    ✅ [10] 98044278 HIACE 3
    ✅ [10] 98044278 HIACE 3
    ✅ [10] 98044278 HIACE 3
    ✅ [10] 98044278 NOAH 70
    ✅ [10] 98044278 HIACE 300
    ✅ [10] 64225793 RUMION 1
    ✅ [10] 57322050 
    ✅ [10] 98044278 
    ✅ [10] 98044278 NOAH 80
    ✅ [10] 98044278 HIACE 300
    ✅ [10] 98044278 HIACE 3
    ✅ [10] 98044278 HIACE 300
    ✅ [10] 98044278 
    ✅ [10] 63080884 SL500 R129
    ✅ [10] 63080884 
    ✅ [10] 96378646 
  📄 爬取第 4 頁...
    ✅ [10] 15012000 
    ✅ [10] 20012500 
    ✅ [10] 25013500 
    ✅ [10] 35014500 
    ✅ [10] 98044278 E250
    ✅ [11] 93605852 
    ✅ [11] 98044278 
    ✅ [11] 93605852 
    ✅ [11] 98044278 VELLFIRE 3
    ✅ [12] 93485915 ODYSSEY RC1
    ✅ [12] 96430308 Q2 35
    ✅ [12] 96430308 
    ✅ [12] 98044278 HIACE 3
    ✅ [12] 98044278 HIACE 3
    ✅ [12] 98044278 HIACE 3
    ✅ [12] 98044278 NOAH 70
    ✅ [12] 98044278 HIACE 300
    ✅ [12] 64225793 RUMION 1
    ✅ [12] 57322050 
    ✅ [12] 98044278 
    ✅ [12] 98044278 NOAH 80
    ✅ [12] 98044278 HIACE 300
    ✅ [12] 98044278 HIACE 3
  📄 爬取第 5 頁...
    ✅ [12] 15012000 
    ✅ [12] 20012500 
    ✅ [12] 25013500 
    ✅ [12] 35014500 
    ✅ [12] 98044278 E250
    ✅ [12] 93605852 
    ✅ [12] 98044278 
    ✅ [12] 93605852 
    ✅ [12] 98044278 VELLFIRE 3
    ✅ [12] 93485915 ODYSSEY RC1
    ✅ [12] 96430308 Q2 35
    ✅ [12] 96430308 
    ✅ [12] 98044278 HIACE 3
    ✅ [12] 98044278 HIACE 3
    ✅ [12] 98044278 HIACE 3
    ✅ [12] 98044278 NOAH 70
    ✅ [12] 98044278 HIACE 300
    ✅ [12] 64225793 RUMION 1
    ✅ [12] 57322050 
    ✅ [12] 98044278 
    ✅ [12] 98044278 NOAH 80
    ✅ [12] 98044278 HIACE 300
    ✅ [12] 98044278 HIACE 3
  📄 爬取第 6 頁...
    ✅ [12] 15012000 
    ✅ [12] 20012500 
    ✅ [12] 25013500 
    ✅ [12] 35014500 
    ✅ [12] 98044278 E250
    ✅ [12] 93605852 
    ✅ [12] 98044278 
    ✅ [12] 93605852 
    ✅ [12] 98044278 VELLFIRE 3
    ✅ [12] 93485915 ODYSSEY RC1
    ✅ [12] 96430308 Q2 35
    ✅ [12] 96430308 
    ✅ [12] 98044278 HIACE 3
    ✅ [12] 98044278 HIACE 3
    ✅ [12] 98044278 HIACE 3
    ✅ [12] 98044278 NOAH 70
    ✅ [12] 98044278 HIACE 300
    ✅ [12] 64225793 RUMION 1
    ✅ [12] 57322050 
    ✅ [12] 98044278 
    ✅ [12] 98044278 NOAH 80
    ✅ [12] 98044278 HIACE 300
    ✅ [12] 98044278 HIACE 3
  📄 爬取第 7 頁...
    ✅ [12] 15012000 
    ✅ [12] 20012500 
    ✅ [12] 25013500 
    ✅ [12] 35014500 
    ✅ [12] 98044278 E250
    ✅ [12] 93605852 
    ✅ [12] 98044278 
    ✅ [12] 93605852 
    ✅ [12] 98044278 VELLFIRE 3
    ✅ [12] 93485915 ODYSSEY RC1
    ✅ [12] 96430308 Q2 35
    ✅ [12] 96430308 
    ✅ [12] 98044278 HIACE 3
    ✅ [12] 98044278 HIACE 3
    ✅ [12] 98044278 HIACE 3
    ✅ [12] 98044278 NOAH 70
    ✅ [12] 98044278 HIACE 300
    ✅ [12] 64225793 RUMION 1
    ✅ [12] 57322050 
    ✅ [12] 98044278 
    ✅ [12] 98044278 NOAH 80
    ✅ [12] 98044278 HIACE 300
    ✅ [12] 98044278 HIACE 3
  📄 爬取第 8 頁...
    ✅ [12] 15012000 
    ✅ [12] 20012500 
    ✅ [12] 25013500 
    ✅ [12] 35014500 
    ✅ [12] 98044278 E250
    ✅ [12] 93605852 
    ✅ [12] 98044278 
    ✅ [12] 93605852 
    ✅ [12] 98044278 VELLFIRE 3
    ✅ [12] 93485915 ODYSSEY RC1
    ✅ [12] 96430308 Q2 35
    ✅ [12] 96430308 
    ✅ [12] 98044278 HIACE 3
    ✅ [12] 98044278 HIACE 3
    ✅ [12] 98044278 HIACE 3
    ✅ [12] 98044278 NOAH 70
    ✅ [12] 98044278 HIACE 300
    ✅ [12] 64225793 RUMION 1
    ✅ [12] 57322050 
    ✅ [12] 98044278 
    ✅ [12] 98044278 NOAH 80
    ✅ [12] 98044278 HIACE 300
    ✅ [12] 98044278 HIACE 3
  📄 爬取第 9 頁...
    ✅ [12] 15012000 
    ✅ [12] 20012500 
    ✅ [12] 25013500 
    ✅ [12] 35014500 
    ✅ [12] 98044278 E250
    ✅ [12] 93605852 
    ✅ [12] 98044278 
    ✅ [12] 93605852 
    ✅ [12] 98044278 VELLFIRE 3
    ✅ [12] 93485915 ODYSSEY RC1
    ✅ [12] 96430308 Q2 35
    ✅ [12] 96430308 
    ✅ [12] 98044278 HIACE 3
    ✅ [12] 98044278 HIACE 3
    ✅ [12] 98044278 HIACE 3
    ✅ [12] 98044278 NOAH 70
    ✅ [12] 98044278 HIACE 300
    ✅ [12] 64225793 RUMION 1
    ✅ [12] 57322050 
    ✅ [12] 98044278 
    ✅ [12] 98044278 NOAH 80
    ✅ [12] 98044278 HIACE 300
    ✅ [12] 98044278 HIACE 3
  📄 爬取第 10 頁...
    ✅ [12] 15012000 
    ✅ [12] 20012500 
    ✅ [12] 25013500 
    ✅ [12] 35014500 
    ✅ [12] 98044278 E250
    ✅ [12] 93605852 
    ✅ [12] 98044278 
    ✅ [12] 93605852 
    ✅ [12] 98044278 VELLFIRE 3
    ✅ [12] 93485915 ODYSSEY RC1
    ✅ [12] 96430308 Q2 35
    ✅ [12] 96430308 
    ✅ [12] 98044278 HIACE 3
    ✅ [12] 98044278 HIACE 3
    ✅ [12] 98044278 HIACE 3
    ✅ [12] 98044278 NOAH 70
    ✅ [12] 98044278 HIACE 300
    ✅ [12] 64225793 RUMION 1
    ✅ [12] 57322050 
    ✅ [12] 98044278 
    ✅ [12] 98044278 NOAH 80
    ✅ [12] 98044278 HIACE 300
    ✅ [12] 98044278 HIACE 3
  📄 爬取第 11 頁...
    ✅ [12] 15012000 
    ✅ [12] 20012500 
    ✅ [12] 25013500 
    ✅ [12] 35014500 
    ✅ [12] 98044278 E250
    ✅ [12] 93605852 
    ✅ [12] 98044278 
    ✅ [12] 93605852 
    ✅ [12] 98044278 VELLFIRE 3
    ✅ [12] 93485915 ODYSSEY RC1
    ✅ [12] 96430308 Q2 35
    ✅ [12] 96430308 
    ✅ [12] 98044278 HIACE 3
    ✅ [12] 98044278 HIACE 3
    ✅ [12] 98044278 HIACE 3
    ✅ [12] 98044278 NOAH 70
    ✅ [12] 98044278 HIACE 300
    ✅ [12] 64225793 RUMION 1
    ✅ [12] 57322050 
    ✅ [12] 98044278 
    ✅ [12] 98044278 NOAH 80
    ✅ [12] 98044278 HIACE 300
    ✅ [12] 98044278 HIACE 3
  📄 爬取第 12 頁...
    ✅ [12] 15012000 
    ✅ [12] 20012500 
    ✅ [12] 25013500 
    ✅ [12] 35014500 
    ✅ [12] 98044278 E250
    ✅ [12] 93605852 
    ✅ [12] 98044278 
    ✅ [12] 93605852 
    ✅ [12] 98044278 VELLFIRE 3
    ✅ [12] 93485915 ODYSSEY RC1
    ✅ [12] 96430308 Q2 35
    ✅ [12] 96430308 
    ✅ [12] 98044278 HIACE 3
    ✅ [12] 98044278 HIACE 3
    ✅ [12] 98044278 HIACE 3
    ✅ [12] 98044278 NOAH 70
    ✅ [12] 98044278 HIACE 300
    ✅ [12] 64225793 RUMION 1
    ✅ [12] 57322050 
    ✅ [12] 98044278 
    ✅ [12] 98044278 NOAH 80
    ✅ [12] 98044278 HIACE 300
    ✅ [12] 98044278 HIACE 3
  📄 爬取第 13 頁...
    ✅ [12] 15012000 
    ✅ [12] 20012500 
    ✅ [12] 25013500 
    ✅ [12] 35014500 
    ✅ [12] 98044278 E250
    ✅ [12] 93605852 
    ✅ [12] 98044278 
    ✅ [12] 93605852 
    ✅ [12] 98044278 VELLFIRE 3
    ✅ [12] 93485915 ODYSSEY RC1
    ✅ [12] 96430308 Q2 35
    ✅ [12] 96430308 
    ✅ [12] 98044278 HIACE 3
    ✅ [12] 98044278 HIACE 3
    ✅ [12] 98044278 HIACE 3
    ✅ [12] 98044278 NOAH 70
    ✅ [12] 98044278 HIACE 300
    ✅ [12] 64225793 RUMION 1
    ✅ [12] 57322050 
    ✅ [12] 98044278 
    ✅ [12] 98044278 NOAH 80
    ✅ [12] 98044278 HIACE 300
    ✅ [12] 98044278 HIACE 3
  📄 爬取第 14 頁...
    ✅ [12] 15012000 
    ✅ [12] 20012500 
    ✅ [12] 25013500 
    ✅ [12] 35014500 
    ✅ [12] 98044278 E250
    ✅ [12] 93605852 
    ✅ [12] 98044278 
    ✅ [12] 93605852 
    ✅ [12] 98044278 VELLFIRE 3
    ✅ [12] 93485915 ODYSSEY RC1
    ✅ [12] 96430308 Q2 35
    ✅ [12] 96430308 
    ✅ [12] 98044278 HIACE 3
    ✅ [12] 98044278 HIACE 3
    ✅ [12] 98044278 HIACE 3
    ✅ [12] 98044278 NOAH 70
    ✅ [12] 98044278 HIACE 300
    ✅ [12] 64225793 RUMION 1
    ✅ [12] 57322050 
    ✅ [12] 98044278 
    ✅ [12] 98044278 NOAH 80
    ✅ [12] 98044278 HIACE 300
    ✅ [12] 98044278 HIACE 3
  📄 爬取第 15 頁...
    ✅ [12] 15012000 
    ✅ [12] 20012500 
    ✅ [12] 25013500 
    ✅ [12] 35014500 
    ✅ [12] 98044278 E250
    ✅ [12] 93605852 
    ✅ [12] 98044278 
    ✅ [12] 93605852 
    ✅ [12] 98044278 VELLFIRE 3
    ✅ [12] 93485915 ODYSSEY RC1
    ✅ [12] 96430308 Q2 35
    ✅ [12] 96430308 
    ✅ [12] 98044278 HIACE 3
    ✅ [12] 98044278 HIACE 3
    ✅ [12] 98044278 HIACE 3
    ✅ [12] 98044278 NOAH 70
    ✅ [12] 98044278 HIACE 300
    ✅ [12] 64225793 RUMION 1
    ✅ [12] 57322050 
    ✅ [12] 98044278 
    ✅ [12] 98044278 NOAH 80
    ✅ [12] 98044278 HIACE 300
    ✅ [12] 98044278 HIACE 3
  📄 爬取第 16 頁...
    ✅ [12] 15012000 
    ✅ [12] 20012500 
    ✅ [12] 25013500 
    ✅ [12] 35014500 
    ✅ [12] 63080884 
    ✅ [12] 98044278 E250
    ✅ [12] 93605852 
    ✅ [12] 98044278 
    ✅ [12] 93605852 
    ✅ [12] 98044278 VELLFIRE 3
    ✅ [12] 93485915 ODYSSEY RC1
    ✅ [12] 96430308 Q2 35
    ✅ [12] 96430308 
    ✅ [12] 98044278 HIACE 3
    ✅ [12] 98044278 HIACE 3
    ✅ [12] 98044278 HIACE 3
    ✅ [12] 98044278 NOAH 70
    ✅ [12] 98044278 HIACE 300
    ✅ [12] 64225793 RUMION 1
    ✅ [12] 57322050 
    ✅ [12] 98044278 
    ✅ [12] 98044278 NOAH 80
    ✅ [12] 98044278 HIACE 300
  📄 爬取第 17 頁...
    ✅ [12] 15012000 
    ✅ [12] 20012500 
    ✅ [12] 25013500 
    ✅ [12] 35014500 
    ✅ [12] 63080884 
    ✅ [12] 98044278 E250
    ✅ [12] 93605852 
    ✅ [12] 98044278 
    ✅ [12] 93605852 
    ✅ [12] 98044278 VELLFIRE 3
    ✅ [12] 93485915 ODYSSEY RC1
    ✅ [12] 96430308 Q2 35
    ✅ [12] 96430308 
    ✅ [12] 98044278 HIACE 3
    ✅ [12] 98044278 HIACE 3
    ✅ [12] 98044278 HIACE 3
    ✅ [12] 98044278 NOAH 70
    ✅ [12] 98044278 HIACE 300
    ✅ [12] 64225793 RUMION 1
    ✅ [12] 57322050 
    ✅ [12] 98044278 
    ✅ [12] 98044278 NOAH 80
    ✅ [12] 98044278 HIACE 300
  📄 爬取第 18 頁...
    ✅ [12] 15012000 
    ✅ [12] 20012500 
    ✅ [12] 25013500 
    ✅ [12] 35014500 
    ✅ [12] 63080884 
    ✅ [12] 98044278 E250
    ✅ [12] 93605852 
    ✅ [12] 98044278 
    ✅ [12] 93605852 
    ✅ [12] 98044278 VELLFIRE 3
    ✅ [12] 93485915 ODYSSEY RC1
    ✅ [12] 96430308 Q2 35
    ✅ [12] 96430308 
    ✅ [12] 98044278 HIACE 3
    ✅ [12] 98044278 HIACE 3
    ✅ [12] 98044278 HIACE 3
    ✅ [12] 98044278 NOAH 70
    ✅ [12] 98044278 HIACE 300
    ✅ [12] 64225793 RUMION 1
    ✅ [12] 57322050 
    ✅ [12] 98044278 
    ✅ [12] 98044278 NOAH 80
    ✅ [12] 98044278 HIACE 300
  📄 爬取第 19 頁...
    ✅ [12] 15012000 
    ✅ [12] 20012500 
    ✅ [12] 25013500 
    ✅ [12] 35014500 
    ✅ [12] 63080884 
    ✅ [12] 98044278 E250
    ✅ [12] 93605852 
    ✅ [12] 98044278 
    ✅ [12] 93605852 
    ✅ [12] 98044278 VELLFIRE 3
    ✅ [12] 93485915 ODYSSEY RC1
    ✅ [12] 96430308 Q2 35
    ✅ [12] 96430308 
    ✅ [12] 98044278 HIACE 3
    ✅ [12] 98044278 HIACE 3
    ✅ [12] 98044278 HIACE 3
    ✅ [12] 98044278 NOAH 70
    ✅ [12] 98044278 HIACE 300
    ✅ [12] 64225793 RUMION 1
    ✅ [12] 57322050 
    ✅ [12] 98044278 
    ✅ [12] 98044278 NOAH 80
    ✅ [12] 98044278 HIACE 300
  📄 爬取第 20 頁...
    ✅ [12] 15012000 
    ✅ [12] 20012500 
    ✅ [12] 25013500 
    ✅ [12] 35014500 
    ✅ [12] 63080884 
    ✅ [12] 98044278 E250
    ✅ [12] 93605852 
    ✅ [12] 98044278 
    ✅ [12] 93605852 
    ✅ [12] 98044278 VELLFIRE 3
    ✅ [12] 93485915 ODYSSEY RC1
    ✅ [12] 96430308 Q2 35
    ✅ [12] 96430308 
    ✅ [12] 98044278 HIACE 3
    ✅ [12] 98044278 HIACE 3
    ✅ [12] 98044278 HIACE 3
    ✅ [12] 98044278 NOAH 70
    ✅ [12] 98044278 HIACE 300
    ✅ [12] 64225793 RUMION 1
    ✅ [12] 57322050 
    ✅ [12] 98044278 
    ✅ [12] 98044278 NOAH 80
    ✅ [12] 98044278 HIACE 300
  📄 爬取第 21 頁...
    ✅ [12] 15012000 
    ✅ [12] 20012500 
    ✅ [12] 25013500 
    ✅ [12] 35014500 
    ✅ [12] 63080884 
    ✅ [12] 98044278 E250
    ✅ [12] 93605852 
    ✅ [12] 98044278 
    ✅ [12] 93605852 
    ✅ [12] 98044278 VELLFIRE 3
    ✅ [12] 93485915 ODYSSEY RC1
    ✅ [12] 96430308 Q2 35
    ✅ [12] 96430308 
    ✅ [12] 98044278 HIACE 3
    ✅ [12] 98044278 HIACE 3
    ✅ [12] 98044278 HIACE 3
    ✅ [12] 98044278 NOAH 70
    ✅ [12] 98044278 HIACE 300
    ✅ [12] 64225793 RUMION 1
    ✅ [12] 57322050 
    ✅ [12] 98044278 
    ✅ [12] 98044278 NOAH 80
    ✅ [12] 98044278 HIACE 300
  📄 爬取第 22 頁...
    ✅ [12] 15012000 
    ✅ [12] 20012500 
    ✅ [12] 25013500 
    ✅ [12] 35014500 
    ✅ [12] 63080884 
    ✅ [12] 98044278 E250
    ✅ [12] 93605852 
    ✅ [12] 98044278 
    ✅ [12] 93605852 
    ✅ [12] 98044278 VELLFIRE 3
    ✅ [12] 93485915 ODYSSEY RC1
    ✅ [12] 96430308 Q2 35
    ✅ [12] 96430308 
    ✅ [12] 98044278 HIACE 3
    ✅ [12] 98044278 HIACE 3
    ✅ [12] 98044278 HIACE 3
    ✅ [12] 98044278 NOAH 70
    ✅ [12] 98044278 HIACE 300
    ✅ [12] 64225793 RUMION 1
    ✅ [12] 57322050 
    ✅ [12] 98044278 
    ✅ [12] 98044278 NOAH 80
    ✅ [12] 98044278 HIACE 300
  📄 爬取第 23 頁...
    ✅ [12] 15012000 
    ✅ [12] 20012500 
    ✅ [12] 25013500 
    ✅ [12] 35014500 
    ✅ [12] 63080884 
    ✅ [12] 98044278 E250
    ✅ [12] 93605852 
    ✅ [12] 98044278 
    ✅ [12] 93605852 
    ✅ [12] 98044278 VELLFIRE 3
    ✅ [12] 93485915 ODYSSEY RC1
    ✅ [12] 96430308 Q2 35
    ✅ [12] 96430308 
    ✅ [12] 98044278 HIACE 3
    ✅ [12] 98044278 HIACE 3
    ✅ [12] 98044278 HIACE 3
    ✅ [12] 98044278 NOAH 70
    ✅ [12] 98044278 HIACE 300
    ✅ [12] 64225793 RUMION 1
    ✅ [12] 57322050 
    ✅ [12] 98044278 
    ✅ [12] 98044278 NOAH 80
    ✅ [12] 98044278 HIACE 300
  📄 爬取第 24 頁...
    ✅ [12] 15012000 
    ✅ [12] 20012500 
    ✅ [12] 25013500 
    ✅ [12] 35014500 
    ✅ [12] 63080884 
    ✅ [12] 98044278 E250
    ✅ [12] 93605852 
    ✅ [12] 98044278 
    ✅ [12] 93605852 
    ✅ [12] 98044278 VELLFIRE 3
    ✅ [12] 93485915 ODYSSEY RC1
    ✅ [12] 96430308 Q2 35
    ✅ [12] 96430308 
    ✅ [12] 98044278 HIACE 3
    ✅ [12] 98044278 HIACE 3
    ✅ [12] 98044278 HIACE 3
    ✅ [12] 98044278 NOAH 70
    ✅ [12] 98044278 HIACE 300
    ✅ [12] 64225793 RUMION 1
    ✅ [12] 57322050 
    ✅ [12] 98044278 
    ✅ [12] 98044278 NOAH 80
    ✅ [12] 98044278 HIACE 300
  📄 爬取第 25 頁...
    ✅ [12] 15012000 
    ✅ [12] 20012500 
    ✅ [12] 25013500 
    ✅ [12] 35014500 
    ✅ [12] 63080884 
    ✅ [12] 98044278 E250
    ✅ [12] 93605852 
    ✅ [12] 98044278 
    ✅ [12] 93605852 
    ✅ [12] 98044278 VELLFIRE 3
    ✅ [12] 93485915 ODYSSEY RC1
    ✅ [12] 96430308 Q2 35
    ✅ [12] 96430308 
    ✅ [12] 98044278 HIACE 3
    ✅ [12] 98044278 HIACE 3
    ✅ [12] 98044278 HIACE 3
    ✅ [12] 98044278 NOAH 70
    ✅ [12] 98044278 HIACE 300
    ✅ [12] 64225793 RUMION 1
    ✅ [12] 57322050 
    ✅ [12] 98044278 
    ✅ [12] 98044278 NOAH 80
    ✅ [12] 98044278 HIACE 300
  📄 爬取第 26 頁...
    ✅ [12] 15012000 
    ✅ [12] 20012500 
    ✅ [12] 25013500 
    ✅ [12] 35014500 
    ✅ [12] 63080884 
    ✅ [12] 98044278 E250
    ✅ [12] 93605852 
    ✅ [12] 98044278 
    ✅ [12] 93605852 
    ✅ [12] 98044278 VELLFIRE 3
    ✅ [12] 93485915 ODYSSEY RC1
    ✅ [12] 96430308 Q2 35
    ✅ [12] 96430308 
    ✅ [12] 98044278 HIACE 3
    ✅ [12] 98044278 HIACE 3
    ✅ [12] 98044278 HIACE 3
    ✅ [12] 98044278 NOAH 70
    ✅ [12] 98044278 HIACE 300
    ✅ [12] 64225793 RUMION 1
    ✅ [12] 57322050 
    ✅ [12] 98044278 
    ✅ [12] 98044278 NOAH 80
    ✅ [12] 98044278 HIACE 300
  📄 爬取第 27 頁...
    ✅ [12] 15012000 
    ✅ [12] 20012500 
    ✅ [12] 25013500 
    ✅ [12] 35014500 
    ✅ [12] 93485915 ODYSSEY RC1
    ✅ [12] 63080884 
    ✅ [12] 98044278 E250
    ✅ [12] 93605852 
    ✅ [12] 98044278 
    ✅ [12] 93605852 
    ✅ [12] 98044278 VELLFIRE 3
    ✅ [12] 96430308 Q2 35
    ✅ [12] 96430308 
    ✅ [12] 98044278 HIACE 3
    ✅ [12] 98044278 HIACE 3
    ✅ [12] 98044278 HIACE 3
    ✅ [12] 98044278 NOAH 70
    ✅ [12] 98044278 HIACE 300
    ✅ [12] 64225793 RUMION 1
    ✅ [12] 57322050 
    ✅ [12] 98044278 
    ✅ [12] 98044278 NOAH 80
    ✅ [12] 98044278 HIACE 300
  📄 爬取第 28 頁...
    ✅ [12] 15012000 
    ✅ [12] 20012500 
    ✅ [12] 25013500 
    ✅ [12] 35014500 
    ✅ [12] 93485915 ODYSSEY RC1
    ✅ [12] 63080884 
    ✅ [12] 98044278 E250
    ✅ [12] 93605852 
    ✅ [12] 98044278 
    ✅ [12] 93605852 
    ✅ [12] 98044278 VELLFIRE 3
    ✅ [12] 96430308 Q2 35
    ✅ [12] 96430308 
    ✅ [12] 98044278 HIACE 3
    ✅ [12] 98044278 HIACE 3
    ✅ [12] 98044278 HIACE 3
    ✅ [12] 98044278 NOAH 70
    ✅ [12] 98044278 HIACE 300
    ✅ [12] 64225793 RUMION 1
    ✅ [12] 57322050 
    ✅ [12] 98044278 
    ✅ [12] 98044278 NOAH 80
    ✅ [12] 98044278 HIACE 300
  📄 爬取第 29 頁...
    ✅ [12] 15012000 
    ✅ [12] 20012500 
    ✅ [12] 25013500 
    ✅ [12] 35014500 
    ✅ [13] 91608108 VELLFIRE 2
    ✅ [14] 62908365 VELLFIRE 3
    ✅ [14] 93485915 ODYSSEY RC1
    ✅ [15] 51224260 
    ✅ [16] 60599337 ALPHARD 2
    ✅ [17] 61001340 ALPHARD 2
    ✅ [18] 52220639 HIACE 2
    ✅ [18] 62908365 Camry 2
    ✅ [19] 69922781 VELLFIRE 2
    ✅ [19] 63080884 
    ✅ [19] 98044278 E250
    ✅ [19] 93605852 
    ✅ [19] 98044278 
    ✅ [19] 93605852 
    ✅ [19] 98044278 VELLFIRE 3
    ✅ [19] 96430308 Q2 35
    ✅ [19] 96430308 
    ✅ [19] 98044278 HIACE 3
    ✅ [19] 98044278 HIACE 3
    ✅ [19] 98044278 HIACE 3
  📄 爬取第 30 頁...
    ✅ [19] 15012000 
    ✅ [19] 20012500 
    ✅ [19] 25013500 
    ✅ [19] 35014500 
    ✅ [19] 91608108 VELLFIRE 2
    ✅ [19] 62908365 VELLFIRE 3
    ✅ [19] 93485915 ODYSSEY RC1
    ✅ [19] 51224260 
    ✅ [19] 60599337 ALPHARD 2
    ✅ [19] 61001340 ALPHARD 2
    ✅ [19] 52220639 HIACE 2
    ✅ [19] 62908365 Camry 2
    ✅ [19] 69922781 VELLFIRE 2
    ✅ [19] 63080884 
    ✅ [19] 98044278 E250
    ✅ [19] 93605852 
    ✅ [19] 98044278 
    ✅ [19] 93605852 
    ✅ [19] 98044278 VELLFIRE 3
    ✅ [19] 96430308 Q2 35
    ✅ [19] 96430308 
    ✅ [19] 98044278 HIACE 3
    ✅ [19] 98044278 HIACE 3
    ✅ [19] 98044278 HIACE 3
  📄 爬取第 31 頁...
    ✅ [19] 15012000 
    ✅ [19] 20012500 
    ✅ [19] 25013500 
    ✅ [19] 35014500 
    ✅ [19] 91608108 VELLFIRE 2
    ✅ [19] 62908365 VELLFIRE 3
    ✅ [19] 93485915 ODYSSEY RC1
    ✅ [19] 51224260 
    ✅ [19] 60599337 ALPHARD 2
    ✅ [19] 61001340 ALPHARD 2
    ✅ [19] 52220639 HIACE 2
    ✅ [19] 62908365 Camry 2
    ✅ [19] 69922781 VELLFIRE 2
    ✅ [19] 63080884 
    ✅ [19] 98044278 E250
    ✅ [19] 93605852 
    ✅ [19] 98044278 
    ✅ [19] 93605852 
    ✅ [19] 98044278 VELLFIRE 3
    ✅ [19] 96430308 Q2 35
    ✅ [19] 96430308 
    ✅ [19] 98044278 HIACE 3
    ✅ [19] 98044278 HIACE 3
    ✅ [19] 98044278 HIACE 3
  📄 爬取第 32 頁...
    ✅ [19] 15012000 
    ✅ [19] 20012500 
    ✅ [19] 25013500 
    ✅ [19] 35014500 
    ✅ [19] 91608108 VELLFIRE 2
    ✅ [19] 62908365 VELLFIRE 3
    ✅ [19] 93485915 ODYSSEY RC1
    ✅ [19] 51224260 
    ✅ [19] 60599337 ALPHARD 2
    ✅ [19] 61001340 ALPHARD 2
    ✅ [19] 52220639 HIACE 2
    ✅ [19] 62908365 Camry 2
    ✅ [19] 69922781 VELLFIRE 2
    ✅ [19] 63080884 
    ✅ [19] 98044278 E250
    ✅ [19] 93605852 
    ✅ [19] 98044278 
    ✅ [19] 93605852 
    ✅ [19] 98044278 VELLFIRE 3
    ✅ [19] 96430308 Q2 35
    ✅ [19] 96430308 
    ✅ [19] 98044278 HIACE 3
    ✅ [19] 98044278 HIACE 3
    ✅ [19] 98044278 HIACE 3
  📄 爬取第 33 頁...
    ✅ [19] 15012000 
    ✅ [19] 20012500 
    ✅ [19] 25013500 
    ✅ [19] 35014500 
    ✅ [19] 91608108 VELLFIRE 2
    ✅ [19] 62908365 VELLFIRE 3
    ✅ [19] 93485915 ODYSSEY RC1
    ✅ [19] 51224260 
    ✅ [19] 60599337 ALPHARD 2
    ✅ [19] 61001340 ALPHARD 2
    ✅ [19] 52220639 HIACE 2
    ✅ [19] 62908365 Camry 2
    ✅ [19] 69922781 VELLFIRE 2
    ✅ [19] 63080884 
    ✅ [19] 98044278 E250
    ✅ [19] 93605852 
    ✅ [19] 98044278 
    ✅ [19] 93605852 
    ✅ [19] 98044278 VELLFIRE 3
    ✅ [19] 96430308 Q2 35
    ✅ [19] 96430308 
    ✅ [19] 98044278 HIACE 3
    ✅ [19] 98044278 HIACE 3
    ✅ [19] 98044278 HIACE 3
  📄 爬取第 34 頁...
    ✅ [19] 15012000 
    ✅ [19] 20012500 
    ✅ [19] 25013500 
    ✅ [19] 35014500 
    ✅ [19] 91608108 VELLFIRE 2
    ✅ [19] 62908365 VELLFIRE 3
    ✅ [19] 93485915 ODYSSEY RC1
    ✅ [19] 51224260 
    ✅ [19] 60599337 ALPHARD 2
    ✅ [19] 61001340 ALPHARD 2
    ✅ [19] 52220639 HIACE 2
    ✅ [19] 62908365 Camry 2
    ✅ [19] 69922781 VELLFIRE 2
    ✅ [19] 63080884 
    ✅ [19] 98044278 E250
    ✅ [19] 93605852 
    ✅ [19] 98044278 
    ✅ [19] 93605852 
    ✅ [19] 98044278 VELLFIRE 3
    ✅ [19] 96430308 Q2 35
    ✅ [19] 96430308 
    ✅ [19] 98044278 HIACE 3
    ✅ [19] 98044278 HIACE 3
    ✅ [19] 98044278 HIACE 3
  📄 爬取第 35 頁...
    ✅ [19] 15012000 
    ✅ [19] 20012500 
    ✅ [19] 25013500 
    ✅ [19] 35014500 
    ✅ [19] 91608108 VELLFIRE 2
    ✅ [19] 62908365 VELLFIRE 3
    ✅ [19] 93485915 ODYSSEY RC1
    ✅ [19] 51224260 
    ✅ [19] 60599337 ALPHARD 2
    ✅ [19] 61001340 ALPHARD 2
    ✅ [19] 52220639 HIACE 2
    ✅ [19] 62908365 Camry 2
    ✅ [19] 69922781 VELLFIRE 2
    ✅ [19] 63080884 
    ✅ [19] 98044278 E250
    ✅ [19] 93605852 
    ✅ [19] 98044278 
    ✅ [19] 93605852 
    ✅ [19] 98044278 VELLFIRE 3
    ✅ [19] 96430308 Q2 35
    ✅ [19] 96430308 
    ✅ [19] 98044278 HIACE 3
    ✅ [19] 98044278 HIACE 3
    ✅ [19] 98044278 HIACE 3
  📄 爬取第 36 頁...
    ✅ [19] 15012000 
    ✅ [19] 20012500 
    ✅ [19] 25013500 
    ✅ [19] 35014500 
    ✅ [19] 91608108 VELLFIRE 2
    ✅ [19] 62908365 VELLFIRE 3
    ✅ [19] 93485915 ODYSSEY RC1
    ✅ [19] 51224260 
    ✅ [19] 60599337 ALPHARD 2
    ✅ [19] 61001340 ALPHARD 2
    ✅ [19] 52220639 HIACE 2
    ✅ [19] 62908365 Camry 2
    ✅ [19] 69922781 VELLFIRE 2
    ✅ [19] 63080884 
    ✅ [19] 98044278 E250
    ✅ [19] 93605852 
    ✅ [19] 98044278 
    ✅ [19] 93605852 
    ✅ [19] 98044278 VELLFIRE 3
    ✅ [19] 96430308 Q2 35
    ✅ [19] 96430308 
    ✅ [19] 98044278 HIACE 3
    ✅ [19] 98044278 HIACE 3
    ✅ [19] 98044278 HIACE 3
  📄 爬取第 37 頁...
    ✅ [19] 15012000 
    ✅ [19] 20012500 
    ✅ [19] 25013500 
    ✅ [19] 35014500 
    ✅ [19] 91608108 VELLFIRE 2
    ✅ [19] 62908365 VELLFIRE 3
    ✅ [19] 93485915 ODYSSEY RC1
    ✅ [19] 51224260 
    ✅ [19] 60599337 ALPHARD 2
    ✅ [19] 61001340 ALPHARD 2
    ✅ [19] 52220639 HIACE 2
    ✅ [19] 62908365 Camry 2
    ✅ [19] 69922781 VELLFIRE 2
    ✅ [19] 63080884 
    ✅ [19] 98044278 E250
    ✅ [19] 93605852 
    ✅ [19] 98044278 
    ✅ [19] 93605852 
    ✅ [19] 98044278 VELLFIRE 3
    ✅ [19] 96430308 Q2 35
    ✅ [19] 96430308 
    ✅ [19] 98044278 HIACE 3
    ✅ [19] 98044278 HIACE 3
    ✅ [19] 98044278 HIACE 3
  📄 爬取第 38 頁...
    ✅ [19] 15012000 
    ✅ [19] 20012500 
    ✅ [19] 25013500 
    ✅ [19] 35014500 
    ✅ [19] 91608108 VELLFIRE 2
    ✅ [19] 62908365 VELLFIRE 3
    ✅ [19] 93485915 ODYSSEY RC1
    ✅ [19] 51224260 
    ✅ [19] 60599337 ALPHARD 2
    ✅ [19] 61001340 ALPHARD 2
    ✅ [19] 52220639 HIACE 2
    ✅ [19] 62908365 Camry 2
    ✅ [19] 69922781 VELLFIRE 2
    ✅ [19] 63080884 
    ✅ [19] 98044278 E250
    ✅ [19] 93605852 
    ✅ [19] 98044278 
    ✅ [19] 93605852 
    ✅ [19] 98044278 VELLFIRE 3
    ✅ [19] 96430308 Q2 35
    ✅ [19] 96430308 
    ✅ [19] 98044278 HIACE 3
    ✅ [19] 98044278 HIACE 3
    ✅ [19] 98044278 HIACE 3
  📄 爬取第 39 頁...
    ✅ [19] 15012000 
    ✅ [19] 20012500 
    ✅ [19] 25013500 
    ✅ [19] 35014500 
    ✅ [19] 91608108 VELLFIRE 2
    ✅ [19] 62908365 VELLFIRE 3
    ✅ [19] 93485915 ODYSSEY RC1
    ✅ [19] 51224260 
    ✅ [19] 60599337 ALPHARD 2
    ✅ [19] 61001340 ALPHARD 2
    ✅ [19] 52220639 HIACE 2
    ✅ [19] 62908365 Camry 2
    ✅ [19] 69922781 VELLFIRE 2
    ✅ [19] 63080884 
    ✅ [19] 98044278 E250
    ✅ [19] 93605852 
    ✅ [19] 98044278 
    ✅ [19] 93605852 
    ✅ [19] 98044278 VELLFIRE 3
    ✅ [19] 96430308 Q2 35
    ✅ [19] 96430308 
    ✅ [19] 98044278 HIACE 3
    ✅ [19] 98044278 HIACE 3
    ✅ [19] 98044278 HIACE 3
  📄 爬取第 40 頁...
    ✅ [19] 15012000 
    ✅ [19] 20012500 
    ✅ [19] 25013500 
    ✅ [19] 35014500 
    ✅ [19] 62908365 E200
    ✅ [19] 62908365 LS500
    ✅ [20] 93808216 VELLFIRE 2
    ✅ [20] 91608108 VELLFIRE 2
    ✅ [20] 62908365 VELLFIRE 3
    ✅ [20] 93485915 ODYSSEY RC1
    ✅ [20] 60599337 ALPHARD 2
    ✅ [20] 51224260 
    ✅ [20] 61001340 ALPHARD 2
    ✅ [20] 52220639 HIACE 2
    ✅ [20] 62908365 Camry 2
    ✅ [20] 69922781 VELLFIRE 2
    ✅ [20] 63080884 
    ✅ [20] 98044278 E250
    ✅ [20] 93605852 
    ✅ [20] 98044278 
    ✅ [20] 93605852 
    ✅ [20] 98044278 VELLFIRE 3
    ✅ [20] 96430308 Q2 35
    ✅ [20] 96430308 
  📄 爬取第 41 頁...
    ✅ [20] 15012000 
    ✅ [20] 20012500 
    ✅ [20] 25013500 
    ✅ [20] 35014500 
    ✅ [20] 62908365 E200
    ✅ [20] 62908365 LS500
    ✅ [20] 93808216 VELLFIRE 2
    ✅ [20] 91608108 VELLFIRE 2
    ✅ [20] 62908365 VELLFIRE 3
    ✅ [20] 93485915 ODYSSEY RC1
    ✅ [20] 60599337 ALPHARD 2
    ✅ [20] 51224260 
    ✅ [20] 61001340 ALPHARD 2
    ✅ [20] 52220639 HIACE 2
    ✅ [20] 62908365 Camry 2
    ✅ [20] 69922781 VELLFIRE 2
    ✅ [20] 63080884 
    ✅ [20] 98044278 E250
    ✅ [20] 93605852 
    ✅ [20] 98044278 
    ✅ [20] 93605852 
    ✅ [20] 98044278 VELLFIRE 3
    ✅ [20] 96430308 Q2 35
    ✅ [20] 96430308 
  📄 爬取第 42 頁...
    ✅ [20] 15012000 
    ✅ [20] 20012500 
    ✅ [20] 25013500 
    ✅ [20] 35014500 
    ✅ [20] 62908365 E200
    ✅ [20] 62908365 LS500
    ✅ [20] 93808216 VELLFIRE 2
    ✅ [20] 91608108 VELLFIRE 2
    ✅ [20] 62908365 VELLFIRE 3
    ✅ [20] 93485915 ODYSSEY RC1
    ✅ [20] 60599337 ALPHARD 2
    ✅ [20] 51224260 
    ✅ [20] 61001340 ALPHARD 2
    ✅ [20] 52220639 HIACE 2
    ✅ [20] 62908365 Camry 2
    ✅ [20] 69922781 VELLFIRE 2
    ✅ [20] 63080884 
    ✅ [20] 98044278 E250
    ✅ [20] 93605852 
    ✅ [20] 98044278 
    ✅ [20] 93605852 
    ✅ [20] 98044278 VELLFIRE 3
    ✅ [20] 96430308 Q2 35
    ✅ [20] 96430308 
  📄 爬取第 43 頁...
    ✅ [20] 15012000 
    ✅ [20] 20012500 
    ✅ [20] 25013500 
    ✅ [20] 35014500 
    ✅ [20] 62908365 E200
    ✅ [20] 62908365 LS500
    ✅ [20] 93808216 VELLFIRE 2
    ✅ [20] 91608108 VELLFIRE 2
    ✅ [20] 62908365 VELLFIRE 3
    ✅ [20] 93485915 ODYSSEY RC1
    ✅ [20] 60599337 ALPHARD 2
    ✅ [20] 51224260 
    ✅ [20] 61001340 ALPHARD 2
    ✅ [20] 52220639 HIACE 2
    ✅ [20] 62908365 Camry 2
    ✅ [20] 69922781 VELLFIRE 2
    ✅ [20] 63080884 
    ✅ [20] 98044278 E250
    ✅ [20] 93605852 
    ✅ [20] 98044278 
    ✅ [20] 93605852 
    ✅ [20] 98044278 VELLFIRE 3
    ✅ [20] 96430308 Q2 35
    ✅ [20] 96430308 
  📄 爬取第 44 頁...
    ✅ [20] 15012000 
    ✅ [20] 20012500 
    ✅ [20] 25013500 
    ✅ [20] 35014500 
    ✅ [20] 62908365 E200
    ✅ [20] 62908365 LS500
    ✅ [20] 93808216 VELLFIRE 2
    ✅ [20] 91608108 VELLFIRE 2
    ✅ [20] 62908365 VELLFIRE 3
    ✅ [20] 93485915 ODYSSEY RC1
    ✅ [20] 60599337 ALPHARD 2
    ✅ [20] 51224260 
    ✅ [20] 61001340 ALPHARD 2
    ✅ [20] 52220639 HIACE 2
    ✅ [20] 62908365 Camry 2
    ✅ [20] 69922781 VELLFIRE 2
    ✅ [20] 63080884 
    ✅ [20] 98044278 E250
    ✅ [20] 93605852 
    ✅ [20] 98044278 
    ✅ [20] 93605852 
    ✅ [20] 98044278 VELLFIRE 3
    ✅ [20] 96430308 Q2 35
    ✅ [20] 96430308 
  📄 爬取第 45 頁...
    ✅ [20] 15012000 
    ✅ [20] 20012500 
    ✅ [20] 25013500 
    ✅ [20] 35014500 
    ✅ [20] 62908365 E200
    ✅ [20] 62908365 LS500
    ✅ [20] 93808216 VELLFIRE 2
    ✅ [20] 91608108 VELLFIRE 2
    ✅ [20] 62908365 VELLFIRE 3
    ✅ [20] 93485915 ODYSSEY RC1
    ✅ [20] 60599337 ALPHARD 2
    ✅ [20] 51224260 
    ✅ [20] 61001340 ALPHARD 2
    ✅ [20] 52220639 HIACE 2
    ✅ [20] 62908365 Camry 2
    ✅ [20] 69922781 VELLFIRE 2
    ✅ [20] 63080884 
    ✅ [20] 98044278 E250
    ✅ [20] 93605852 
    ✅ [20] 98044278 
    ✅ [20] 93605852 
    ✅ [20] 98044278 VELLFIRE 3
    ✅ [20] 96430308 Q2 35
    ✅ [20] 96430308 
  📄 爬取第 46 頁...
    ✅ [20] 15012000 
    ✅ [20] 20012500 
    ✅ [20] 25013500 
    ✅ [20] 35014500 
    ✅ [20] 62908365 E200
    ✅ [20] 62908365 LS500
    ✅ [20] 93808216 VELLFIRE 2
    ✅ [20] 91608108 VELLFIRE 2
    ✅ [20] 62908365 VELLFIRE 3
    ✅ [20] 93485915 ODYSSEY RC1
    ✅ [20] 60599337 ALPHARD 2
    ✅ [20] 51224260 
    ✅ [20] 61001340 ALPHARD 2
    ✅ [20] 52220639 HIACE 2
    ✅ [20] 62908365 Camry 2
    ✅ [20] 69922781 VELLFIRE 2
    ✅ [20] 63080884 
    ✅ [20] 98044278 E250
    ✅ [20] 93605852 
    ✅ [20] 98044278 
    ✅ [20] 93605852 
    ✅ [20] 98044278 VELLFIRE 3
    ✅ [20] 96430308 Q2 35
    ✅ [20] 96430308 
  📄 爬取第 47 頁...
    ✅ [20] 15012000 
    ✅ [20] 20012500 
    ✅ [20] 25013500 
    ✅ [20] 35014500 
    ✅ [20] 62908365 E200
    ✅ [20] 62908365 LS500
    ✅ [20] 93808216 VELLFIRE 2
    ✅ [20] 91608108 VELLFIRE 2
    ✅ [20] 62908365 VELLFIRE 3
    ✅ [20] 93485915 ODYSSEY RC1
    ✅ [20] 60599337 ALPHARD 2
    ✅ [20] 51224260 
    ✅ [20] 61001340 ALPHARD 2
    ✅ [20] 52220639 HIACE 2
    ✅ [20] 62908365 Camry 2
    ✅ [20] 69922781 VELLFIRE 2
    ✅ [20] 63080884 
    ✅ [20] 98044278 E250
    ✅ [20] 93605852 
    ✅ [20] 98044278 
    ✅ [20] 93605852 
    ✅ [20] 98044278 VELLFIRE 3
    ✅ [20] 96430308 Q2 35
    ✅ [20] 96430308 
  📄 爬取第 48 頁...
    ✅ [20] 15012000 
    ✅ [20] 20012500 
    ✅ [20] 25013500 
    ✅ [20] 35014500 
    ✅ [20] 62908365 E200
    ✅ [20] 62908365 LS500
    ✅ [20] 93808216 VELLFIRE 2
    ✅ [20] 91608108 VELLFIRE 2
    ✅ [20] 62908365 VELLFIRE 3
    ✅ [20] 93485915 ODYSSEY RC1
    ✅ [20] 60599337 ALPHARD 2
    ✅ [20] 51224260 
    ✅ [20] 61001340 ALPHARD 2
    ✅ [20] 52220639 HIACE 2
    ✅ [20] 62908365 Camry 2
    ✅ [20] 69922781 VELLFIRE 2
    ✅ [20] 63080884 
    ✅ [20] 98044278 E250
    ✅ [20] 93605852 
    ✅ [20] 98044278 
    ✅ [20] 93605852 
    ✅ [20] 98044278 VELLFIRE 3
    ✅ [20] 96430308 Q2 35
    ✅ [20] 96430308 
  📄 爬取第 49 頁...
    ✅ [20] 15012000 
    ✅ [20] 20012500 
    ✅ [20] 25013500 
    ✅ [20] 35014500 
    ✅ [20] 62908365 E200
    ✅ [20] 62908365 LS500
    ✅ [20] 93808216 VELLFIRE 2
    ✅ [20] 91608108 VELLFIRE 2
    ✅ [20] 62908365 VELLFIRE 3
    ✅ [20] 93485915 ODYSSEY RC1
    ✅ [20] 60599337 ALPHARD 2
    ✅ [20] 51224260 
    ✅ [20] 61001340 ALPHARD 2
    ✅ [20] 52220639 HIACE 2
    ✅ [20] 62908365 Camry 2
    ✅ [20] 69922781 VELLFIRE 2
    ✅ [20] 63080884 
    ✅ [20] 98044278 E250
    ✅ [20] 93605852 
    ✅ [20] 98044278 
    ✅ [20] 93605852 
    ✅ [20] 98044278 VELLFIRE 3
    ✅ [20] 96430308 Q2 35
    ✅ [20] 96430308 
  📄 爬取第 50 頁...
    ✅ [20] 15012000 
    ✅ [20] 20012500 
    ✅ [20] 25013500 
    ✅ [20] 35014500 
    ✅ [20] 62908365 E200
    ✅ [20] 62908365 LS500
    ✅ [20] 93808216 VELLFIRE 2
    ✅ [20] 91608108 VELLFIRE 2
    ✅ [20] 62908365 VELLFIRE 3
    ✅ [20] 93485915 ODYSSEY RC1
    ✅ [20] 60599337 ALPHARD 2
    ✅ [20] 51224260 
    ✅ [20] 61001340 ALPHARD 2
    ✅ [20] 52220639 HIACE 2
    ✅ [20] 62908365 Camry 2
    ✅ [20] 69922781 VELLFIRE 2
    ✅ [20] 63080884 
    ✅ [20] 98044278 E250
    ✅ [20] 93605852 
    ✅ [20] 98044278 
    ✅ [20] 93605852 
    ✅ [20] 98044278 VELLFIRE 3
    ✅ [20] 96430308 Q2 35
    ✅ [20] 96430308 
  📄 爬取第 51 頁...
    ✅ [20] 15012000 
    ✅ [20] 20012500 
    ✅ [20] 25013500 
    ✅ [20] 35014500 
    ✅ [20] 62908365 E200
    ✅ [20] 62908365 LS500
    ✅ [20] 93808216 VELLFIRE 2
    ✅ [20] 91608108 VELLFIRE 2
    ✅ [20] 62908365 VELLFIRE 3
    ✅ [20] 93485915 ODYSSEY RC1
    ✅ [20] 60599337 ALPHARD 2
    ✅ [20] 51224260 
    ✅ [20] 61001340 ALPHARD 2
    ✅ [20] 52220639 HIACE 2
    ✅ [20] 62908365 Camry 2
    ✅ [20] 69922781 VELLFIRE 2
    ✅ [20] 63080884 
    ✅ [20] 98044278 E250
    ✅ [20] 93605852 
    ✅ [20] 98044278 
    ✅ [20] 93605852 
    ✅ [20] 98044278 VELLFIRE 3
    ✅ [20] 96430308 Q2 35
    ✅ [20] 96430308 
  📄 爬取第 52 頁...
    ✅ [20] 15012000 
    ✅ [20] 20012500 
    ✅ [20] 25013500 
    ✅ [20] 35014500 
    ✅ [20] 62908365 E200
    ✅ [20] 62908365 LS500
    ✅ [20] 93808216 VELLFIRE 2
    ✅ [20] 91608108 VELLFIRE 2
    ✅ [20] 62908365 VELLFIRE 3
    ✅ [20] 93485915 ODYSSEY RC1
    ✅ [20] 60599337 ALPHARD 2
    ✅ [20] 51224260 
    ✅ [20] 61001340 ALPHARD 2
    ✅ [20] 52220639 HIACE 2
    ✅ [20] 62908365 Camry 2
    ✅ [20] 69922781 VELLFIRE 2
    ✅ [20] 63080884 
    ✅ [20] 98044278 E250
    ✅ [20] 93605852 
    ✅ [20] 98044278 
    ✅ [20] 93605852 
    ✅ [20] 98044278 VELLFIRE 3
    ✅ [20] 96430308 Q2 35
    ✅ [20] 96430308 
  📄 爬取第 53 頁...
    ✅ [20] 15012000 
    ✅ [20] 20012500 
    ✅ [20] 25013500 
    ✅ [20] 35014500 
    ✅ [20] 62908365 
    ✅ [20] 62908365 GLC250
    ✅ [21] 91517374 A3 1
    ✅ [21] 62908365 NOAH 70
    ✅ [22] 61100465 MODEL 3
    ✅ [22] 62908365 E200
    ✅ [22] 62908365 LS500
    ✅ [22] 93808216 VELLFIRE 2
    ✅ [22] 91608108 VELLFIRE 2
    ✅ [22] 62908365 VELLFIRE 3
    ✅ [22] 93485915 ODYSSEY RC1
    ✅ [22] 61001340 ALPHARD 2
    ✅ [22] 51224260 
    ✅ [22] 60599337 ALPHARD 2
    ✅ [22] 52220639 HIACE 2
    ✅ [22] 62908365 Camry 2
    ✅ [22] 69922781 VELLFIRE 2
    ✅ [22] 63080884 
    ✅ [22] 98044278 E250
    ✅ [22] 93605852 
  📄 爬取第 54 頁...
    ✅ [22] 15012000 
    ✅ [22] 20012500 
    ✅ [22] 25013500 
    ✅ [22] 35014500 
    ✅ [22] 62908365 
    ✅ [22] 62908365 GLC250
    ✅ [22] 91517374 A3 1
    ✅ [22] 62908365 NOAH 70
    ✅ [22] 61100465 MODEL 3
    ✅ [22] 62908365 E200
    ✅ [22] 62908365 LS500
    ✅ [22] 93808216 VELLFIRE 2
    ✅ [22] 91608108 VELLFIRE 2
    ✅ [22] 62908365 VELLFIRE 3
    ✅ [22] 93485915 ODYSSEY RC1
    ✅ [22] 61001340 ALPHARD 2
    ✅ [22] 51224260 
    ✅ [22] 60599337 ALPHARD 2
    ✅ [22] 52220639 HIACE 2
    ✅ [22] 62908365 Camry 2
    ✅ [22] 69922781 VELLFIRE 2
    ✅ [22] 63080884 
    ✅ [22] 98044278 E250
    ✅ [22] 93605852 
  📄 爬取第 55 頁...
    ✅ [22] 15012000 
    ✅ [22] 20012500 
    ✅ [22] 25013500 
    ✅ [22] 35014500 
    ✅ [22] 62908365 
    ✅ [22] 62908365 GLC250
    ✅ [22] 91517374 A3 1
    ✅ [22] 62908365 NOAH 70
    ✅ [22] 61100465 MODEL 3
    ✅ [22] 62908365 E200
    ✅ [22] 62908365 LS500
    ✅ [22] 93808216 VELLFIRE 2
    ✅ [22] 91608108 VELLFIRE 2
    ✅ [22] 62908365 VELLFIRE 3
    ✅ [22] 93485915 ODYSSEY RC1
    ✅ [22] 61001340 ALPHARD 2
    ✅ [22] 51224260 
    ✅ [22] 60599337 ALPHARD 2
    ✅ [22] 52220639 HIACE 2
    ✅ [22] 62908365 Camry 2
    ✅ [22] 69922781 VELLFIRE 2
    ✅ [22] 63080884 
    ✅ [22] 98044278 E250
    ✅ [22] 93605852 
  📄 爬取第 56 頁...
    ✅ [22] 15012000 
    ✅ [22] 20012500 
    ✅ [22] 25013500 
    ✅ [22] 35014500 
    ✅ [22] 62908365 
    ✅ [22] 62908365 GLC250
    ✅ [22] 91517374 A3 1
    ✅ [22] 62908365 NOAH 70
    ✅ [22] 61100465 MODEL 3
    ✅ [22] 62908365 E200
    ✅ [22] 62908365 LS500
    ✅ [22] 93808216 VELLFIRE 2
    ✅ [22] 91608108 VELLFIRE 2
    ✅ [22] 62908365 VELLFIRE 3
    ✅ [22] 93485915 ODYSSEY RC1
    ✅ [22] 61001340 ALPHARD 2
    ✅ [22] 51224260 
    ✅ [22] 60599337 ALPHARD 2
    ✅ [22] 52220639 HIACE 2
    ✅ [22] 62908365 Camry 2
    ✅ [22] 69922781 VELLFIRE 2
    ✅ [22] 63080884 
    ✅ [22] 98044278 E250
    ✅ [22] 93605852 
  📄 爬取第 57 頁...
    ✅ [22] 15012000 
    ✅ [22] 20012500 
    ✅ [22] 25013500 
    ✅ [22] 35014500 
    ✅ [22] 62908365 
    ✅ [22] 62908365 GLC250
    ✅ [22] 91517374 A3 1
    ✅ [22] 62908365 NOAH 70
    ✅ [22] 61100465 MODEL 3
    ✅ [22] 62908365 E200
    ✅ [22] 62908365 LS500
    ✅ [22] 93808216 VELLFIRE 2
    ✅ [22] 91608108 VELLFIRE 2
    ✅ [22] 62908365 VELLFIRE 3
    ✅ [22] 93485915 ODYSSEY RC1
    ✅ [22] 61001340 ALPHARD 2
    ✅ [22] 51224260 
    ✅ [22] 60599337 ALPHARD 2
    ✅ [22] 52220639 HIACE 2
    ✅ [22] 62908365 Camry 2
    ✅ [22] 69922781 VELLFIRE 2
    ✅ [22] 63080884 
    ✅ [22] 98044278 E250
    ✅ [22] 93605852 
  📄 爬取第 58 頁...
    ✅ [22] 15012000 
    ✅ [22] 20012500 
    ✅ [22] 25013500 
    ✅ [22] 35014500 
    ✅ [22] 62908365 
    ✅ [22] 62908365 GLC250
    ✅ [22] 91517374 A3 1
    ✅ [22] 62908365 NOAH 70
    ✅ [22] 61100465 MODEL 3
    ✅ [22] 62908365 E200
    ✅ [22] 62908365 LS500
    ✅ [22] 93808216 VELLFIRE 2
    ✅ [22] 91608108 VELLFIRE 2
    ✅ [22] 62908365 VELLFIRE 3
    ✅ [22] 93485915 ODYSSEY RC1
    ✅ [22] 61001340 ALPHARD 2
    ✅ [22] 51224260 
    ✅ [22] 60599337 ALPHARD 2
    ✅ [22] 52220639 HIACE 2
    ✅ [22] 62908365 Camry 2
    ✅ [22] 69922781 VELLFIRE 2
    ✅ [22] 63080884 
    ✅ [22] 98044278 E250
    ✅ [22] 93605852 
  📄 爬取第 59 頁...
    ✅ [22] 15012000 
    ✅ [22] 20012500 
    ✅ [22] 25013500 
    ✅ [22] 35014500 
    ✅ [22] 62908365 
    ✅ [22] 62908365 GLC250
    ✅ [22] 91517374 A3 1
    ✅ [22] 62908365 NOAH 70
    ✅ [22] 61100465 MODEL 3
    ✅ [22] 62908365 E200
    ✅ [22] 62908365 LS500
    ✅ [22] 93808216 VELLFIRE 2
    ✅ [22] 91608108 VELLFIRE 2
    ✅ [22] 62908365 VELLFIRE 3
    ✅ [22] 93485915 ODYSSEY RC1
    ✅ [22] 61001340 ALPHARD 2
    ✅ [22] 51224260 
    ✅ [22] 60599337 ALPHARD 2
    ✅ [22] 52220639 HIACE 2
    ✅ [22] 62908365 Camry 2
    ✅ [22] 69922781 VELLFIRE 2
    ✅ [22] 63080884 
    ✅ [22] 98044278 E250
    ✅ [22] 93605852 
  📄 爬取第 60 頁...
    ✅ [22] 15012000 
    ✅ [22] 20012500 
    ✅ [22] 25013500 
    ✅ [22] 35014500 
    ✅ [22] 62908365 
    ✅ [22] 62908365 GLC250
    ✅ [22] 91517374 A3 1
    ✅ [22] 62908365 NOAH 70
    ✅ [22] 61100465 MODEL 3
    ✅ [22] 62908365 E200
    ✅ [22] 62908365 LS500
    ✅ [22] 93808216 VELLFIRE 2
    ✅ [22] 91608108 VELLFIRE 2
    ✅ [22] 62908365 VELLFIRE 3
    ✅ [22] 93485915 ODYSSEY RC1
    ✅ [22] 61001340 ALPHARD 2
    ✅ [22] 51224260 
    ✅ [22] 60599337 ALPHARD 2
    ✅ [22] 52220639 HIACE 2
    ✅ [22] 62908365 Camry 2
    ✅ [22] 69922781 VELLFIRE 2
    ✅ [22] 63080884 
    ✅ [22] 98044278 E250
    ✅ [22] 93605852 
  📄 爬取第 61 頁...
    ✅ [22] 15012000 
    ✅ [22] 20012500 
    ✅ [22] 25013500 
    ✅ [22] 35014500 
    ✅ [22] 62908365 
    ✅ [22] 62908365 GLC250
    ✅ [22] 91517374 A3 1
    ✅ [22] 62908365 NOAH 70
    ✅ [22] 61100465 MODEL 3
    ✅ [22] 62908365 E200
    ✅ [22] 62908365 LS500
    ✅ [22] 93808216 VELLFIRE 2
    ✅ [22] 91608108 VELLFIRE 2
    ✅ [22] 62908365 VELLFIRE 3
    ✅ [22] 93485915 ODYSSEY RC1
    ✅ [22] 61001340 ALPHARD 2
    ✅ [22] 51224260 
    ✅ [22] 60599337 ALPHARD 2
    ✅ [22] 52220639 HIACE 2
    ✅ [22] 62908365 Camry 2
    ✅ [22] 69922781 VELLFIRE 2
    ✅ [22] 63080884 
    ✅ [22] 98044278 E250
    ✅ [22] 93605852 
  📄 爬取第 62 頁...
    ✅ [22] 15012000 
    ✅ [22] 20012500 
    ✅ [22] 25013500 
    ✅ [22] 35014500 
    ✅ [22] 62908365 
    ✅ [22] 62908365 GLC250
    ✅ [22] 91517374 A3 1
    ✅ [22] 62908365 NOAH 70
    ✅ [22] 61100465 MODEL 3
    ✅ [22] 62908365 E200
    ✅ [22] 62908365 LS500
    ✅ [22] 93808216 VELLFIRE 2
    ✅ [22] 91608108 VELLFIRE 2
    ✅ [22] 62908365 VELLFIRE 3
    ✅ [22] 93485915 ODYSSEY RC1
    ✅ [22] 61001340 ALPHARD 2
    ✅ [22] 51224260 
    ✅ [22] 60599337 ALPHARD 2
    ✅ [22] 52220639 HIACE 2
    ✅ [22] 62908365 Camry 2
    ✅ [22] 69922781 VELLFIRE 2
    ✅ [22] 63080884 
    ✅ [22] 98044278 E250
    ✅ [22] 93605852 
  📄 爬取第 63 頁...
    ✅ [22] 15012000 
    ✅ [22] 20012500 
    ✅ [22] 25013500 
    ✅ [22] 35014500 
    ✅ [22] 62908365 
    ✅ [22] 62908365 GLC250
    ✅ [22] 91517374 A3 1
    ✅ [22] 62908365 NOAH 70
    ✅ [22] 61100465 MODEL 3
    ✅ [22] 62908365 E200
    ✅ [22] 62908365 LS500
    ✅ [22] 93808216 VELLFIRE 2
    ✅ [22] 91608108 VELLFIRE 2
    ✅ [22] 62908365 VELLFIRE 3
    ✅ [22] 93485915 ODYSSEY RC1
    ✅ [22] 61001340 ALPHARD 2
    ✅ [22] 51224260 
    ✅ [22] 60599337 ALPHARD 2
    ✅ [22] 52220639 HIACE 2
    ✅ [22] 62908365 Camry 2
    ✅ [22] 69922781 VELLFIRE 2
    ✅ [22] 63080884 
    ✅ [22] 98044278 E250
    ✅ [22] 93605852 
  📄 爬取第 64 頁...
    ✅ [22] 15012000 
    ✅ [22] 20012500 
    ✅ [22] 25013500 
    ✅ [22] 35014500 
    ✅ [22] 62908365 
    ✅ [22] 62908365 GLC250
    ✅ [22] 91517374 A3 1
    ✅ [22] 62908365 NOAH 70
    ✅ [22] 61100465 MODEL 3
    ✅ [22] 62908365 E200
    ✅ [22] 62908365 LS500
    ✅ [22] 93808216 VELLFIRE 2
    ✅ [22] 91608108 VELLFIRE 2
    ✅ [22] 62908365 VELLFIRE 3
    ✅ [22] 93485915 ODYSSEY RC1
    ✅ [22] 61001340 ALPHARD 2
    ✅ [22] 51224260 
    ✅ [22] 60599337 ALPHARD 2
    ✅ [22] 52220639 HIACE 2
    ✅ [22] 62908365 Camry 2
    ✅ [22] 69922781 VELLFIRE 2
    ✅ [22] 63080884 
    ✅ [22] 98044278 E250
    ✅ [22] 93605852 
  📄 爬取第 65 頁...
    ✅ [22] 15012000 
    ✅ [22] 20012500 
    ✅ [22] 25013500 
    ✅ [22] 35014500 
    ✅ [23] 94438229 
    ✅ [24] 91312375 XV 2
    ✅ [24] 62908365 MACAN 2
    ✅ [24] 62908365 X1 SDRIVE20
    ✅ [24] 62908365 
    ✅ [24] 62908365 GLC250
    ✅ [24] 91517374 A3 1
    ✅ [24] 62908365 NOAH 70
    ✅ [24] 61100465 MODEL 3
    ✅ [24] 62908365 E200
    ✅ [24] 62908365 LS500
    ✅ [24] 93808216 VELLFIRE 2
    ✅ [24] 91608108 VELLFIRE 2
    ✅ [24] 62908365 VELLFIRE 3
    ✅ [24] 93485915 ODYSSEY RC1
    ✅ [24] 60599337 ALPHARD 2
    ✅ [24] 61001340 ALPHARD 2
    ✅ [24] 51224260 
    ✅ [24] 52220639 HIACE 2
    ✅ [24] 62908365 Camry 2
  📄 爬取第 66 頁...
    ✅ [24] 15012000 
    ✅ [24] 20012500 
    ✅ [24] 25013500 
    ✅ [24] 35014500 
    ✅ [24] 94438229 
    ✅ [24] 91312375 XV 2
    ✅ [24] 62908365 MACAN 2
    ✅ [24] 62908365 X1 SDRIVE20
    ✅ [24] 62908365 
    ✅ [24] 62908365 GLC250
    ✅ [24] 91517374 A3 1
    ✅ [24] 62908365 NOAH 70
    ✅ [24] 61100465 MODEL 3
    ✅ [24] 62908365 E200
    ✅ [24] 62908365 LS500
    ✅ [24] 93808216 VELLFIRE 2
    ✅ [24] 91608108 VELLFIRE 2
    ✅ [24] 62908365 VELLFIRE 3
    ✅ [24] 93485915 ODYSSEY RC1
    ✅ [24] 60599337 ALPHARD 2
    ✅ [24] 61001340 ALPHARD 2
    ✅ [24] 51224260 
    ✅ [24] 52220639 HIACE 2
    ✅ [24] 62908365 Camry 2
  📄 爬取第 67 頁...
    ✅ [24] 15012000 
    ✅ [24] 20012500 
    ✅ [24] 25013500 
    ✅ [24] 35014500 
    ✅ [24] 94438229 
    ✅ [24] 91312375 XV 2
    ✅ [24] 62908365 MACAN 2
    ✅ [24] 62908365 X1 SDRIVE20
    ✅ [24] 62908365 
    ✅ [24] 62908365 GLC250
    ✅ [24] 91517374 A3 1
    ✅ [24] 62908365 NOAH 70
    ✅ [24] 61100465 MODEL 3
    ✅ [24] 62908365 E200
    ✅ [24] 62908365 LS500
    ✅ [24] 93808216 VELLFIRE 2
    ✅ [24] 91608108 VELLFIRE 2
    ✅ [24] 62908365 VELLFIRE 3
    ✅ [24] 93485915 ODYSSEY RC1
    ✅ [24] 60599337 ALPHARD 2
    ✅ [24] 61001340 ALPHARD 2
    ✅ [24] 51224260 
    ✅ [24] 52220639 HIACE 2
    ✅ [24] 62908365 Camry 2
  📄 爬取第 68 頁...
    ✅ [24] 15012000 
    ✅ [24] 20012500 
    ✅ [24] 25013500 
    ✅ [24] 35014500 
    ✅ [24] 94438229 
    ✅ [24] 91312375 XV 2
    ✅ [24] 62908365 MACAN 2
    ✅ [24] 62908365 X1 SDRIVE20
    ✅ [24] 62908365 
    ✅ [24] 62908365 GLC250
    ✅ [24] 91517374 A3 1
    ✅ [24] 62908365 NOAH 70
    ✅ [24] 61100465 MODEL 3
    ✅ [24] 62908365 E200
    ✅ [24] 62908365 LS500
    ✅ [24] 93808216 VELLFIRE 2
    ✅ [24] 91608108 VELLFIRE 2
    ✅ [24] 62908365 VELLFIRE 3
    ✅ [24] 93485915 ODYSSEY RC1
    ✅ [24] 60599337 ALPHARD 2
    ✅ [24] 61001340 ALPHARD 2
    ✅ [24] 51224260 
    ✅ [24] 52220639 HIACE 2
    ✅ [24] 62908365 Camry 2
  📄 爬取第 69 頁...
    ✅ [24] 15012000 
    ✅ [24] 20012500 
    ✅ [24] 25013500 
    ✅ [24] 35014500 
    ✅ [24] 94438229 
    ✅ [24] 91312375 XV 2
    ✅ [24] 62908365 MACAN 2
    ✅ [24] 62908365 X1 SDRIVE20
    ✅ [24] 62908365 
    ✅ [24] 62908365 GLC250
    ✅ [24] 91517374 A3 1
    ✅ [24] 62908365 NOAH 70
    ✅ [24] 61100465 MODEL 3
    ✅ [24] 62908365 E200
    ✅ [24] 62908365 LS500
    ✅ [24] 93808216 VELLFIRE 2
    ✅ [24] 91608108 VELLFIRE 2
    ✅ [24] 62908365 VELLFIRE 3
    ✅ [24] 93485915 ODYSSEY RC1
    ✅ [24] 60599337 ALPHARD 2
    ✅ [24] 61001340 ALPHARD 2
    ✅ [24] 51224260 
    ✅ [24] 52220639 HIACE 2
    ✅ [24] 62908365 Camry 2
  📄 爬取第 70 頁...
    ✅ [24] 15012000 
    ✅ [24] 20012500 
    ✅ [24] 25013500 
    ✅ [24] 35014500 
    ✅ [24] 94438229 
    ✅ [24] 91312375 XV 2
    ✅ [24] 62908365 MACAN 2
    ✅ [24] 62908365 X1 SDRIVE20
    ✅ [24] 62908365 
    ✅ [24] 62908365 GLC250
    ✅ [24] 91517374 A3 1
    ✅ [24] 62908365 NOAH 70
    ✅ [24] 61100465 MODEL 3
    ✅ [24] 62908365 E200
    ✅ [24] 62908365 LS500
    ✅ [24] 93808216 VELLFIRE 2
    ✅ [24] 91608108 VELLFIRE 2
    ✅ [24] 62908365 VELLFIRE 3
    ✅ [24] 93485915 ODYSSEY RC1
    ✅ [24] 60599337 ALPHARD 2
    ✅ [24] 61001340 ALPHARD 2
    ✅ [24] 51224260 
    ✅ [24] 52220639 HIACE 2
    ✅ [24] 62908365 Camry 2
  📄 爬取第 71 頁...
    ✅ [24] 15012000 
    ✅ [24] 20012500 
    ✅ [24] 25013500 
    ✅ [24] 35014500 
    ✅ [24] 94438229 
    ✅ [24] 91312375 XV 2
    ✅ [24] 62908365 MACAN 2
    ✅ [24] 62908365 X1 SDRIVE20
    ✅ [24] 62908365 
    ✅ [24] 62908365 GLC250
    ✅ [24] 91517374 A3 1
    ✅ [24] 62908365 NOAH 70
    ✅ [24] 61100465 MODEL 3
    ✅ [24] 62908365 E200
    ✅ [24] 62908365 LS500
    ✅ [24] 93808216 VELLFIRE 2
    ✅ [24] 91608108 VELLFIRE 2
    ✅ [24] 62908365 VELLFIRE 3
    ✅ [24] 93485915 ODYSSEY RC1
    ✅ [24] 60599337 ALPHARD 2
    ✅ [24] 61001340 ALPHARD 2
    ✅ [24] 51224260 
    ✅ [24] 52220639 HIACE 2
    ✅ [24] 62908365 Camry 2
  📄 爬取第 72 頁...
    ✅ [24] 15012000 
    ✅ [24] 20012500 
    ✅ [24] 25013500 
    ✅ [24] 35014500 
    ✅ [24] 94438229 
    ✅ [24] 91312375 XV 2
    ✅ [24] 62908365 MACAN 2
    ✅ [24] 62908365 X1 SDRIVE20
    ✅ [24] 62908365 
    ✅ [24] 62908365 GLC250
    ✅ [24] 91517374 A3 1
    ✅ [24] 62908365 NOAH 70
    ✅ [24] 61100465 MODEL 3
    ✅ [24] 62908365 E200
    ✅ [24] 62908365 LS500
    ✅ [24] 93808216 VELLFIRE 2
    ✅ [24] 91608108 VELLFIRE 2
    ✅ [24] 62908365 VELLFIRE 3
    ✅ [24] 93485915 ODYSSEY RC1
    ✅ [24] 60599337 ALPHARD 2
    ✅ [24] 61001340 ALPHARD 2
    ✅ [24] 51224260 
    ✅ [24] 52220639 HIACE 2
    ✅ [24] 62908365 Camry 2
  📄 爬取第 73 頁...
    ✅ [24] 15012000 
    ✅ [24] 20012500 
    ✅ [24] 25013500 
    ✅ [24] 35014500 
    ✅ [24] 94438229 
    ✅ [24] 91312375 XV 2
    ✅ [24] 62908365 MACAN 2
    ✅ [24] 62908365 X1 SDRIVE20
    ✅ [24] 62908365 
    ✅ [24] 62908365 GLC250
    ✅ [24] 91517374 A3 1
    ✅ [24] 62908365 NOAH 70
    ✅ [24] 61100465 MODEL 3
    ✅ [24] 62908365 E200
    ✅ [24] 62908365 LS500
    ✅ [24] 93808216 VELLFIRE 2
    ✅ [24] 91608108 VELLFIRE 2
    ✅ [24] 62908365 VELLFIRE 3
    ✅ [24] 93485915 ODYSSEY RC1
    ✅ [24] 60599337 ALPHARD 2
    ✅ [24] 61001340 ALPHARD 2
    ✅ [24] 51224260 
    ✅ [24] 52220639 HIACE 2
    ✅ [24] 62908365 Camry 2
  📄 爬取第 74 頁...
    ✅ [24] 15012000 
    ✅ [24] 20012500 
    ✅ [24] 25013500 
    ✅ [24] 35014500 
    ✅ [24] 94438229 
    ✅ [24] 91312375 XV 2
    ✅ [24] 62908365 MACAN 2
    ✅ [24] 62908365 X1 SDRIVE20
    ✅ [24] 62908365 
    ✅ [24] 62908365 GLC250
    ✅ [24] 91517374 A3 1
    ✅ [24] 62908365 NOAH 70
    ✅ [24] 61100465 MODEL 3
    ✅ [24] 62908365 E200
    ✅ [24] 62908365 LS500
    ✅ [24] 93808216 VELLFIRE 2
    ✅ [24] 91608108 VELLFIRE 2
    ✅ [24] 62908365 VELLFIRE 3
    ✅ [24] 93485915 ODYSSEY RC1
    ✅ [24] 60599337 ALPHARD 2
    ✅ [24] 61001340 ALPHARD 2
    ✅ [24] 51224260 
    ✅ [24] 52220639 HIACE 2
    ✅ [24] 62908365 Camry 2
  📄 爬取第 75 頁...
    ✅ [24] 15012000 
    ✅ [24] 20012500 
    ✅ [24] 25013500 
    ✅ [24] 35014500 
    ✅ [24] 94438229 
    ✅ [24] 91312375 XV 2
    ✅ [24] 62908365 MACAN 2
    ✅ [24] 62908365 X1 SDRIVE20
    ✅ [24] 62908365 
    ✅ [24] 62908365 GLC250
    ✅ [24] 91517374 A3 1
    ✅ [24] 62908365 NOAH 70
    ✅ [24] 61100465 MODEL 3
    ✅ [24] 62908365 E200
    ✅ [24] 62908365 LS500
    ✅ [24] 93808216 VELLFIRE 2
    ✅ [24] 91608108 VELLFIRE 2
    ✅ [24] 62908365 VELLFIRE 3
    ✅ [24] 93485915 ODYSSEY RC1
    ✅ [24] 60599337 ALPHARD 2
    ✅ [24] 61001340 ALPHARD 2
    ✅ [24] 51224260 
    ✅ [24] 52220639 HIACE 2
    ✅ [24] 62908365 Camry 2
  📄 爬取第 76 頁...
    ✅ [24] 15012000 
    ✅ [24] 20012500 
    ✅ [24] 25013500 
    ✅ [24] 35014500 
    ✅ [24] 94438229 
    ✅ [24] 91312375 XV 2
    ✅ [24] 62908365 MACAN 2
    ✅ [24] 62908365 X1 SDRIVE20
    ✅ [24] 62908365 
    ✅ [24] 62908365 GLC250
    ✅ [24] 91517374 A3 1
    ✅ [24] 62908365 NOAH 70
    ✅ [24] 61100465 MODEL 3
    ✅ [24] 62908365 E200
    ✅ [24] 62908365 LS500
    ✅ [24] 93808216 VELLFIRE 2
    ✅ [24] 91608108 VELLFIRE 2
    ✅ [24] 62908365 VELLFIRE 3
    ✅ [24] 93485915 ODYSSEY RC1
    ✅ [24] 60599337 ALPHARD 2
    ✅ [24] 61001340 ALPHARD 2
    ✅ [24] 51224260 
    ✅ [24] 52220639 HIACE 2
    ✅ [24] 62908365 Camry 2
  📄 爬取第 77 頁...
    ✅ [24] 15012000 
    ✅ [24] 20012500 
    ✅ [24] 25013500 
    ✅ [24] 35014500 
    ✅ [25] 91210751 
    ✅ [25] 94438229 
    ✅ [25] 91312375 XV 2
    ✅ [25] 62908365 MACAN 2
    ✅ [25] 62908365 X1 SDRIVE20
    ✅ [25] 62908365 
    ✅ [25] 62908365 GLC250
    ✅ [25] 91517374 A3 1
    ✅ [25] 62908365 NOAH 70
    ✅ [25] 61100465 MODEL 3
    ✅ [25] 62908365 E200
    ✅ [25] 62908365 LS500
    ✅ [25] 93808216 VELLFIRE 2
    ✅ [25] 91608108 VELLFIRE 2
    ✅ [25] 62908365 VELLFIRE 3
    ✅ [25] 93485915 ODYSSEY RC1
    ✅ [25] 61001340 ALPHARD 2
    ✅ [25] 60599337 ALPHARD 2
    ✅ [25] 51224260 
    ✅ [25] 52220639 HIACE 2
  📄 爬取第 78 頁...
    ✅ [25] 15012000 
    ✅ [25] 20012500 
    ✅ [25] 25013500 
    ✅ [25] 35014500 
    ✅ [25] 91210751 
    ✅ [25] 94438229 
    ✅ [25] 91312375 XV 2
    ✅ [25] 62908365 MACAN 2
    ✅ [25] 62908365 X1 SDRIVE20
    ✅ [25] 62908365 
    ✅ [25] 62908365 GLC250
    ✅ [25] 91517374 A3 1
    ✅ [25] 62908365 NOAH 70
    ✅ [25] 61100465 MODEL 3
    ✅ [25] 62908365 E200
    ✅ [25] 62908365 LS500
    ✅ [25] 93808216 VELLFIRE 2
    ✅ [25] 91608108 VELLFIRE 2
    ✅ [25] 62908365 VELLFIRE 3
    ✅ [25] 93485915 ODYSSEY RC1
    ✅ [25] 61001340 ALPHARD 2
    ✅ [25] 60599337 ALPHARD 2
    ✅ [25] 51224260 
    ✅ [25] 52220639 HIACE 2
  📄 爬取第 79 頁...
    ✅ [25] 15012000 
    ✅ [25] 20012500 
    ✅ [25] 25013500 
    ✅ [25] 35014500 
    ✅ [25] 91210751 
    ✅ [25] 94438229 
    ✅ [25] 91312375 XV 2
    ✅ [25] 62908365 MACAN 2
    ✅ [25] 62908365 X1 SDRIVE20
    ✅ [25] 62908365 
    ✅ [25] 62908365 GLC250
    ✅ [25] 91517374 A3 1
    ✅ [25] 62908365 NOAH 70
    ✅ [25] 61100465 MODEL 3
    ✅ [25] 62908365 E200
    ✅ [25] 62908365 LS500
    ✅ [25] 93808216 VELLFIRE 2
    ✅ [25] 91608108 VELLFIRE 2
    ✅ [25] 62908365 VELLFIRE 3
    ✅ [25] 93485915 ODYSSEY RC1
    ✅ [25] 61001340 ALPHARD 2
    ✅ [25] 60599337 ALPHARD 2
    ✅ [25] 51224260 
    ✅ [25] 52220639 HIACE 2
  📄 爬取第 80 頁...
    ✅ [25] 15012000 
    ✅ [25] 20012500 
    ✅ [25] 25013500 
    ✅ [25] 35014500 
    ✅ [25] 91210751 
    ✅ [25] 94438229 
    ✅ [25] 91312375 XV 2
    ✅ [25] 62908365 MACAN 2
    ✅ [25] 62908365 X1 SDRIVE20
    ✅ [25] 62908365 
    ✅ [25] 62908365 GLC250
    ✅ [25] 91517374 A3 1
    ✅ [25] 62908365 NOAH 70
    ✅ [25] 61100465 MODEL 3
    ✅ [25] 62908365 E200
    ✅ [25] 62908365 LS500
    ✅ [25] 93808216 VELLFIRE 2
    ✅ [25] 91608108 VELLFIRE 2
    ✅ [25] 62908365 VELLFIRE 3
    ✅ [25] 93485915 ODYSSEY RC1
    ✅ [25] 61001340 ALPHARD 2
    ✅ [25] 60599337 ALPHARD 2
    ✅ [25] 51224260 
    ✅ [25] 52220639 HIACE 2
  📄 爬取第 81 頁...
    ✅ [25] 15012000 
    ✅ [25] 20012500 
    ✅ [25] 25013500 
    ✅ [25] 35014500 
    ✅ [25] 91210751 
    ✅ [25] 94438229 
    ✅ [25] 91312375 XV 2
    ✅ [25] 62908365 MACAN 2
    ✅ [25] 62908365 X1 SDRIVE20
    ✅ [25] 62908365 
    ✅ [25] 62908365 GLC250
    ✅ [25] 91517374 A3 1
    ✅ [25] 62908365 NOAH 70
    ✅ [25] 61100465 MODEL 3
    ✅ [25] 62908365 E200
    ✅ [25] 62908365 LS500
    ✅ [25] 93808216 VELLFIRE 2
    ✅ [25] 91608108 VELLFIRE 2
    ✅ [25] 62908365 VELLFIRE 3
    ✅ [25] 93485915 ODYSSEY RC1
    ✅ [25] 61001340 ALPHARD 2
    ✅ [25] 60599337 ALPHARD 2
    ✅ [25] 51224260 
    ✅ [25] 52220639 HIACE 2
  📄 爬取第 82 頁...
    ✅ [25] 15012000 
    ✅ [25] 20012500 
    ✅ [25] 25013500 
    ✅ [25] 35014500 
    ✅ [25] 91210751 
    ✅ [25] 94438229 
    ✅ [25] 91312375 XV 2
    ✅ [25] 62908365 MACAN 2
    ✅ [25] 62908365 X1 SDRIVE20
    ✅ [25] 62908365 
    ✅ [25] 62908365 GLC250
    ✅ [25] 91517374 A3 1
    ✅ [25] 62908365 NOAH 70
    ✅ [25] 61100465 MODEL 3
    ✅ [25] 62908365 E200
    ✅ [25] 62908365 LS500
    ✅ [25] 93808216 VELLFIRE 2
    ✅ [25] 91608108 VELLFIRE 2
    ✅ [25] 62908365 VELLFIRE 3
    ✅ [25] 93485915 ODYSSEY RC1
    ✅ [25] 61001340 ALPHARD 2
    ✅ [25] 60599337 ALPHARD 2
    ✅ [25] 51224260 
    ✅ [25] 52220639 HIACE 2
  📄 爬取第 83 頁...
    ✅ [25] 15012000 
    ✅ [25] 20012500 
    ✅ [25] 25013500 
    ✅ [25] 35014500 
    ✅ [25] 91210751 
    ✅ [25] 94438229 
    ✅ [25] 91312375 XV 2
    ✅ [25] 62908365 MACAN 2
    ✅ [25] 62908365 X1 SDRIVE20
    ✅ [25] 62908365 
    ✅ [25] 62908365 GLC250
    ✅ [25] 91517374 A3 1
    ✅ [25] 62908365 NOAH 70
    ✅ [25] 61100465 MODEL 3
    ✅ [25] 62908365 E200
    ✅ [25] 62908365 LS500
    ✅ [25] 93808216 VELLFIRE 2
    ✅ [25] 91608108 VELLFIRE 2
    ✅ [25] 62908365 VELLFIRE 3
    ✅ [25] 93485915 ODYSSEY RC1
    ✅ [25] 61001340 ALPHARD 2
    ✅ [25] 60599337 ALPHARD 2
    ✅ [25] 51224260 
    ✅ [25] 52220639 HIACE 2
  📄 爬取第 84 頁...
    ✅ [25] 15012000 
    ✅ [25] 20012500 
    ✅ [25] 25013500 
    ✅ [25] 35014500 
    ✅ [25] 91210751 
    ✅ [25] 94438229 
    ✅ [25] 91312375 XV 2
    ✅ [25] 62908365 MACAN 2
    ✅ [25] 62908365 X1 SDRIVE20
    ✅ [25] 62908365 
    ✅ [25] 62908365 GLC250
    ✅ [25] 91517374 A3 1
    ✅ [25] 62908365 NOAH 70
    ✅ [25] 61100465 MODEL 3
    ✅ [25] 62908365 E200
    ✅ [25] 62908365 LS500
    ✅ [25] 93808216 VELLFIRE 2
    ✅ [25] 91608108 VELLFIRE 2
    ✅ [25] 62908365 VELLFIRE 3
    ✅ [25] 93485915 ODYSSEY RC1
    ✅ [25] 61001340 ALPHARD 2
    ✅ [25] 60599337 ALPHARD 2
    ✅ [25] 51224260 
    ✅ [25] 52220639 HIACE 2
  📄 爬取第 85 頁...
    ✅ [25] 15012000 
    ✅ [25] 20012500 
    ✅ [25] 25013500 
    ✅ [25] 35014500 
    ✅ [25] 91210751 
    ✅ [25] 94438229 
    ✅ [25] 91312375 XV 2
    ✅ [25] 62908365 MACAN 2
    ✅ [25] 62908365 X1 SDRIVE20
    ✅ [25] 62908365 
    ✅ [25] 62908365 GLC250
    ✅ [25] 91517374 A3 1
    ✅ [25] 62908365 NOAH 70
    ✅ [25] 61100465 MODEL 3
    ✅ [25] 62908365 E200
    ✅ [25] 62908365 LS500
    ✅ [25] 93808216 VELLFIRE 2
    ✅ [25] 91608108 VELLFIRE 2
    ✅ [25] 62908365 VELLFIRE 3
    ✅ [25] 93485915 ODYSSEY RC1
    ✅ [25] 61001340 ALPHARD 2
    ✅ [25] 60599337 ALPHARD 2
    ✅ [25] 51224260 
    ✅ [25] 52220639 HIACE 2
  📄 爬取第 86 頁...
    ✅ [25] 15012000 
    ✅ [25] 20012500 
    ✅ [25] 25013500 
    ✅ [25] 35014500 
    ✅ [25] 91210751 
    ✅ [25] 94438229 
    ✅ [25] 91312375 XV 2
    ✅ [25] 62908365 MACAN 2
    ✅ [25] 62908365 X1 SDRIVE20
    ✅ [25] 62908365 
    ✅ [25] 62908365 GLC250
    ✅ [25] 91517374 A3 1
    ✅ [25] 62908365 NOAH 70
    ✅ [25] 61100465 MODEL 3
    ✅ [25] 62908365 E200
    ✅ [25] 62908365 LS500
    ✅ [25] 93808216 VELLFIRE 2
    ✅ [25] 91608108 VELLFIRE 2
    ✅ [25] 62908365 VELLFIRE 3
    ✅ [25] 93485915 ODYSSEY RC1
    ✅ [25] 61001340 ALPHARD 2
    ✅ [25] 60599337 ALPHARD 2
    ✅ [25] 51224260 
    ✅ [25] 52220639 HIACE 2
  📄 爬取第 87 頁...
    ✅ [25] 15012000 
    ✅ [25] 20012500 
    ✅ [25] 25013500 
    ✅ [25] 35014500 
    ✅ [25] 91210751 
    ✅ [25] 94438229 
    ✅ [25] 91312375 XV 2
    ✅ [25] 62908365 MACAN 2
    ✅ [25] 62908365 X1 SDRIVE20
    ✅ [25] 62908365 
    ✅ [25] 62908365 GLC250
    ✅ [25] 91517374 A3 1
    ✅ [25] 62908365 NOAH 70
    ✅ [25] 61100465 MODEL 3
    ✅ [25] 62908365 E200
    ✅ [25] 62908365 LS500
    ✅ [25] 93808216 VELLFIRE 2
    ✅ [25] 91608108 VELLFIRE 2
    ✅ [25] 62908365 VELLFIRE 3
    ✅ [25] 93485915 ODYSSEY RC1
    ✅ [25] 61001340 ALPHARD 2
    ✅ [25] 60599337 ALPHARD 2
    ✅ [25] 51224260 
    ✅ [25] 52220639 HIACE 2
  📄 爬取第 88 頁...
    ✅ [25] 15012000 
    ✅ [25] 20012500 
    ✅ [25] 25013500 
    ✅ [25] 35014500 
    ✅ [25] 91210751 
    ✅ [25] 94438229 
    ✅ [25] 91312375 XV 2
    ✅ [25] 62908365 MACAN 2
    ✅ [25] 62908365 X1 SDRIVE20
    ✅ [25] 62908365 
    ✅ [25] 62908365 GLC250
    ✅ [25] 91517374 A3 1
    ✅ [25] 62908365 NOAH 70
    ✅ [25] 61100465 MODEL 3
    ✅ [25] 62908365 E200
    ✅ [25] 62908365 LS500
    ✅ [25] 93808216 VELLFIRE 2
    ✅ [25] 91608108 VELLFIRE 2
    ✅ [25] 62908365 VELLFIRE 3
    ✅ [25] 93485915 ODYSSEY RC1
    ✅ [25] 61001340 ALPHARD 2
    ✅ [25] 60599337 ALPHARD 2
    ✅ [25] 51224260 
    ✅ [25] 52220639 HIACE 2
  📄 爬取第 89 頁...
    ✅ [25] 15012000 
    ✅ [25] 20012500 
    ✅ [25] 25013500 
    ✅ [25] 35014500 
    ✅ [26] 96717982 
    ✅ [27] 93605044 MODEL 3
    ✅ [27] 91210751 
    ✅ [27] 94438229 
    ✅ [27] 91312375 XV 2
    ✅ [27] 62908365 MACAN 2
    ✅ [27] 62908365 X1 SDRIVE20
    ✅ [27] 62908365 
    ✅ [27] 62908365 GLC250
    ✅ [27] 91517374 A3 1
    ✅ [27] 62908365 NOAH 70
    ✅ [27] 61100465 MODEL 3
    ✅ [27] 62908365 E200
    ✅ [27] 62908365 LS500
    ✅ [27] 93808216 VELLFIRE 2
    ✅ [27] 91608108 VELLFIRE 2
    ✅ [27] 62908365 VELLFIRE 3
    ✅ [27] 93485915 ODYSSEY RC1
    ✅ [27] 52220639 HIACE 2
    ✅ [27] 61001340 ALPHARD 2
  📄 爬取第 90 頁...
    ✅ [27] 15012000 
    ✅ [27] 20012500 
    ✅ [27] 25013500 
    ✅ [27] 35014500 
    ✅ [27] 96717982 
    ✅ [27] 93605044 MODEL 3
    ✅ [27] 91210751 
    ✅ [27] 94438229 
    ✅ [27] 91312375 XV 2
    ✅ [27] 62908365 MACAN 2
    ✅ [27] 62908365 X1 SDRIVE20
    ✅ [27] 62908365 
    ✅ [27] 62908365 GLC250
    ✅ [27] 91517374 A3 1
    ✅ [27] 62908365 NOAH 70
    ✅ [27] 61100465 MODEL 3
    ✅ [27] 62908365 E200
    ✅ [27] 62908365 LS500
    ✅ [27] 93808216 VELLFIRE 2
    ✅ [27] 91608108 VELLFIRE 2
    ✅ [27] 62908365 VELLFIRE 3
    ✅ [27] 93485915 ODYSSEY RC1
    ✅ [27] 52220639 HIACE 2
    ✅ [27] 61001340 ALPHARD 2
  📄 爬取第 91 頁...
    ✅ [27] 15012000 
    ✅ [27] 20012500 
    ✅ [27] 25013500 
    ✅ [27] 35014500 
    ✅ [27] 96717982 
    ✅ [27] 93605044 MODEL 3
    ✅ [27] 91210751 
    ✅ [27] 94438229 
    ✅ [27] 91312375 XV 2
    ✅ [27] 62908365 MACAN 2
    ✅ [27] 62908365 X1 SDRIVE20
    ✅ [27] 62908365 
    ✅ [27] 62908365 GLC250
    ✅ [27] 91517374 A3 1
    ✅ [27] 62908365 NOAH 70
    ✅ [27] 61100465 MODEL 3
    ✅ [27] 62908365 E200
    ✅ [27] 62908365 LS500
    ✅ [27] 93808216 VELLFIRE 2
    ✅ [27] 91608108 VELLFIRE 2
    ✅ [27] 62908365 VELLFIRE 3
    ✅ [27] 93485915 ODYSSEY RC1
    ✅ [27] 52220639 HIACE 2
    ✅ [27] 61001340 ALPHARD 2
  📄 爬取第 92 頁...
    ✅ [27] 15012000 
    ✅ [27] 20012500 
    ✅ [27] 25013500 
    ✅ [27] 35014500 
    ✅ [27] 96717982 
    ✅ [27] 93605044 MODEL 3
    ✅ [27] 91210751 
    ✅ [27] 94438229 
    ✅ [27] 91312375 XV 2
    ✅ [27] 62908365 MACAN 2
    ✅ [27] 62908365 X1 SDRIVE20
    ✅ [27] 62908365 
    ✅ [27] 62908365 GLC250
    ✅ [27] 91517374 A3 1
    ✅ [27] 62908365 NOAH 70
    ✅ [27] 61100465 MODEL 3
    ✅ [27] 62908365 E200
    ✅ [27] 62908365 LS500
    ✅ [27] 93808216 VELLFIRE 2
    ✅ [27] 91608108 VELLFIRE 2
    ✅ [27] 62908365 VELLFIRE 3
    ✅ [27] 93485915 ODYSSEY RC1
    ✅ [27] 52220639 HIACE 2
    ✅ [27] 61001340 ALPHARD 2
  📄 爬取第 93 頁...
    ✅ [27] 15012000 
    ✅ [27] 20012500 
    ✅ [27] 25013500 
    ✅ [27] 35014500 
    ✅ [27] 96717982 
    ✅ [27] 93605044 MODEL 3
    ✅ [27] 91210751 
    ✅ [27] 94438229 
    ✅ [27] 91312375 XV 2
    ✅ [27] 62908365 MACAN 2
    ✅ [27] 62908365 X1 SDRIVE20
    ✅ [27] 62908365 
    ✅ [27] 62908365 GLC250
    ✅ [27] 91517374 A3 1
    ✅ [27] 62908365 NOAH 70
    ✅ [27] 61100465 MODEL 3
    ✅ [27] 62908365 E200
    ✅ [27] 62908365 LS500
    ✅ [27] 93808216 VELLFIRE 2
    ✅ [27] 91608108 VELLFIRE 2
    ✅ [27] 62908365 VELLFIRE 3
    ✅ [27] 93485915 ODYSSEY RC1
    ✅ [27] 52220639 HIACE 2
    ✅ [27] 61001340 ALPHARD 2
  📄 爬取第 94 頁...
    ✅ [27] 15012000 
    ✅ [27] 20012500 
    ✅ [27] 25013500 
    ✅ [27] 35014500 
    ✅ [27] 96717982 
    ✅ [27] 93605044 MODEL 3
    ✅ [27] 91210751 
    ✅ [27] 94438229 
    ✅ [27] 91312375 XV 2
    ✅ [27] 62908365 MACAN 2
    ✅ [27] 62908365 X1 SDRIVE20
    ✅ [27] 62908365 
    ✅ [27] 62908365 GLC250
    ✅ [27] 91517374 A3 1
    ✅ [27] 62908365 NOAH 70
    ✅ [27] 61100465 MODEL 3
    ✅ [27] 62908365 E200
    ✅ [27] 62908365 LS500
    ✅ [27] 93808216 VELLFIRE 2
    ✅ [27] 91608108 VELLFIRE 2
    ✅ [27] 62908365 VELLFIRE 3
    ✅ [27] 93485915 ODYSSEY RC1
    ✅ [27] 52220639 HIACE 2
    ✅ [27] 61001340 ALPHARD 2
  📄 爬取第 95 頁...
    ✅ [27] 15012000 
    ✅ [27] 20012500 
    ✅ [27] 25013500 
    ✅ [27] 35014500 
    ✅ [27] 96717982 
    ✅ [27] 93605044 MODEL 3
    ✅ [27] 91210751 
    ✅ [27] 94438229 
    ✅ [27] 91312375 XV 2
    ✅ [27] 62908365 MACAN 2
    ✅ [27] 62908365 X1 SDRIVE20
    ✅ [27] 62908365 
    ✅ [27] 62908365 GLC250
    ✅ [27] 91517374 A3 1
    ✅ [27] 62908365 NOAH 70
    ✅ [27] 61100465 MODEL 3
    ✅ [27] 62908365 E200
    ✅ [27] 62908365 LS500
    ✅ [27] 93808216 VELLFIRE 2
    ✅ [27] 91608108 VELLFIRE 2
    ✅ [27] 62908365 VELLFIRE 3
    ✅ [27] 93485915 ODYSSEY RC1
    ✅ [27] 52220639 HIACE 2
    ✅ [27] 61001340 ALPHARD 2
  📄 爬取第 96 頁...
    ✅ [27] 15012000 
    ✅ [27] 20012500 
    ✅ [27] 25013500 
    ✅ [27] 35014500 
    ✅ [27] 96717982 
    ✅ [27] 93605044 MODEL 3
    ✅ [27] 91210751 
    ✅ [27] 94438229 
    ✅ [27] 91312375 XV 2
    ✅ [27] 62908365 MACAN 2
    ✅ [27] 62908365 X1 SDRIVE20
    ✅ [27] 62908365 
    ✅ [27] 62908365 GLC250
    ✅ [27] 91517374 A3 1
    ✅ [27] 62908365 NOAH 70
    ✅ [27] 61100465 MODEL 3
    ✅ [27] 62908365 E200
    ✅ [27] 62908365 LS500
    ✅ [27] 93808216 VELLFIRE 2
    ✅ [27] 91608108 VELLFIRE 2
    ✅ [27] 62908365 VELLFIRE 3
    ✅ [27] 93485915 ODYSSEY RC1
    ✅ [27] 52220639 HIACE 2
    ✅ [27] 61001340 ALPHARD 2
  📄 爬取第 97 頁...
    ✅ [27] 15012000 
    ✅ [27] 20012500 
    ✅ [27] 25013500 
    ✅ [27] 35014500 
    ✅ [27] 96717982 
    ✅ [27] 93605044 MODEL 3
    ✅ [27] 91210751 
    ✅ [27] 94438229 
    ✅ [27] 91312375 XV 2
    ✅ [27] 62908365 MACAN 2
    ✅ [27] 62908365 X1 SDRIVE20
    ✅ [27] 62908365 
    ✅ [27] 62908365 GLC250
    ✅ [27] 91517374 A3 1
    ✅ [27] 62908365 NOAH 70
    ✅ [27] 61100465 MODEL 3
    ✅ [27] 62908365 E200
    ✅ [27] 62908365 LS500
    ✅ [27] 93808216 VELLFIRE 2
    ✅ [27] 91608108 VELLFIRE 2
    ✅ [27] 62908365 VELLFIRE 3
    ✅ [27] 93485915 ODYSSEY RC1
    ✅ [27] 52220639 HIACE 2
    ✅ [27] 61001340 ALPHARD 2
  📄 爬取第 98 頁...
    ✅ [27] 15012000 
    ✅ [27] 20012500 
    ✅ [27] 25013500 
    ✅ [27] 35014500 
    ✅ [27] 96717982 
    ✅ [27] 93605044 MODEL 3
    ✅ [27] 91210751 
    ✅ [27] 94438229 
    ✅ [27] 91312375 XV 2
    ✅ [27] 62908365 MACAN 2
    ✅ [27] 62908365 X1 SDRIVE20
    ✅ [27] 62908365 
    ✅ [27] 62908365 GLC250
    ✅ [27] 91517374 A3 1
    ✅ [27] 62908365 NOAH 70
    ✅ [27] 61100465 MODEL 3
    ✅ [27] 62908365 E200
    ✅ [27] 62908365 LS500
    ✅ [27] 93808216 VELLFIRE 2
    ✅ [27] 91608108 VELLFIRE 2
    ✅ [27] 62908365 VELLFIRE 3
    ✅ [27] 93485915 ODYSSEY RC1
    ✅ [27] 52220639 HIACE 2
    ✅ [27] 61001340 ALPHARD 2
  📄 爬取第 99 頁...
    ✅ [27] 15012000 
    ✅ [27] 20012500 
    ✅ [27] 25013500 
    ✅ [27] 35014500 
    ✅ [27] 96717982 
    ✅ [27] 93605044 MODEL 3
    ✅ [27] 91210751 
    ✅ [27] 94438229 
    ✅ [27] 91312375 XV 2
    ✅ [27] 62908365 MACAN 2
    ✅ [27] 62908365 X1 SDRIVE20
    ✅ [27] 62908365 
    ✅ [27] 62908365 GLC250
    ✅ [27] 91517374 A3 1
    ✅ [27] 62908365 NOAH 70
    ✅ [27] 61100465 MODEL 3
    ✅ [27] 62908365 E200
    ✅ [27] 62908365 LS500
    ✅ [27] 93808216 VELLFIRE 2
    ✅ [27] 91608108 VELLFIRE 2
    ✅ [27] 62908365 VELLFIRE 3
    ✅ [27] 93485915 ODYSSEY RC1
    ✅ [27] 52220639 HIACE 2
    ✅ [27] 61001340 ALPHARD 2
  📄 爬取第 100 頁...
    ✅ [27] 15012000 
    ✅ [27] 20012500 
    ✅ [27] 25013500 
    ✅ [27] 35014500 
    ✅ [27] 96717982 
    ✅ [27] 93605044 MODEL 3
    ✅ [27] 91210751 
    ✅ [27] 94438229 
    ✅ [27] 91312375 XV 2
    ✅ [27] 62908365 MACAN 2
    ✅ [27] 62908365 X1 SDRIVE20
    ✅ [27] 62908365 
    ✅ [27] 62908365 GLC250
    ✅ [27] 91517374 A3 1
    ✅ [27] 62908365 NOAH 70
    ✅ [27] 61100465 MODEL 3
    ✅ [27] 62908365 E200
    ✅ [27] 62908365 LS500
    ✅ [27] 93808216 VELLFIRE 2
    ✅ [27] 91608108 VELLFIRE 2
    ✅ [27] 62908365 VELLFIRE 3
    ✅ [27] 93485915 ODYSSEY RC1
    ✅ [27] 52220639 HIACE 2
    ✅ [27] 61001340 ALPHARD 2
  📄 爬取第 101 頁...
    ✅ [27] 15012000 
    ✅ [27] 20012500 
    ✅ [27] 25013500 
    ✅ [27] 35014500 
    ✅ [28] 60112784 C200 FL W205
    ✅ [28] 60112784 NPR75
    ✅ [28] 96717982 
    ✅ [28] 93605044 MODEL 3
    ✅ [28] 91210751 
    ✅ [28] 94438229 
    ✅ [28] 91312375 XV 2
    ✅ [28] 62908365 MACAN 2
    ✅ [28] 62908365 X1 SDRIVE20
    ✅ [28] 62908365 
    ✅ [28] 62908365 GLC250
    ✅ [28] 91517374 A3 1
    ✅ [28] 62908365 NOAH 70
    ✅ [28] 61100465 MODEL 3
    ✅ [28] 62908365 E200
    ✅ [28] 62908365 LS500
    ✅ [28] 93808216 VELLFIRE 2
    ✅ [28] 91608108 VELLFIRE 2
    ✅ [28] 62908365 VELLFIRE 3
    ✅ [28] 93485915 ODYSSEY RC1
  📄 爬取第 102 頁...
    ✅ [28] 15012000 
    ✅ [28] 20012500 
    ✅ [28] 25013500 
    ✅ [28] 35014500 
    ✅ [28] 60112784 C200 FL W205
    ✅ [28] 60112784 NPR75
    ✅ [28] 96717982 
    ✅ [28] 93605044 MODEL 3
    ✅ [28] 91210751 
    ✅ [28] 94438229 
    ✅ [28] 91312375 XV 2
    ✅ [28] 62908365 MACAN 2
    ✅ [28] 62908365 X1 SDRIVE20
    ✅ [28] 62908365 
    ✅ [28] 62908365 GLC250
    ✅ [28] 91517374 A3 1
    ✅ [28] 62908365 NOAH 70
    ✅ [28] 61100465 MODEL 3
    ✅ [28] 62908365 E200
    ✅ [28] 62908365 LS500
    ✅ [28] 93808216 VELLFIRE 2
    ✅ [28] 91608108 VELLFIRE 2
    ✅ [28] 62908365 VELLFIRE 3
    ✅ [28] 93485915 ODYSSEY RC1
  📄 爬取第 103 頁...
    ✅ [28] 15012000 
    ✅ [28] 20012500 
    ✅ [28] 25013500 
    ✅ [28] 35014500 
    ✅ [28] 60112784 C200 FL W205
    ✅ [28] 60112784 NPR75
    ✅ [28] 96717982 
    ✅ [28] 93605044 MODEL 3
    ✅ [28] 91210751 
    ✅ [28] 94438229 
    ✅ [28] 91312375 XV 2
    ✅ [28] 62908365 MACAN 2
    ✅ [28] 62908365 X1 SDRIVE20
    ✅ [28] 62908365 
    ✅ [28] 62908365 GLC250
    ✅ [28] 91517374 A3 1
    ✅ [28] 62908365 NOAH 70
    ✅ [28] 61100465 MODEL 3
    ✅ [28] 62908365 E200
    ✅ [28] 62908365 LS500
    ✅ [28] 93808216 VELLFIRE 2
    ✅ [28] 91608108 VELLFIRE 2
    ✅ [28] 62908365 VELLFIRE 3
    ✅ [28] 93485915 ODYSSEY RC1
  📄 爬取第 104 頁...
    ✅ [28] 15012000 
    ✅ [28] 20012500 
    ✅ [28] 25013500 
    ✅ [28] 35014500 
    ✅ [28] 60112784 C200 FL W205
    ✅ [28] 60112784 NPR75
    ✅ [28] 96717982 
    ✅ [28] 93605044 MODEL 3
    ✅ [28] 91210751 
    ✅ [28] 94438229 
    ✅ [28] 91312375 XV 2
    ✅ [28] 62908365 MACAN 2
    ✅ [28] 62908365 X1 SDRIVE20
    ✅ [28] 62908365 
    ✅ [28] 62908365 GLC250
    ✅ [28] 91517374 A3 1
    ✅ [28] 62908365 NOAH 70
    ✅ [28] 61100465 MODEL 3
    ✅ [28] 62908365 E200
    ✅ [28] 62908365 LS500
    ✅ [28] 93808216 VELLFIRE 2
    ✅ [28] 91608108 VELLFIRE 2
    ✅ [28] 62908365 VELLFIRE 3
    ✅ [28] 93485915 ODYSSEY RC1
  📄 爬取第 105 頁...
    ✅ [28] 15012000 
    ✅ [28] 20012500 
    ✅ [28] 25013500 
    ✅ [28] 35014500 
    ✅ [28] 60112784 C200 FL W205
    ✅ [28] 60112784 NPR75
    ✅ [28] 96717982 
    ✅ [28] 93605044 MODEL 3
    ✅ [28] 91210751 
    ✅ [28] 94438229 
    ✅ [28] 91312375 XV 2
    ✅ [28] 62908365 MACAN 2
    ✅ [28] 62908365 X1 SDRIVE20
    ✅ [28] 62908365 
    ✅ [28] 62908365 GLC250
    ✅ [28] 91517374 A3 1
    ✅ [28] 62908365 NOAH 70
    ✅ [28] 61100465 MODEL 3
    ✅ [28] 62908365 E200
    ✅ [28] 62908365 LS500
    ✅ [28] 93808216 VELLFIRE 2
    ✅ [28] 91608108 VELLFIRE 2
    ✅ [28] 62908365 VELLFIRE 3
    ✅ [28] 93485915 ODYSSEY RC1
  📄 爬取第 106 頁...
    ✅ [28] 15012000 
    ✅ [28] 20012500 
    ✅ [28] 25013500 
    ✅ [28] 35014500 
    ✅ [28] 60112784 C200 FL W205
    ✅ [28] 60112784 NPR75
    ✅ [28] 96717982 
    ✅ [28] 93605044 MODEL 3
    ✅ [28] 91210751 
    ✅ [28] 94438229 
    ✅ [28] 91312375 XV 2
    ✅ [28] 62908365 MACAN 2
    ✅ [28] 62908365 X1 SDRIVE20
    ✅ [28] 62908365 
    ✅ [28] 62908365 GLC250
    ✅ [28] 91517374 A3 1
    ✅ [28] 62908365 NOAH 70
    ✅ [28] 61100465 MODEL 3
    ✅ [28] 62908365 E200
    ✅ [28] 62908365 LS500
    ✅ [28] 93808216 VELLFIRE 2
    ✅ [28] 91608108 VELLFIRE 2
    ✅ [28] 62908365 VELLFIRE 3
    ✅ [28] 93485915 ODYSSEY RC1
  📄 爬取第 107 頁...
    ✅ [28] 15012000 
    ✅ [28] 20012500 
    ✅ [28] 25013500 
    ✅ [28] 35014500 
    ✅ [28] 60112784 C200 FL W205
    ✅ [28] 60112784 NPR75
    ✅ [28] 96717982 
    ✅ [28] 93605044 MODEL 3
    ✅ [28] 91210751 
    ✅ [28] 94438229 
    ✅ [28] 91312375 XV 2
    ✅ [28] 62908365 MACAN 2
    ✅ [28] 62908365 X1 SDRIVE20
    ✅ [28] 62908365 
    ✅ [28] 62908365 GLC250
    ✅ [28] 91517374 A3 1
    ✅ [28] 62908365 NOAH 70
    ✅ [28] 61100465 MODEL 3
    ✅ [28] 62908365 E200
    ✅ [28] 62908365 LS500
    ✅ [28] 93808216 VELLFIRE 2
    ✅ [28] 91608108 VELLFIRE 2
    ✅ [28] 62908365 VELLFIRE 3
    ✅ [28] 93485915 ODYSSEY RC1
  📄 爬取第 108 頁...
    ✅ [28] 15012000 
    ✅ [28] 20012500 
    ✅ [28] 25013500 
    ✅ [28] 35014500 
    ✅ [28] 60112784 C200 FL W205
    ✅ [28] 60112784 NPR75
    ✅ [28] 96717982 
    ✅ [28] 93605044 MODEL 3
    ✅ [28] 91210751 
    ✅ [28] 94438229 
    ✅ [28] 91312375 XV 2
    ✅ [28] 62908365 MACAN 2
    ✅ [28] 62908365 X1 SDRIVE20
    ✅ [28] 62908365 
    ✅ [28] 62908365 GLC250
    ✅ [28] 91517374 A3 1
    ✅ [28] 62908365 NOAH 70
    ✅ [28] 61100465 MODEL 3
    ✅ [28] 62908365 E200
    ✅ [28] 62908365 LS500
    ✅ [28] 93808216 VELLFIRE 2
    ✅ [28] 91608108 VELLFIRE 2
    ✅ [28] 62908365 VELLFIRE 3
    ✅ [28] 93485915 ODYSSEY RC1
  📄 爬取第 109 頁...
    ✅ [28] 15012000 
    ✅ [28] 20012500 
    ✅ [28] 25013500 
    ✅ [28] 35014500 
    ✅ [28] 60112784 C200 FL W205
    ✅ [28] 60112784 NPR75
    ✅ [28] 96717982 
    ✅ [28] 93605044 MODEL 3
    ✅ [28] 91210751 
    ✅ [28] 94438229 
    ✅ [28] 91312375 XV 2
    ✅ [28] 62908365 MACAN 2
    ✅ [28] 62908365 X1 SDRIVE20
    ✅ [28] 62908365 
    ✅ [28] 62908365 GLC250
    ✅ [28] 91517374 A3 1
    ✅ [28] 62908365 NOAH 70
    ✅ [28] 61100465 MODEL 3
    ✅ [28] 62908365 E200
    ✅ [28] 62908365 LS500
    ✅ [28] 93808216 VELLFIRE 2
    ✅ [28] 91608108 VELLFIRE 2
    ✅ [28] 62908365 VELLFIRE 3
    ✅ [28] 93485915 ODYSSEY RC1
  📄 爬取第 110 頁...
    ✅ [28] 15012000 
    ✅ [28] 20012500 
    ✅ [28] 25013500 
    ✅ [28] 35014500 
    ✅ [28] 60112784 C200 FL W205
    ✅ [28] 60112784 NPR75
    ✅ [28] 96717982 
    ✅ [28] 93605044 MODEL 3
    ✅ [28] 91210751 
    ✅ [28] 94438229 
    ✅ [28] 91312375 XV 2
    ✅ [28] 62908365 MACAN 2
    ✅ [28] 62908365 X1 SDRIVE20
    ✅ [28] 62908365 
    ✅ [28] 62908365 GLC250
    ✅ [28] 91517374 A3 1
    ✅ [28] 62908365 NOAH 70
    ✅ [28] 61100465 MODEL 3
    ✅ [28] 62908365 E200
    ✅ [28] 62908365 LS500
    ✅ [28] 93808216 VELLFIRE 2
    ✅ [28] 91608108 VELLFIRE 2
    ✅ [28] 62908365 VELLFIRE 3
    ✅ [28] 93485915 ODYSSEY RC1
  📄 爬取第 111 頁...
    ✅ [28] 15012000 
    ✅ [28] 20012500 
    ✅ [28] 25013500 
    ✅ [28] 35014500 
    ✅ [28] 60112784 C200 FL W205
    ✅ [28] 60112784 NPR75
    ✅ [28] 96717982 
    ✅ [28] 93605044 MODEL 3
    ✅ [28] 91210751 
    ✅ [28] 94438229 
    ✅ [28] 91312375 XV 2
    ✅ [28] 62908365 MACAN 2
    ✅ [28] 62908365 X1 SDRIVE20
    ✅ [28] 62908365 
    ✅ [28] 62908365 GLC250
    ✅ [28] 91517374 A3 1
    ✅ [28] 62908365 NOAH 70
    ✅ [28] 61100465 MODEL 3
    ✅ [28] 62908365 E200
    ✅ [28] 62908365 LS500
    ✅ [28] 93808216 VELLFIRE 2
    ✅ [28] 91608108 VELLFIRE 2
    ✅ [28] 62908365 VELLFIRE 3
    ✅ [28] 93485915 ODYSSEY RC1
  📄 爬取第 112 頁...
    ✅ [28] 15012000 
    ✅ [28] 20012500 
    ✅ [28] 25013500 
    ✅ [28] 35014500 
    ✅ [28] 60112784 C200 FL W205
    ✅ [28] 60112784 NPR75
    ✅ [28] 96717982 
    ✅ [28] 93605044 MODEL 3
    ✅ [28] 91210751 
    ✅ [28] 94438229 
    ✅ [28] 91312375 XV 2
    ✅ [28] 62908365 MACAN 2
    ✅ [28] 62908365 X1 SDRIVE20
    ✅ [28] 62908365 
    ✅ [28] 62908365 GLC250
    ✅ [28] 91517374 A3 1
    ✅ [28] 62908365 NOAH 70
    ✅ [28] 61100465 MODEL 3
    ✅ [28] 62908365 E200
    ✅ [28] 62908365 LS500
    ✅ [28] 93808216 VELLFIRE 2
    ✅ [28] 91608108 VELLFIRE 2
    ✅ [28] 62908365 VELLFIRE 3
    ✅ [28] 93485915 ODYSSEY RC1
  📄 爬取第 113 頁...
    ✅ [28] 15012000 
    ✅ [28] 20012500 
    ✅ [28] 25013500 
    ✅ [28] 35014500 
    ✅ [29] 55410841 ALPHARD 2
    ✅ [29] 60112784 C200 FL W205
    ✅ [29] 60112784 NPR75
    ✅ [29] 96717982 
    ✅ [29] 93605044 MODEL 3
    ✅ [29] 91210751 
    ✅ [29] 94438229 
    ✅ [29] 91312375 XV 2
    ✅ [29] 62908365 MACAN 2
    ✅ [29] 62908365 X1 SDRIVE20
    ✅ [29] 62908365 
    ✅ [29] 62908365 GLC250
    ✅ [29] 91517374 A3 1
    ✅ [29] 62908365 NOAH 70
    ✅ [29] 61100465 MODEL 3
    ✅ [29] 62908365 E200
    ✅ [29] 62908365 LS500
    ✅ [29] 93808216 VELLFIRE 2
    ✅ [29] 91608108 VELLFIRE 2
    ✅ [29] 62908365 VELLFIRE 3
  📄 爬取第 114 頁...
    ✅ [29] 15012000 
    ✅ [29] 20012500 
    ✅ [29] 25013500 
    ✅ [29] 35014500 
    ✅ [29] 55410841 ALPHARD 2
    ✅ [29] 60112784 C200 FL W205
    ✅ [29] 60112784 NPR75
    ✅ [29] 96717982 
    ✅ [29] 93605044 MODEL 3
    ✅ [29] 91210751 
    ✅ [29] 94438229 
    ✅ [29] 91312375 XV 2
    ✅ [29] 62908365 MACAN 2
    ✅ [29] 62908365 X1 SDRIVE20
    ✅ [29] 62908365 
    ✅ [29] 62908365 GLC250
    ✅ [29] 91517374 A3 1
    ✅ [29] 62908365 NOAH 70
    ✅ [29] 61100465 MODEL 3
    ✅ [29] 62908365 E200
    ✅ [29] 62908365 LS500
    ✅ [29] 93808216 VELLFIRE 2
    ✅ [29] 91608108 VELLFIRE 2
    ✅ [29] 62908365 VELLFIRE 3
  📄 爬取第 115 頁...
    ✅ [29] 15012000 
    ✅ [29] 20012500 
    ✅ [29] 25013500 
    ✅ [29] 35014500 
    ✅ [29] 55410841 ALPHARD 2
    ✅ [29] 60112784 C200 FL W205
    ✅ [29] 60112784 NPR75
    ✅ [29] 96717982 
    ✅ [29] 93605044 MODEL 3
    ✅ [29] 91210751 
    ✅ [29] 94438229 
    ✅ [29] 91312375 XV 2
    ✅ [29] 62908365 MACAN 2
    ✅ [29] 62908365 X1 SDRIVE20
    ✅ [29] 62908365 
    ✅ [29] 62908365 GLC250
    ✅ [29] 91517374 A3 1
    ✅ [29] 62908365 NOAH 70
    ✅ [29] 61100465 MODEL 3
    ✅ [29] 62908365 E200
    ✅ [29] 62908365 LS500
    ✅ [29] 93808216 VELLFIRE 2
    ✅ [29] 91608108 VELLFIRE 2
    ✅ [29] 62908365 VELLFIRE 3
  📄 爬取第 116 頁...
    ✅ [29] 15012000 
    ✅ [29] 20012500 
    ✅ [29] 25013500 
    ✅ [29] 35014500 
    ✅ [29] 55410841 ALPHARD 2
    ✅ [29] 60112784 C200 FL W205
    ✅ [29] 60112784 NPR75
    ✅ [29] 96717982 
    ✅ [29] 93605044 MODEL 3
    ✅ [29] 91210751 
    ✅ [29] 94438229 
    ✅ [29] 91312375 XV 2
    ✅ [29] 62908365 MACAN 2
    ✅ [29] 62908365 X1 SDRIVE20
    ✅ [29] 62908365 
    ✅ [29] 62908365 GLC250
    ✅ [29] 91517374 A3 1
    ✅ [29] 62908365 NOAH 70
    ✅ [29] 61100465 MODEL 3
    ✅ [29] 62908365 E200
    ✅ [29] 62908365 LS500
    ✅ [29] 93808216 VELLFIRE 2
    ✅ [29] 91608108 VELLFIRE 2
    ✅ [29] 62908365 VELLFIRE 3
  📄 爬取第 117 頁...
    ✅ [29] 15012000 
    ✅ [29] 20012500 
    ✅ [29] 25013500 
    ✅ [29] 35014500 
    ✅ [29] 55410841 ALPHARD 2
    ✅ [29] 60112784 C200 FL W205
    ✅ [29] 60112784 NPR75
    ✅ [29] 96717982 
    ✅ [29] 93605044 MODEL 3
    ✅ [29] 91210751 
    ✅ [29] 94438229 
    ✅ [29] 91312375 XV 2
    ✅ [29] 62908365 MACAN 2
    ✅ [29] 62908365 X1 SDRIVE20
    ✅ [29] 62908365 
    ✅ [29] 62908365 GLC250
    ✅ [29] 91517374 A3 1
    ✅ [29] 62908365 NOAH 70
    ✅ [29] 61100465 MODEL 3
    ✅ [29] 62908365 E200
    ✅ [29] 62908365 LS500
    ✅ [29] 93808216 VELLFIRE 2
    ✅ [29] 91608108 VELLFIRE 2
    ✅ [29] 62908365 VELLFIRE 3
  📄 爬取第 118 頁...
    ✅ [29] 15012000 
    ✅ [29] 20012500 
    ✅ [29] 25013500 
    ✅ [29] 35014500 
    ✅ [29] 55410841 ALPHARD 2
    ✅ [29] 60112784 C200 FL W205
    ✅ [29] 60112784 NPR75
    ✅ [29] 96717982 
    ✅ [29] 93605044 MODEL 3
    ✅ [29] 91210751 
    ✅ [29] 94438229 
    ✅ [29] 91312375 XV 2
    ✅ [29] 62908365 MACAN 2
    ✅ [29] 62908365 X1 SDRIVE20
    ✅ [29] 62908365 
    ✅ [29] 62908365 GLC250
    ✅ [29] 91517374 A3 1
    ✅ [29] 62908365 NOAH 70
    ✅ [29] 61100465 MODEL 3
    ✅ [29] 62908365 E200
    ✅ [29] 62908365 LS500
    ✅ [29] 93808216 VELLFIRE 2
    ✅ [29] 91608108 VELLFIRE 2
    ✅ [29] 62908365 VELLFIRE 3
  📄 爬取第 119 頁...
    ✅ [29] 15012000 
    ✅ [29] 20012500 
    ✅ [29] 25013500 
    ✅ [29] 35014500 
    ✅ [29] 91210751 
    ✅ [29] 55410841 ALPHARD 2
    ✅ [29] 60112784 C200 FL W205
    ✅ [29] 60112784 NPR75
    ✅ [29] 96717982 
    ✅ [29] 93605044 MODEL 3
    ✅ [29] 94438229 
    ✅ [29] 91312375 XV 2
    ✅ [29] 62908365 MACAN 2
    ✅ [29] 62908365 X1 SDRIVE20
    ✅ [29] 62908365 
    ✅ [29] 62908365 GLC250
    ✅ [29] 91517374 A3 1
    ✅ [29] 62908365 NOAH 70
    ✅ [29] 61100465 MODEL 3
    ✅ [29] 62908365 E200
    ✅ [29] 62908365 LS500
    ✅ [29] 93808216 VELLFIRE 2
    ✅ [29] 91608108 VELLFIRE 2
    ✅ [29] 62908365 VELLFIRE 3
  📄 爬取第 120 頁...
    ✅ [29] 15012000 
    ✅ [29] 20012500 
    ✅ [29] 25013500 
    ✅ [29] 35014500 
    ✅ [29] 91210751 
    ✅ [29] 55410841 ALPHARD 2
    ✅ [29] 60112784 C200 FL W205
    ✅ [29] 60112784 NPR75
    ✅ [29] 96717982 
    ✅ [29] 93605044 MODEL 3
    ✅ [29] 94438229 
    ✅ [29] 91312375 XV 2
    ✅ [29] 62908365 MACAN 2
    ✅ [29] 62908365 X1 SDRIVE20
    ✅ [29] 62908365 
    ✅ [29] 62908365 GLC250
    ✅ [29] 91517374 A3 1
    ✅ [29] 62908365 NOAH 70
    ✅ [29] 61100465 MODEL 3
    ✅ [29] 62908365 E200
    ✅ [29] 62908365 LS500
    ✅ [29] 93808216 VELLFIRE 2
    ✅ [29] 91608108 VELLFIRE 2
    ✅ [29] 62908365 VELLFIRE 3
  📄 爬取第 121 頁...
    ✅ [29] 15012000 
    ✅ [29] 20012500 
    ✅ [29] 25013500 
    ✅ [29] 35014500 
    ✅ [29] 91210751 
    ✅ [29] 55410841 ALPHARD 2
    ✅ [29] 60112784 C200 FL W205
    ✅ [29] 60112784 NPR75
    ✅ [29] 96717982 
    ✅ [29] 93605044 MODEL 3
    ✅ [29] 94438229 
    ✅ [29] 91312375 XV 2
    ✅ [29] 62908365 MACAN 2
    ✅ [29] 62908365 X1 SDRIVE20
    ✅ [29] 62908365 
    ✅ [29] 62908365 GLC250
    ✅ [29] 91517374 A3 1
    ✅ [29] 62908365 NOAH 70
    ✅ [29] 61100465 MODEL 3
    ✅ [29] 62908365 E200
    ✅ [29] 62908365 LS500
    ✅ [29] 93808216 VELLFIRE 2
    ✅ [29] 91608108 VELLFIRE 2
    ✅ [29] 62908365 VELLFIRE 3
  📄 爬取第 122 頁...
    ✅ [29] 15012000 
    ✅ [29] 20012500 
    ✅ [29] 25013500 
    ✅ [29] 35014500 
    ✅ [29] 61100465 MODEL 3
    ✅ [29] 91210751 
    ✅ [29] 55410841 ALPHARD 2
    ✅ [29] 60112784 C200 FL W205
    ✅ [29] 60112784 NPR75
    ✅ [29] 96717982 
    ✅ [29] 93605044 MODEL 3
    ✅ [29] 94438229 
    ✅ [29] 91312375 XV 2
    ✅ [29] 62908365 MACAN 2
    ✅ [29] 62908365 X1 SDRIVE20
    ✅ [29] 62908365 
    ✅ [29] 62908365 GLC250
    ✅ [29] 91517374 A3 1
    ✅ [29] 62908365 NOAH 70
    ✅ [29] 62908365 E200
    ✅ [29] 62908365 LS500
    ✅ [29] 93808216 VELLFIRE 2
    ✅ [29] 91608108 VELLFIRE 2
    ✅ [29] 62908365 VELLFIRE 3
  📄 爬取第 123 頁...
    ✅ [29] 15012000 
    ✅ [29] 20012500 
    ✅ [29] 25013500 
    ✅ [29] 35014500 
    ✅ [29] 61100465 MODEL 3
    ✅ [29] 91210751 
    ✅ [29] 55410841 ALPHARD 2
    ✅ [29] 60112784 C200 FL W205
    ✅ [29] 60112784 NPR75
    ✅ [29] 96717982 
    ✅ [29] 93605044 MODEL 3
    ✅ [29] 94438229 
    ✅ [29] 91312375 XV 2
    ✅ [29] 62908365 MACAN 2
    ✅ [29] 62908365 X1 SDRIVE20
    ✅ [29] 62908365 
    ✅ [29] 62908365 GLC250
    ✅ [29] 91517374 A3 1
    ✅ [29] 62908365 NOAH 70
    ✅ [29] 62908365 E200
    ✅ [29] 62908365 LS500
    ✅ [29] 93808216 VELLFIRE 2
    ✅ [29] 91608108 VELLFIRE 2
    ✅ [29] 62908365 VELLFIRE 3
  📄 爬取第 124 頁...
    ✅ [29] 15012000 
    ✅ [29] 20012500 
    ✅ [29] 25013500 
    ✅ [29] 35014500 
    ✅ [29] 61100465 MODEL 3
    ✅ [29] 91210751 
    ✅ [29] 55410841 ALPHARD 2
    ✅ [29] 60112784 C200 FL W205
    ✅ [29] 60112784 NPR75
    ✅ [29] 96717982 
    ✅ [29] 93605044 MODEL 3
    ✅ [29] 94438229 
    ✅ [29] 91312375 XV 2
    ✅ [29] 62908365 MACAN 2
    ✅ [29] 62908365 X1 SDRIVE20
    ✅ [29] 62908365 
    ✅ [29] 62908365 GLC250
    ✅ [29] 91517374 A3 1
    ✅ [29] 62908365 NOAH 70
    ✅ [29] 62908365 E200
    ✅ [29] 62908365 LS500
    ✅ [29] 93808216 VELLFIRE 2
    ✅ [29] 91608108 VELLFIRE 2
    ✅ [29] 62908365 VELLFIRE 3
  📄 爬取第 125 頁...
    ✅ [29] 15012000 
    ✅ [29] 20012500 
    ✅ [29] 25013500 
    ✅ [29] 35014500 
    ✅ [29] 61100465 MODEL 3
    ✅ [29] 91210751 
    ✅ [29] 55410841 VELLFIRE 3
    ✅ [29] 55410841 ALPHARD 2
    ✅ [29] 60112784 C200 FL W205
    ✅ [29] 60112784 NPR75
    ✅ [29] 96717982 
    ✅ [29] 93605044 MODEL 3
    ✅ [29] 94438229 
    ✅ [29] 91312375 XV 2
    ✅ [29] 62908365 MACAN 2
    ✅ [29] 62908365 X1 SDRIVE20
    ✅ [29] 62908365 
    ✅ [29] 62908365 GLC250
    ✅ [29] 91517374 A3 1
    ✅ [29] 62908365 NOAH 70
    ✅ [29] 62908365 E200
    ✅ [29] 62908365 LS500
    ✅ [29] 93808216 VELLFIRE 2
    ✅ [29] 91608108 VELLFIRE 2
  📄 爬取第 126 頁...
    ✅ [29] 15012000 
    ✅ [29] 20012500 
    ✅ [29] 25013500 
    ✅ [29] 35014500 
    ✅ [29] 61100465 MODEL 3
    ✅ [29] 91210751 
    ✅ [29] 55410841 VELLFIRE 3
    ✅ [29] 55410841 ALPHARD 2
    ✅ [29] 60112784 C200 FL W205
    ✅ [29] 60112784 NPR75
    ✅ [29] 96717982 
    ✅ [29] 93605044 MODEL 3
    ✅ [29] 94438229 
    ✅ [29] 91312375 XV 2
    ✅ [29] 62908365 MACAN 2
    ✅ [29] 62908365 X1 SDRIVE20
    ✅ [29] 62908365 
    ✅ [29] 62908365 GLC250
    ✅ [29] 91517374 A3 1
    ✅ [29] 62908365 NOAH 70
    ✅ [29] 62908365 E200
    ✅ [29] 62908365 LS500
    ✅ [29] 93808216 VELLFIRE 2
    ✅ [29] 91608108 VELLFIRE 2
  📄 爬取第 127 頁...
    ✅ [29] 15012000 
    ✅ [29] 20012500 
    ✅ [29] 25013500 
    ✅ [29] 35014500 
    ✅ [29] 61100465 MODEL 3
    ✅ [29] 91210751 
    ✅ [29] 55410841 VELLFIRE 3
    ✅ [29] 55410841 ALPHARD 2
    ✅ [29] 60112784 C200 FL W205
    ✅ [29] 60112784 NPR75
    ✅ [29] 96717982 
    ✅ [29] 93605044 MODEL 3
    ✅ [29] 94438229 
    ✅ [29] 91312375 XV 2
    ✅ [29] 62908365 MACAN 2
    ✅ [29] 62908365 X1 SDRIVE20
    ✅ [29] 62908365 
    ✅ [29] 62908365 GLC250
    ✅ [29] 91517374 A3 1
    ✅ [29] 62908365 NOAH 70
    ✅ [29] 62908365 E200
    ✅ [29] 62908365 LS500
    ✅ [29] 93808216 VELLFIRE 2
    ✅ [29] 91608108 VELLFIRE 2
  📄 爬取第 128 頁...
    ✅ [29] 15012000 
    ✅ [29] 20012500 
    ✅ [29] 25013500 
    ✅ [29] 35014500 
    ✅ [29] 61100465 MODEL 3
    ✅ [29] 91210751 
    ✅ [29] 55410841 VELLFIRE 3
    ✅ [29] 55410841 ALPHARD 2
    ✅ [29] 60112784 C200 FL W205
    ✅ [29] 60112784 NPR75
    ✅ [29] 96717982 
    ✅ [29] 93605044 MODEL 3
    ✅ [29] 94438229 
    ✅ [29] 91312375 XV 2
    ✅ [29] 62908365 MACAN 2
    ✅ [29] 62908365 X1 SDRIVE20
    ✅ [29] 62908365 
    ✅ [29] 62908365 GLC250
    ✅ [29] 91517374 A3 1
    ✅ [29] 62908365 NOAH 70
    ✅ [29] 62908365 E200
    ✅ [29] 62908365 LS500
    ✅ [29] 93808216 VELLFIRE 2
    ✅ [29] 91608108 VELLFIRE 2
  📄 爬取第 129 頁...
    ✅ [29] 15012000 
    ✅ [29] 20012500 
    ✅ [29] 25013500 
    ✅ [29] 35014500 
    ✅ [29] 61100465 MODEL 3
    ✅ [29] 91210751 
    ✅ [29] 55410841 VELLFIRE 3
    ✅ [29] 55410841 ALPHARD 2
    ✅ [29] 60112784 C200 FL W205
    ✅ [29] 60112784 NPR75
    ✅ [29] 96717982 
    ✅ [29] 93605044 MODEL 3
    ✅ [29] 94438229 
    ✅ [29] 91312375 XV 2
    ✅ [29] 62908365 MACAN 2
    ✅ [29] 62908365 X1 SDRIVE20
    ✅ [29] 62908365 
    ✅ [29] 62908365 GLC250
    ✅ [29] 91517374 A3 1
    ✅ [29] 62908365 NOAH 70
    ✅ [29] 62908365 E200
    ✅ [29] 62908365 LS500
    ✅ [29] 93808216 VELLFIRE 2
    ✅ [29] 91608108 VELLFIRE 2
  📄 爬取第 130 頁...
    ✅ [29] 15012000 
    ✅ [29] 20012500 
    ✅ [29] 25013500 
    ✅ [29] 35014500 
    ✅ [29] 61100465 MODEL 3
    ✅ [29] 91210751 
    ✅ [29] 55410841 VELLFIRE 3
    ✅ [29] 55410841 ALPHARD 2
    ✅ [29] 60112784 C200 FL W205
    ✅ [29] 60112784 NPR75
    ✅ [29] 96717982 
    ✅ [29] 93605044 MODEL 3
    ✅ [29] 94438229 
    ✅ [29] 91312375 XV 2
    ✅ [29] 62908365 MACAN 2
    ✅ [29] 62908365 X1 SDRIVE20
    ✅ [29] 62908365 
    ✅ [29] 62908365 GLC250
    ✅ [29] 91517374 A3 1
    ✅ [29] 62908365 NOAH 70
    ✅ [29] 62908365 E200
    ✅ [29] 62908365 LS500
    ✅ [29] 93808216 VELLFIRE 2
    ✅ [29] 91608108 VELLFIRE 2
  📄 爬取第 131 頁...
    ✅ [29] 15012000 
    ✅ [29] 20012500 
    ✅ [29] 25013500 
    ✅ [29] 35014500 
    ✅ [29] 61100465 MODEL 3
    ✅ [29] 91210751 
    ✅ [29] 55410841 VELLFIRE 3
    ✅ [29] 55410841 ALPHARD 2
    ✅ [29] 60112784 C200 FL W205
    ✅ [29] 60112784 NPR75
    ✅ [29] 96717982 
    ✅ [29] 93605044 MODEL 3
    ✅ [29] 94438229 
    ✅ [29] 91312375 XV 2
    ✅ [29] 62908365 MACAN 2
    ✅ [29] 62908365 X1 SDRIVE20
    ✅ [29] 62908365 
    ✅ [29] 62908365 GLC250
    ✅ [29] 91517374 A3 1
    ✅ [29] 62908365 NOAH 70
    ✅ [29] 62908365 E200
    ✅ [29] 62908365 LS500
    ✅ [29] 93808216 VELLFIRE 2
    ✅ [29] 91608108 VELLFIRE 2
  📄 爬取第 132 頁...
    ✅ [29] 15012000 
    ✅ [29] 20012500 
    ✅ [29] 25013500 
    ✅ [29] 35014500 
    ✅ [29] 61100465 MODEL 3
    ✅ [29] 91210751 
    ✅ [29] 55410841 VELLFIRE 3
    ✅ [29] 55410841 ALPHARD 2
    ✅ [29] 60112784 C200 FL W205
    ✅ [29] 60112784 NPR75
    ✅ [29] 96717982 
    ✅ [29] 93605044 MODEL 3
    ✅ [29] 94438229 
    ✅ [29] 91312375 XV 2
    ✅ [29] 62908365 MACAN 2
    ✅ [29] 62908365 X1 SDRIVE20
    ✅ [29] 62908365 
    ✅ [29] 62908365 GLC250
    ✅ [29] 91517374 A3 1
    ✅ [29] 62908365 NOAH 70
    ✅ [29] 62908365 E200
    ✅ [29] 62908365 LS500
    ✅ [29] 93808216 VELLFIRE 2
    ✅ [29] 91608108 VELLFIRE 2
  📄 爬取第 133 頁...
    ✅ [29] 15012000 
    ✅ [29] 20012500 
    ✅ [29] 25013500 
    ✅ [29] 35014500 
    ✅ [29] 61100465 MODEL 3
    ✅ [29] 91210751 
    ✅ [29] 55410841 VELLFIRE 3
    ✅ [29] 55410841 ALPHARD 2
    ✅ [29] 60112784 C200 FL W205
    ✅ [29] 60112784 NPR75
    ✅ [29] 96717982 
    ✅ [29] 93605044 MODEL 3
    ✅ [29] 94438229 
    ✅ [29] 91312375 XV 2
    ✅ [29] 62908365 MACAN 2
    ✅ [29] 62908365 X1 SDRIVE20
    ✅ [29] 62908365 
    ✅ [29] 62908365 GLC250
    ✅ [29] 91517374 A3 1
    ✅ [29] 62908365 NOAH 70
    ✅ [29] 62908365 E200
    ✅ [29] 62908365 LS500
    ✅ [29] 93808216 VELLFIRE 2
    ✅ [29] 91608108 VELLFIRE 2
  📄 爬取第 134 頁...
    ✅ [29] 15012000 
    ✅ [29] 20012500 
    ✅ [29] 25013500 
    ✅ [29] 35014500 
    ✅ [29] 61100465 MODEL 3
    ✅ [29] 91210751 
    ✅ [29] 55410841 VELLFIRE 3
    ✅ [29] 55410841 ALPHARD 2
    ✅ [29] 60112784 C200 FL W205
    ✅ [29] 60112784 NPR75
    ✅ [29] 96717982 
    ✅ [29] 93605044 MODEL 3
    ✅ [29] 94438229 
    ✅ [29] 91312375 XV 2
    ✅ [29] 62908365 MACAN 2
    ✅ [29] 62908365 X1 SDRIVE20
    ✅ [29] 62908365 
    ✅ [29] 62908365 GLC250
    ✅ [29] 91517374 A3 1
    ✅ [29] 62908365 NOAH 70
    ✅ [29] 62908365 E200
    ✅ [29] 62908365 LS500
    ✅ [29] 93808216 VELLFIRE 2
    ✅ [29] 91608108 VELLFIRE 2
  📄 爬取第 135 頁...
    ✅ [29] 15012000 
    ✅ [29] 20012500 
    ✅ [29] 25013500 
    ✅ [29] 35014500 
    ✅ [29] 61100465 MODEL 3
    ✅ [29] 91210751 
    ✅ [29] 55410841 VELLFIRE 3
    ✅ [29] 55410841 ALPHARD 2
    ✅ [29] 60112784 C200 FL W205
    ✅ [29] 60112784 NPR75
    ✅ [29] 96717982 
    ✅ [29] 93605044 MODEL 3
    ✅ [29] 94438229 
    ✅ [29] 91312375 XV 2
    ✅ [29] 62908365 MACAN 2
    ✅ [29] 62908365 X1 SDRIVE20
    ✅ [29] 62908365 
    ✅ [29] 62908365 GLC250
    ✅ [29] 91517374 A3 1
    ✅ [29] 62908365 NOAH 70
    ✅ [29] 62908365 E200
    ✅ [29] 62908365 LS500
    ✅ [29] 93808216 VELLFIRE 2
    ✅ [29] 91608108 VELLFIRE 2
  📄 爬取第 136 頁...
    ✅ [29] 15012000 
    ✅ [29] 20012500 
    ✅ [29] 25013500 
    ✅ [29] 35014500 
    ✅ [29] 61100465 MODEL 3
    ✅ [29] 91210751 
    ✅ [29] 55410841 VELLFIRE 3
    ✅ [29] 55410841 ALPHARD 2
    ✅ [29] 60112784 C200 FL W205
    ✅ [29] 60112784 NPR75
    ✅ [29] 96717982 
    ✅ [29] 93605044 MODEL 3
    ✅ [29] 94438229 
    ✅ [29] 91312375 XV 2
    ✅ [29] 62908365 MACAN 2
    ✅ [29] 62908365 X1 SDRIVE20
    ✅ [29] 62908365 
    ✅ [29] 62908365 GLC250
    ✅ [29] 91517374 A3 1
    ✅ [29] 62908365 NOAH 70
    ✅ [29] 62908365 E200
    ✅ [29] 62908365 LS500
    ✅ [29] 93808216 VELLFIRE 2
    ✅ [29] 91608108 VELLFIRE 2
  📄 爬取第 137 頁...
    ✅ [29] 15012000 
    ✅ [29] 20012500 
    ✅ [29] 25013500 
    ✅ [29] 35014500 
    ✅ [29] 61100465 MODEL 3
    ✅ [29] 91210751 
    ✅ [29] 55410841 VELLFIRE 3
    ✅ [29] 55410841 ALPHARD 2
    ✅ [29] 60112784 C200 FL W205
    ✅ [29] 60112784 NPR75
    ✅ [29] 96717982 
    ✅ [29] 93605044 MODEL 3
    ✅ [29] 94438229 
    ✅ [29] 91312375 XV 2
    ✅ [29] 62908365 MACAN 2
    ✅ [29] 62908365 X1 SDRIVE20
    ✅ [29] 62908365 
    ✅ [29] 62908365 GLC250
    ✅ [29] 91517374 A3 1
    ✅ [29] 62908365 NOAH 70
    ✅ [29] 62908365 E200
    ✅ [29] 62908365 LS500
    ✅ [29] 93808216 VELLFIRE 2
    ✅ [29] 91608108 VELLFIRE 2
  📄 爬取第 138 頁...
    ✅ [29] 15012000 
    ✅ [29] 20012500 
    ✅ [29] 25013500 
    ✅ [29] 35014500 
    ✅ [30] 54099282 VELLFIRE 2
    ✅ [30] 54099282 
    ✅ [30] 61100465 MODEL 3
    ✅ [30] 91210751 
    ✅ [30] 55410841 VELLFIRE 3
    ✅ [30] 55410841 ALPHARD 2
    ✅ [30] 60112784 C200 FL W205
    ✅ [30] 60112784 NPR75
    ✅ [30] 96717982 
    ✅ [30] 93605044 MODEL 3
    ✅ [30] 94438229 
    ✅ [30] 91312375 XV 2
    ✅ [30] 62908365 MACAN 2
    ✅ [30] 62908365 X1 SDRIVE20
    ✅ [30] 62908365 
    ✅ [30] 62908365 GLC250
    ✅ [30] 91517374 A3 1
    ✅ [30] 62908365 NOAH 70
    ✅ [30] 62908365 E200
    ✅ [30] 62908365 LS500
  📄 爬取第 139 頁...
    ✅ [30] 15012000 
    ✅ [30] 20012500 
    ✅ [30] 25013500 
    ✅ [30] 35014500 
    ✅ [30] 54099282 VELLFIRE 2
    ✅ [30] 54099282 
    ✅ [30] 61100465 MODEL 3
    ✅ [30] 91210751 
    ✅ [30] 55410841 VELLFIRE 3
    ✅ [30] 55410841 ALPHARD 2
    ✅ [30] 60112784 C200 FL W205
    ✅ [30] 60112784 NPR75
    ✅ [30] 96717982 
    ✅ [30] 93605044 MODEL 3
    ✅ [30] 94438229 
    ✅ [30] 91312375 XV 2
    ✅ [30] 62908365 MACAN 2
    ✅ [30] 62908365 X1 SDRIVE20
    ✅ [30] 62908365 
    ✅ [30] 62908365 GLC250
    ✅ [30] 91517374 A3 1
    ✅ [30] 62908365 NOAH 70
    ✅ [30] 62908365 E200
    ✅ [30] 62908365 LS500
  📄 爬取第 140 頁...
    ✅ [30] 15012000 
    ✅ [30] 20012500 
    ✅ [30] 25013500 
    ✅ [30] 35014500 
    ✅ [30] 54099282 VELLFIRE 2
    ✅ [30] 54099282 
    ✅ [30] 61100465 MODEL 3
    ✅ [30] 91210751 
    ✅ [30] 55410841 VELLFIRE 3
    ✅ [30] 55410841 ALPHARD 2
    ✅ [30] 60112784 C200 FL W205
    ✅ [30] 60112784 NPR75
    ✅ [30] 96717982 
    ✅ [30] 93605044 MODEL 3
    ✅ [30] 91312375 XV 2
    ✅ [30] 62908365 MACAN 2
    ✅ [30] 62908365 X1 SDRIVE20
    ✅ [30] 62908365 
    ✅ [30] 62908365 GLC250
    ✅ [30] 91517374 A3 1
    ✅ [30] 62908365 NOAH 70
    ✅ [30] 62908365 E200
    ✅ [30] 62908365 LS500
  📄 爬取第 141 頁...
    ✅ [30] 15012000 
    ✅ [30] 20012500 
    ✅ [30] 25013500 
    ✅ [30] 35014500 
    ✅ [30] 54099282 VELLFIRE 2
    ✅ [30] 54099282 
    ✅ [30] 61100465 MODEL 3
    ✅ [30] 91210751 
    ✅ [30] 55410841 VELLFIRE 3
    ✅ [30] 55410841 ALPHARD 2
    ✅ [30] 60112784 C200 FL W205
    ✅ [30] 60112784 NPR75
    ✅ [30] 96717982 
    ✅ [30] 93605044 MODEL 3
    ✅ [30] 91312375 XV 2
    ✅ [30] 62908365 MACAN 2
    ✅ [30] 62908365 X1 SDRIVE20
    ✅ [30] 62908365 
    ✅ [30] 62908365 GLC250
    ✅ [30] 91517374 A3 1
    ✅ [30] 62908365 NOAH 70
    ✅ [30] 62908365 E200
    ✅ [30] 62908365 LS500
  📄 爬取第 142 頁...
    ✅ [30] 15012000 
    ✅ [30] 20012500 
    ✅ [30] 25013500 
    ✅ [30] 35014500 
    ✅ [30] 54099282 VELLFIRE 2
    ✅ [30] 54099282 
    ✅ [30] 61100465 MODEL 3
    ✅ [30] 91210751 
    ✅ [30] 55410841 VELLFIRE 3
    ✅ [30] 55410841 ALPHARD 2
    ✅ [30] 60112784 C200 FL W205
    ✅ [30] 60112784 NPR75
    ✅ [30] 96717982 
    ✅ [30] 93605044 MODEL 3
    ✅ [30] 91312375 XV 2
    ✅ [30] 62908365 MACAN 2
    ✅ [30] 62908365 X1 SDRIVE20
    ✅ [30] 62908365 
    ✅ [30] 62908365 GLC250
    ✅ [30] 91517374 A3 1
    ✅ [30] 62908365 NOAH 70
    ✅ [30] 62908365 E200
    ✅ [30] 62908365 LS500
  📄 爬取第 143 頁...
    ✅ [30] 15012000 
    ✅ [30] 20012500 
    ✅ [30] 25013500 
    ✅ [30] 35014500 
    ✅ [30] 54099282 VELLFIRE 2
    ✅ [30] 54099282 
    ✅ [30] 61100465 MODEL 3
    ✅ [30] 91210751 
    ✅ [30] 55410841 VELLFIRE 3
    ✅ [30] 55410841 ALPHARD 2
    ✅ [30] 60112784 C200 FL W205
    ✅ [30] 60112784 NPR75
    ✅ [30] 96717982 
    ✅ [30] 93605044 MODEL 3
    ✅ [30] 91312375 XV 2
    ✅ [30] 62908365 MACAN 2
    ✅ [30] 62908365 X1 SDRIVE20
    ✅ [30] 62908365 
    ✅ [30] 62908365 GLC250
    ✅ [30] 91517374 A3 1
    ✅ [30] 62908365 NOAH 70
    ✅ [30] 62908365 E200
    ✅ [30] 62908365 LS500
  📄 爬取第 144 頁...
    ✅ [30] 15012000 
    ✅ [30] 20012500 
    ✅ [30] 25013500 
    ✅ [30] 35014500 
    ✅ [30] 54099282 VELLFIRE 2
    ✅ [30] 54099282 
    ✅ [30] 61100465 MODEL 3
    ✅ [30] 91210751 
    ✅ [30] 55410841 VELLFIRE 3
    ✅ [30] 55410841 ALPHARD 2
    ✅ [30] 60112784 C200 FL W205
    ✅ [30] 60112784 NPR75
    ✅ [30] 96717982 
    ✅ [30] 93605044 MODEL 3
    ✅ [30] 91312375 XV 2
    ✅ [30] 62908365 MACAN 2
    ✅ [30] 62908365 X1 SDRIVE20
    ✅ [30] 62908365 
    ✅ [30] 62908365 GLC250
    ✅ [30] 91517374 A3 1
    ✅ [30] 62908365 NOAH 70
    ✅ [30] 62908365 E200
    ✅ [30] 62908365 LS500
  📄 爬取第 145 頁...
    ✅ [30] 15012000 
    ✅ [30] 20012500 
    ✅ [30] 25013500 
    ✅ [30] 35014500 
    ✅ [30] 54099282 VELLFIRE 2
    ✅ [30] 54099282 
    ✅ [30] 61100465 MODEL 3
    ✅ [30] 91210751 
    ✅ [30] 55410841 VELLFIRE 3
    ✅ [30] 55410841 ALPHARD 2
    ✅ [30] 60112784 C200 FL W205
    ✅ [30] 60112784 NPR75
    ✅ [30] 96717982 
    ✅ [30] 93605044 MODEL 3
    ✅ [30] 91312375 XV 2
    ✅ [30] 62908365 MACAN 2
    ✅ [30] 62908365 X1 SDRIVE20
    ✅ [30] 62908365 
    ✅ [30] 62908365 GLC250
    ✅ [30] 91517374 A3 1
    ✅ [30] 62908365 NOAH 70
    ✅ [30] 62908365 E200
    ✅ [30] 62908365 LS500
  📄 爬取第 146 頁...
    ✅ [30] 15012000 
    ✅ [30] 20012500 
    ✅ [30] 25013500 
    ✅ [30] 35014500 
    ✅ [30] 54099282 VELLFIRE 2
    ✅ [30] 54099282 
    ✅ [30] 61100465 MODEL 3
    ✅ [30] 91210751 
    ✅ [30] 55410841 VELLFIRE 3
    ✅ [30] 55410841 ALPHARD 2
    ✅ [30] 60112784 C200 FL W205
    ✅ [30] 60112784 NPR75
    ✅ [30] 96717982 
    ✅ [30] 93605044 MODEL 3
    ✅ [30] 91312375 XV 2
    ✅ [30] 62908365 MACAN 2
    ✅ [30] 62908365 X1 SDRIVE20
    ✅ [30] 62908365 
    ✅ [30] 62908365 GLC250
    ✅ [30] 91517374 A3 1
    ✅ [30] 62908365 NOAH 70
    ✅ [30] 62908365 E200
    ✅ [30] 62908365 LS500
  📄 爬取第 147 頁...
    ✅ [30] 15012000 
    ✅ [30] 20012500 
    ✅ [30] 25013500 
    ✅ [30] 35014500 
    ✅ [30] 54099282 VELLFIRE 2
    ✅ [30] 54099282 
    ✅ [30] 61100465 MODEL 3
    ✅ [30] 91210751 
    ✅ [30] 55410841 VELLFIRE 3
    ✅ [30] 55410841 ALPHARD 2
    ✅ [30] 60112784 C200 FL W205
    ✅ [30] 60112784 NPR75
    ✅ [30] 96717982 
    ✅ [30] 93605044 MODEL 3
    ✅ [30] 91312375 XV 2
    ✅ [30] 62908365 MACAN 2
    ✅ [30] 62908365 X1 SDRIVE20
    ✅ [30] 62908365 
    ✅ [30] 62908365 GLC250
    ✅ [30] 91517374 A3 1
    ✅ [30] 62908365 NOAH 70
    ✅ [30] 62908365 E200
    ✅ [30] 62908365 LS500
  📄 爬取第 148 頁...
    ✅ [30] 15012000 
    ✅ [30] 20012500 
    ✅ [30] 25013500 
    ✅ [30] 35014500 
    ✅ [30] 54099282 VELLFIRE 2
    ✅ [30] 54099282 
    ✅ [30] 61100465 MODEL 3
    ✅ [30] 91210751 
    ✅ [30] 55410841 VELLFIRE 3
    ✅ [30] 55410841 ALPHARD 2
    ✅ [30] 60112784 C200 FL W205
    ✅ [30] 60112784 NPR75
    ✅ [30] 96717982 
    ✅ [30] 93605044 MODEL 3
    ✅ [30] 91312375 XV 2
    ✅ [30] 62908365 MACAN 2
    ✅ [30] 62908365 X1 SDRIVE20
    ✅ [30] 62908365 
    ✅ [30] 62908365 GLC250
    ✅ [30] 91517374 A3 1
    ✅ [30] 62908365 NOAH 70
    ✅ [30] 62908365 E200
    ✅ [30] 62908365 LS500
  📄 爬取第 149 頁...
    ✅ [30] 15012000 
    ✅ [30] 20012500 
    ✅ [30] 25013500 
    ✅ [30] 35014500 
    ✅ [30] 54099282 VELLFIRE 2
    ✅ [30] 54099282 
    ✅ [30] 61100465 MODEL 3
    ✅ [30] 91210751 
    ✅ [30] 55410841 VELLFIRE 3
    ✅ [30] 55410841 ALPHARD 2
    ✅ [30] 60112784 C200 FL W205
    ✅ [30] 60112784 NPR75
    ✅ [30] 96717982 
    ✅ [30] 93605044 MODEL 3
    ✅ [30] 91312375 XV 2
    ✅ [30] 62908365 MACAN 2
    ✅ [30] 62908365 X1 SDRIVE20
    ✅ [30] 62908365 
    ✅ [30] 62908365 GLC250
    ✅ [30] 91517374 A3 1
    ✅ [30] 62908365 NOAH 70
    ✅ [30] 62908365 E200
    ✅ [30] 62908365 LS500
  📄 爬取第 150 頁...
    ✅ [30] 15012000 
    ✅ [30] 20012500 
    ✅ [30] 25013500 
    ✅ [30] 35014500 
    ✅ [31] 67733722 IS300
    ✅ [32] 56169248 
    ✅ [32] 54099282 
    ✅ [32] 56169248 FREED GB3
    ✅ [32] 54099282 VELLFIRE3
    ✅ [33] 59888288 
    ✅ [33] 54099282 VELLFIRE 2
    ✅ [33] 54099282 
    ✅ [33] 61100465 MODEL 3
    ✅ [33] 91210751 
    ✅ [33] 55410841 VELLFIRE 3
    ✅ [33] 55410841 ALPHARD 2
    ✅ [33] 60112784 C200 FL W205
    ✅ [33] 60112784 NPR75
    ✅ [33] 96717982 
    ✅ [33] 93605044 MODEL 3
    ✅ [33] 91312375 XV 2
    ✅ [33] 62908365 MACAN 2
    ✅ [33] 62908365 X1 SDRIVE20
  📄 爬取第 151 頁...
    ✅ [33] 15012000 
    ✅ [33] 20012500 
    ✅ [33] 25013500 
    ✅ [33] 35014500 
    ✅ [33] 67733722 IS300
    ✅ [33] 56169248 
    ✅ [33] 54099282 
    ✅ [33] 56169248 FREED GB3
    ✅ [33] 54099282 VELLFIRE3
    ✅ [33] 59888288 
    ✅ [33] 54099282 VELLFIRE 2
    ✅ [33] 54099282 
    ✅ [33] 61100465 MODEL 3
    ✅ [33] 91210751 
    ✅ [33] 55410841 VELLFIRE 3
    ✅ [33] 55410841 ALPHARD 2
    ✅ [33] 60112784 C200 FL W205
    ✅ [33] 60112784 NPR75
    ✅ [33] 96717982 
    ✅ [33] 93605044 MODEL 3
    ✅ [33] 91312375 XV 2
    ✅ [33] 62908365 MACAN 2
    ✅ [33] 62908365 X1 SDRIVE20
  📄 爬取第 152 頁...
    ✅ [33] 15012000 
    ✅ [33] 20012500 
    ✅ [33] 25013500 
    ✅ [33] 35014500 
    ✅ [33] 67733722 IS300
    ✅ [33] 56169248 
    ✅ [33] 54099282 
    ✅ [33] 56169248 FREED GB3
    ✅ [33] 54099282 VELLFIRE3
    ✅ [33] 59888288 
    ✅ [33] 54099282 VELLFIRE 2
    ✅ [33] 54099282 
    ✅ [33] 61100465 MODEL 3
    ✅ [33] 91210751 
    ✅ [33] 55410841 VELLFIRE 3
    ✅ [33] 55410841 ALPHARD 2
    ✅ [33] 60112784 C200 FL W205
    ✅ [33] 60112784 NPR75
    ✅ [33] 96717982 
    ✅ [33] 93605044 MODEL 3
    ✅ [33] 91312375 XV 2
    ✅ [33] 62908365 MACAN 2
    ✅ [33] 62908365 X1 SDRIVE20
  📄 爬取第 153 頁...
    ✅ [33] 15012000 
    ✅ [33] 20012500 
    ✅ [33] 25013500 
    ✅ [33] 35014500 
    ✅ [33] 67733722 IS300
    ✅ [33] 56169248 
    ✅ [33] 54099282 
    ✅ [33] 56169248 FREED GB3
    ✅ [33] 54099282 VELLFIRE3
    ✅ [33] 59888288 
    ✅ [33] 54099282 VELLFIRE 2
    ✅ [33] 54099282 
    ✅ [33] 61100465 MODEL 3
    ✅ [33] 91210751 
    ✅ [33] 55410841 VELLFIRE 3
    ✅ [33] 55410841 ALPHARD 2
    ✅ [33] 60112784 C200 FL W205
    ✅ [33] 60112784 NPR75
    ✅ [33] 96717982 
    ✅ [33] 93605044 MODEL 3
    ✅ [33] 91312375 XV 2
    ✅ [33] 62908365 MACAN 2
    ✅ [33] 62908365 X1 SDRIVE20
  📄 爬取第 154 頁...
    ✅ [33] 15012000 
    ✅ [33] 20012500 
    ✅ [33] 25013500 
    ✅ [33] 35014500 
    ✅ [33] 67733722 IS300
    ✅ [33] 56169248 
    ✅ [33] 54099282 
    ✅ [33] 56169248 FREED GB3
    ✅ [33] 54099282 VELLFIRE3
    ✅ [33] 59888288 
    ✅ [33] 54099282 VELLFIRE 2
    ✅ [33] 54099282 
    ✅ [33] 61100465 MODEL 3
    ✅ [33] 91210751 
    ✅ [33] 55410841 VELLFIRE 3
    ✅ [33] 55410841 ALPHARD 2
    ✅ [33] 60112784 C200 FL W205
    ✅ [33] 60112784 NPR75
    ✅ [33] 96717982 
    ✅ [33] 93605044 MODEL 3
    ✅ [33] 91312375 XV 2
    ✅ [33] 62908365 MACAN 2
    ✅ [33] 62908365 X1 SDRIVE20
  📄 爬取第 155 頁...
    ✅ [33] 15012000 
    ✅ [33] 20012500 
    ✅ [33] 25013500 
    ✅ [33] 35014500 
    ✅ [33] 67733722 IS300
    ✅ [33] 56169248 
    ✅ [33] 54099282 
    ✅ [33] 56169248 FREED GB3
    ✅ [33] 54099282 VELLFIRE3
    ✅ [33] 59888288 
    ✅ [33] 54099282 VELLFIRE 2
    ✅ [33] 54099282 
    ✅ [33] 61100465 MODEL 3
    ✅ [33] 91210751 
    ✅ [33] 55410841 VELLFIRE 3
    ✅ [33] 55410841 ALPHARD 2
    ✅ [33] 60112784 C200 FL W205
    ✅ [33] 60112784 NPR75
    ✅ [33] 96717982 
    ✅ [33] 93605044 MODEL 3
    ✅ [33] 91312375 XV 2
    ✅ [33] 62908365 MACAN 2
    ✅ [33] 62908365 X1 SDRIVE20
  📄 爬取第 156 頁...
    ✅ [33] 15012000 
    ✅ [33] 20012500 
    ✅ [33] 25013500 
    ✅ [33] 35014500 
    ✅ [33] 67733722 IS300
    ✅ [33] 56169248 
    ✅ [33] 54099282 
    ✅ [33] 56169248 FREED GB3
    ✅ [33] 54099282 VELLFIRE3
    ✅ [33] 59888288 
    ✅ [33] 54099282 VELLFIRE 2
    ✅ [33] 54099282 
    ✅ [33] 61100465 MODEL 3
    ✅ [33] 91210751 
    ✅ [33] 55410841 VELLFIRE 3
    ✅ [33] 55410841 ALPHARD 2
    ✅ [33] 60112784 C200 FL W205
    ✅ [33] 60112784 NPR75
    ✅ [33] 96717982 
    ✅ [33] 93605044 MODEL 3
    ✅ [33] 91312375 XV 2
    ✅ [33] 62908365 MACAN 2
    ✅ [33] 62908365 X1 SDRIVE20
  📄 爬取第 157 頁...
    ✅ [33] 15012000 
    ✅ [33] 20012500 
    ✅ [33] 25013500 
    ✅ [33] 35014500 
    ✅ [33] 67733722 IS300
    ✅ [33] 56169248 
    ✅ [33] 54099282 
    ✅ [33] 56169248 FREED GB3
    ✅ [33] 54099282 VELLFIRE3
    ✅ [33] 59888288 
    ✅ [33] 54099282 VELLFIRE 2
    ✅ [33] 54099282 
    ✅ [33] 61100465 MODEL 3
    ✅ [33] 91210751 
    ✅ [33] 55410841 VELLFIRE 3
    ✅ [33] 55410841 ALPHARD 2
    ✅ [33] 60112784 C200 FL W205
    ✅ [33] 60112784 NPR75
    ✅ [33] 96717982 
    ✅ [33] 93605044 MODEL 3
    ✅ [33] 91312375 XV 2
    ✅ [33] 62908365 MACAN 2
    ✅ [33] 62908365 X1 SDRIVE20
  📄 爬取第 158 頁...
    ✅ [33] 15012000 
    ✅ [33] 20012500 
    ✅ [33] 25013500 
    ✅ [33] 35014500 
    ✅ [33] 67733722 IS300
    ✅ [33] 56169248 
    ✅ [33] 54099282 
    ✅ [33] 56169248 FREED GB3
    ✅ [33] 54099282 VELLFIRE3
    ✅ [33] 59888288 
    ✅ [33] 54099282 VELLFIRE 2
    ✅ [33] 54099282 
    ✅ [33] 61100465 MODEL 3
    ✅ [33] 91210751 
    ✅ [33] 55410841 VELLFIRE 3
    ✅ [33] 55410841 ALPHARD 2
    ✅ [33] 60112784 C200 FL W205
    ✅ [33] 60112784 NPR75
    ✅ [33] 96717982 
    ✅ [33] 93605044 MODEL 3
    ✅ [33] 91312375 XV 2
    ✅ [33] 62908365 MACAN 2
    ✅ [33] 62908365 X1 SDRIVE20
  📄 爬取第 159 頁...
    ✅ [33] 15012000 
    ✅ [33] 20012500 
    ✅ [33] 25013500 
    ✅ [33] 35014500 
    ✅ [33] 67733722 IS300
    ✅ [33] 56169248 
    ✅ [33] 54099282 
    ✅ [33] 56169248 FREED GB3
    ✅ [33] 54099282 VELLFIRE3
    ✅ [33] 59888288 
    ✅ [33] 54099282 VELLFIRE 2
    ✅ [33] 54099282 
    ✅ [33] 61100465 MODEL 3
    ✅ [33] 91210751 
    ✅ [33] 55410841 VELLFIRE 3
    ✅ [33] 55410841 ALPHARD 2
    ✅ [33] 60112784 C200 FL W205
    ✅ [33] 60112784 NPR75
    ✅ [33] 96717982 
    ✅ [33] 93605044 MODEL 3
    ✅ [33] 91312375 XV 2
    ✅ [33] 62908365 MACAN 2
    ✅ [33] 62908365 X1 SDRIVE20
  📄 爬取第 160 頁...
    ✅ [33] 15012000 
    ✅ [33] 20012500 
    ✅ [33] 25013500 
    ✅ [33] 35014500 
    ✅ [33] 67733722 IS300
    ✅ [33] 56169248 
    ✅ [33] 54099282 
    ✅ [33] 56169248 FREED GB3
    ✅ [33] 54099282 VELLFIRE3
    ✅ [33] 59888288 
    ✅ [33] 54099282 VELLFIRE 2
    ✅ [33] 54099282 
    ✅ [33] 61100465 MODEL 3
    ✅ [33] 91210751 
    ✅ [33] 55410841 VELLFIRE 3
    ✅ [33] 55410841 ALPHARD 2
    ✅ [33] 60112784 C200 FL W205
    ✅ [33] 60112784 NPR75
    ✅ [33] 96717982 
    ✅ [33] 93605044 MODEL 3
    ✅ [33] 91312375 XV 2
    ✅ [33] 62908365 MACAN 2
    ✅ [33] 62908365 X1 SDRIVE20
  📄 爬取第 161 頁...
    ✅ [33] 15012000 
    ✅ [33] 20012500 
    ✅ [33] 25013500 
    ✅ [33] 35014500 
    ✅ [33] 67733722 IS300
    ✅ [33] 56169248 
    ✅ [33] 54099282 
    ✅ [33] 56169248 FREED GB3
    ✅ [33] 54099282 VELLFIRE3
    ✅ [33] 59888288 
    ✅ [33] 54099282 VELLFIRE 2
    ✅ [33] 54099282 
    ✅ [33] 61100465 MODEL 3
    ✅ [33] 91210751 
    ✅ [33] 55410841 VELLFIRE 3
    ✅ [33] 55410841 ALPHARD 2
    ✅ [33] 60112784 C200 FL W205
    ✅ [33] 60112784 NPR75
    ✅ [33] 96717982 
    ✅ [33] 93605044 MODEL 3
    ✅ [33] 91312375 XV 2
    ✅ [33] 62908365 MACAN 2
    ✅ [33] 62908365 X1 SDRIVE20
  📄 爬取第 162 頁...
    ✅ [33] 15012000 
    ✅ [33] 20012500 
    ✅ [33] 25013500 
    ✅ [33] 35014500 
    ✅ [34] 98700051 
    ✅ [34] 67733722 IS300
    ✅ [34] 56169248 
    ✅ [34] 54099282 
    ✅ [34] 56169248 FREED GB3
    ✅ [34] 54099282 VELLFIRE3
    ✅ [34] 59888288 
    ✅ [34] 54099282 VELLFIRE 2
    ✅ [34] 54099282 
    ✅ [34] 61100465 MODEL 3
    ✅ [34] 91210751 
    ✅ [34] 55410841 VELLFIRE 3
    ✅ [34] 55410841 ALPHARD 2
    ✅ [34] 60112784 C200 FL W205
    ✅ [34] 60112784 NPR75
    ✅ [34] 96717982 
    ✅ [34] 93605044 MODEL 3
    ✅ [34] 91312375 XV 2
    ✅ [34] 62908365 MACAN 2
  📄 爬取第 163 頁...
    ✅ [34] 15012000 
    ✅ [34] 20012500 
    ✅ [34] 25013500 
    ✅ [34] 35014500 
    ✅ [34] 98700051 
    ✅ [34] 67733722 IS300
    ✅ [34] 56169248 
    ✅ [34] 54099282 
    ✅ [34] 56169248 FREED GB3
    ✅ [34] 54099282 VELLFIRE3
    ✅ [34] 59888288 
    ✅ [34] 54099282 VELLFIRE 2
    ✅ [34] 54099282 
    ✅ [34] 61100465 MODEL 3
    ✅ [34] 91210751 
    ✅ [34] 55410841 VELLFIRE 3
    ✅ [34] 55410841 ALPHARD 2
    ✅ [34] 60112784 C200 FL W205
    ✅ [34] 60112784 NPR75
    ✅ [34] 96717982 
    ✅ [34] 93605044 MODEL 3
    ✅ [34] 91312375 XV 2
    ✅ [34] 62908365 MACAN 2
  📄 爬取第 164 頁...
    ✅ [34] 15012000 
    ✅ [34] 20012500 
    ✅ [34] 25013500 
    ✅ [34] 35014500 
    ✅ [34] 98700051 
    ✅ [34] 67733722 IS300
    ✅ [34] 56169248 
    ✅ [34] 54099282 
    ✅ [34] 56169248 FREED GB3
    ✅ [34] 54099282 VELLFIRE3
    ✅ [34] 59888288 
    ✅ [34] 54099282 VELLFIRE 2
    ✅ [34] 54099282 
    ✅ [34] 61100465 MODEL 3
    ✅ [34] 91210751 
    ✅ [34] 55410841 VELLFIRE 3
    ✅ [34] 55410841 ALPHARD 2
    ✅ [34] 60112784 C200 FL W205
    ✅ [34] 60112784 NPR75
    ✅ [34] 96717982 
    ✅ [34] 93605044 MODEL 3
    ✅ [34] 91312375 XV 2
    ✅ [34] 62908365 MACAN 2
  📄 爬取第 165 頁...
    ✅ [34] 15012000 
    ✅ [34] 20012500 
    ✅ [34] 25013500 
    ✅ [34] 35014500 
    ✅ [34] 98700051 
    ✅ [34] 67733722 IS300
    ✅ [34] 56169248 
    ✅ [34] 54099282 
    ✅ [34] 56169248 FREED GB3
    ✅ [34] 54099282 VELLFIRE3
    ✅ [34] 59888288 
    ✅ [34] 54099282 VELLFIRE 2
    ✅ [34] 54099282 
    ✅ [34] 61100465 MODEL 3
    ✅ [34] 91210751 
    ✅ [34] 55410841 VELLFIRE 3
    ✅ [34] 55410841 ALPHARD 2
    ✅ [34] 60112784 C200 FL W205
    ✅ [34] 60112784 NPR75
    ✅ [34] 96717982 
    ✅ [34] 93605044 MODEL 3
    ✅ [34] 91312375 XV 2
    ✅ [34] 62908365 MACAN 2
  📄 爬取第 166 頁...
    ✅ [34] 15012000 
    ✅ [34] 20012500 
    ✅ [34] 25013500 
    ✅ [34] 35014500 
    ✅ [34] 98700051 
    ✅ [34] 67733722 IS300
    ✅ [34] 56169248 
    ✅ [34] 54099282 
    ✅ [34] 56169248 FREED GB3
    ✅ [34] 54099282 VELLFIRE3
    ✅ [34] 59888288 
    ✅ [34] 54099282 VELLFIRE 2
    ✅ [34] 54099282 
    ✅ [34] 61100465 MODEL 3
    ✅ [34] 91210751 
    ✅ [34] 55410841 VELLFIRE 3
    ✅ [34] 55410841 ALPHARD 2
    ✅ [34] 60112784 C200 FL W205
    ✅ [34] 60112784 NPR75
    ✅ [34] 96717982 
    ✅ [34] 93605044 MODEL 3
    ✅ [34] 91312375 XV 2
    ✅ [34] 62908365 MACAN 2
  📄 爬取第 167 頁...
    ✅ [34] 15012000 
    ✅ [34] 20012500 
    ✅ [34] 25013500 
    ✅ [34] 35014500 
    ✅ [34] 98700051 
    ✅ [34] 67733722 IS300
    ✅ [34] 56169248 
    ✅ [34] 54099282 
    ✅ [34] 56169248 FREED GB3
    ✅ [34] 54099282 VELLFIRE3
    ✅ [34] 59888288 
    ✅ [34] 54099282 VELLFIRE 2
    ✅ [34] 54099282 
    ✅ [34] 61100465 MODEL 3
    ✅ [34] 91210751 
    ✅ [34] 55410841 VELLFIRE 3
    ✅ [34] 55410841 ALPHARD 2
    ✅ [34] 60112784 C200 FL W205
    ✅ [34] 60112784 NPR75
    ✅ [34] 96717982 
    ✅ [34] 93605044 MODEL 3
    ✅ [34] 91312375 XV 2
    ✅ [34] 62908365 MACAN 2
  📄 爬取第 168 頁...
    ✅ [34] 15012000 
    ✅ [34] 20012500 
    ✅ [34] 25013500 
    ✅ [34] 35014500 
    ✅ [34] 98700051 
    ✅ [34] 67733722 IS300
    ✅ [34] 56169248 
    ✅ [34] 54099282 
    ✅ [34] 56169248 FREED GB3
    ✅ [34] 54099282 VELLFIRE3
    ✅ [34] 59888288 
    ✅ [34] 54099282 VELLFIRE 2
    ✅ [34] 54099282 
    ✅ [34] 61100465 MODEL 3
    ✅ [34] 91210751 
    ✅ [34] 55410841 VELLFIRE 3
    ✅ [34] 55410841 ALPHARD 2
    ✅ [34] 60112784 C200 FL W205
    ✅ [34] 60112784 NPR75
    ✅ [34] 96717982 
    ✅ [34] 93605044 MODEL 3
    ✅ [34] 91312375 XV 2
    ✅ [34] 62908365 MACAN 2
  📄 爬取第 169 頁...
    ✅ [34] 15012000 
    ✅ [34] 20012500 
    ✅ [34] 25013500 
    ✅ [34] 35014500 
    ✅ [34] 98700051 
    ✅ [34] 67733722 IS300
    ✅ [34] 56169248 
    ✅ [34] 54099282 
    ✅ [34] 56169248 FREED GB3
    ✅ [34] 54099282 VELLFIRE3
    ✅ [34] 59888288 
    ✅ [34] 54099282 VELLFIRE 2
    ✅ [34] 54099282 
    ✅ [34] 61100465 MODEL 3
    ✅ [34] 91210751 
    ✅ [34] 55410841 VELLFIRE 3
    ✅ [34] 55410841 ALPHARD 2
    ✅ [34] 60112784 C200 FL W205
    ✅ [34] 60112784 NPR75
    ✅ [34] 96717982 
    ✅ [34] 93605044 MODEL 3
    ✅ [34] 91312375 XV 2
    ✅ [34] 62908365 MACAN 2
  📄 爬取第 170 頁...
    ✅ [34] 15012000 
    ✅ [34] 20012500 
    ✅ [34] 25013500 
    ✅ [34] 35014500 
    ✅ [34] 98700051 
    ✅ [34] 67733722 IS300
    ✅ [34] 56169248 
    ✅ [34] 54099282 
    ✅ [34] 56169248 FREED GB3
    ✅ [34] 54099282 VELLFIRE3
    ✅ [34] 59888288 
    ✅ [34] 54099282 VELLFIRE 2
    ✅ [34] 54099282 
    ✅ [34] 61100465 MODEL 3
    ✅ [34] 91210751 
    ✅ [34] 55410841 VELLFIRE 3
    ✅ [34] 55410841 ALPHARD 2
    ✅ [34] 60112784 C200 FL W205
    ✅ [34] 60112784 NPR75
    ✅ [34] 96717982 
    ✅ [34] 93605044 MODEL 3
    ✅ [34] 91312375 XV 2
    ✅ [34] 62908365 MACAN 2
  📄 爬取第 171 頁...
    ✅ [34] 15012000 
    ✅ [34] 20012500 
    ✅ [34] 25013500 
    ✅ [34] 35014500 
    ✅ [34] 98700051 
    ✅ [34] 67733722 IS300
    ✅ [34] 56169248 
    ✅ [34] 54099282 
    ✅ [34] 56169248 FREED GB3
    ✅ [34] 54099282 VELLFIRE3
    ✅ [34] 59888288 
    ✅ [34] 54099282 VELLFIRE 2
    ✅ [34] 54099282 
    ✅ [34] 61100465 MODEL 3
    ✅ [34] 91210751 
    ✅ [34] 55410841 VELLFIRE 3
    ✅ [34] 55410841 ALPHARD 2
    ✅ [34] 60112784 C200 FL W205
    ✅ [34] 60112784 NPR75
    ✅ [34] 96717982 
    ✅ [34] 93605044 MODEL 3
    ✅ [34] 91312375 XV 2
    ✅ [34] 62908365 MACAN 2
  📄 爬取第 172 頁...
    ✅ [34] 15012000 
    ✅ [34] 20012500 
    ✅ [34] 25013500 
    ✅ [34] 35014500 
    ✅ [34] 98700051 
    ✅ [34] 67733722 IS300
    ✅ [34] 56169248 
    ✅ [34] 54099282 
    ✅ [34] 56169248 FREED GB3
    ✅ [34] 54099282 VELLFIRE3
    ✅ [34] 59888288 
    ✅ [34] 54099282 VELLFIRE 2
    ✅ [34] 54099282 
    ✅ [34] 61100465 MODEL 3
    ✅ [34] 91210751 
    ✅ [34] 55410841 VELLFIRE 3
    ✅ [34] 55410841 ALPHARD 2
    ✅ [34] 60112784 C200 FL W205
    ✅ [34] 60112784 NPR75
    ✅ [34] 96717982 
    ✅ [34] 93605044 MODEL 3
    ✅ [34] 91312375 XV 2
    ✅ [34] 62908365 MACAN 2
  📄 爬取第 173 頁...
    ✅ [34] 15012000 
    ✅ [34] 20012500 
    ✅ [34] 25013500 
    ✅ [34] 35014500 
    ✅ [34] 98700051 
    ✅ [34] 67733722 IS300
    ✅ [34] 56169248 
    ✅ [34] 54099282 
    ✅ [34] 56169248 FREED GB3
    ✅ [34] 54099282 VELLFIRE3
    ✅ [34] 59888288 
    ✅ [34] 54099282 VELLFIRE 2
    ✅ [34] 54099282 
    ✅ [34] 61100465 MODEL 3
    ✅ [34] 91210751 
    ✅ [34] 55410841 VELLFIRE 3
    ✅ [34] 55410841 ALPHARD 2
    ✅ [34] 60112784 C200 FL W205
    ✅ [34] 60112784 NPR75
    ✅ [34] 96717982 
    ✅ [34] 93605044 MODEL 3
    ✅ [34] 91312375 XV 2
    ✅ [34] 62908365 MACAN 2
  📄 爬取第 174 頁...
    ✅ [34] 15012000 
    ✅ [34] 20012500 
    ✅ [34] 25013500 
    ✅ [34] 35014500 
    ✅ [34] 98700051 
    ✅ [34] 67733722 IS300
    ✅ [34] 56169248 
    ✅ [34] 54099282 
    ✅ [34] 56169248 FREED GB3
    ✅ [34] 54099282 VELLFIRE3
    ✅ [34] 59888288 
    ✅ [34] 54099282 VELLFIRE 2
    ✅ [34] 54099282 
    ✅ [34] 61100465 MODEL 3
    ✅ [34] 91210751 
    ✅ [34] 55410841 VELLFIRE 3
    ✅ [34] 55410841 ALPHARD 2
    ✅ [34] 60112784 C200 FL W205
    ✅ [34] 60112784 NPR75
    ✅ [34] 96717982 
    ✅ [34] 93605044 MODEL 3
    ✅ [34] 91312375 XV 2
    ✅ [34] 62908365 MACAN 2
  📄 爬取第 175 頁...
    ✅ [34] 15012000 
    ✅ [34] 20012500 
    ✅ [34] 25013500 
    ✅ [34] 35014500 
    ✅ [34] 98700051 
    ✅ [34] 67733722 IS300
    ✅ [34] 56169248 
    ✅ [34] 54099282 
    ✅ [34] 56169248 FREED GB3
    ✅ [34] 54099282 VELLFIRE3
    ✅ [34] 59888288 
    ✅ [34] 54099282 VELLFIRE 2
    ✅ [34] 54099282 
    ✅ [34] 61100465 MODEL 3
    ✅ [34] 91210751 
    ✅ [34] 55410841 VELLFIRE 3
    ✅ [34] 55410841 ALPHARD 2
    ✅ [34] 60112784 C200 FL W205
    ✅ [34] 60112784 NPR75
    ✅ [34] 96717982 
    ✅ [34] 93605044 MODEL 3
    ✅ [34] 91312375 XV 2
    ✅ [34] 62908365 MACAN 2
  📄 爬取第 176 頁...
    ✅ [34] 15012000 
    ✅ [34] 20012500 
    ✅ [34] 25013500 
    ✅ [34] 35014500 
    ✅ [34] 98700051 
    ✅ [34] 67733722 IS300
    ✅ [34] 56169248 
    ✅ [34] 54099282 
    ✅ [34] 56169248 FREED GB3
    ✅ [34] 54099282 VELLFIRE3
    ✅ [34] 59888288 
    ✅ [34] 54099282 VELLFIRE 2
    ✅ [34] 54099282 
    ✅ [34] 61100465 MODEL 3
    ✅ [34] 91210751 
    ✅ [34] 55410841 VELLFIRE 3
    ✅ [34] 55410841 ALPHARD 2
    ✅ [34] 60112784 C200 FL W205
    ✅ [34] 60112784 NPR75
    ✅ [34] 96717982 
    ✅ [34] 93605044 MODEL 3
    ✅ [34] 91312375 XV 2
    ✅ [34] 62908365 MACAN 2
  📄 爬取第 177 頁...
    ✅ [34] 15012000 
    ✅ [34] 20012500 
    ✅ [34] 25013500 
    ✅ [34] 35014500 
    ✅ [34] 98700051 
    ✅ [34] 67733722 IS300
    ✅ [34] 56169248 
    ✅ [34] 54099282 
    ✅ [34] 56169248 FREED GB3
    ✅ [34] 54099282 VELLFIRE3
    ✅ [34] 59888288 
    ✅ [34] 54099282 VELLFIRE 2
    ✅ [34] 54099282 
    ✅ [34] 61100465 MODEL 3
    ✅ [34] 91210751 
    ✅ [34] 55410841 VELLFIRE 3
    ✅ [34] 55410841 ALPHARD 2
    ✅ [34] 60112784 C200 FL W205
    ✅ [34] 60112784 NPR75
    ✅ [34] 96717982 
    ✅ [34] 93605044 MODEL 3
    ✅ [34] 91312375 XV 2
    ✅ [34] 62908365 MACAN 2
  📄 爬取第 178 頁...
    ✅ [34] 15012000 
    ✅ [34] 20012500 
    ✅ [34] 25013500 
    ✅ [34] 35014500 
    ✅ [34] 98700051 
    ✅ [34] 67733722 IS300
    ✅ [34] 56169248 
    ✅ [34] 54099282 
    ✅ [34] 56169248 FREED GB3
    ✅ [34] 54099282 VELLFIRE3
    ✅ [34] 59888288 
    ✅ [34] 54099282 VELLFIRE 2
    ✅ [34] 54099282 
    ✅ [34] 61100465 MODEL 3
    ✅ [34] 91210751 
    ✅ [34] 55410841 VELLFIRE 3
    ✅ [34] 55410841 ALPHARD 2
    ✅ [34] 60112784 C200 FL W205
    ✅ [34] 60112784 NPR75
    ✅ [34] 96717982 
    ✅ [34] 93605044 MODEL 3
    ✅ [34] 91312375 XV 2
    ✅ [34] 62908365 MACAN 2
  📄 爬取第 179 頁...
    ✅ [34] 15012000 
    ✅ [34] 20012500 
    ✅ [34] 25013500 
    ✅ [34] 35014500 
    ✅ [34] 98700051 
    ✅ [34] 67733722 IS300
    ✅ [34] 56169248 
    ✅ [34] 54099282 
    ✅ [34] 56169248 FREED GB3
    ✅ [34] 54099282 VELLFIRE3
    ✅ [34] 59888288 
    ✅ [34] 54099282 VELLFIRE 2
    ✅ [34] 54099282 
    ✅ [34] 61100465 MODEL 3
    ✅ [34] 91210751 
    ✅ [34] 55410841 VELLFIRE 3
    ✅ [34] 55410841 ALPHARD 2
    ✅ [34] 60112784 C200 FL W205
    ✅ [34] 60112784 NPR75
    ✅ [34] 96717982 
    ✅ [34] 93605044 MODEL 3
    ✅ [34] 91312375 XV 2
    ✅ [34] 62908365 MACAN 2
  📄 爬取第 180 頁...
    ✅ [34] 15012000 
    ✅ [34] 20012500 
    ✅ [34] 25013500 
    ✅ [34] 35014500 
    ✅ [34] 98700051 
    ✅ [34] 67733722 IS300
    ✅ [34] 56169248 
    ✅ [34] 54099282 
    ✅ [34] 56169248 FREED GB3
    ✅ [34] 54099282 VELLFIRE3
    ✅ [34] 59888288 
    ✅ [34] 54099282 VELLFIRE 2
    ✅ [34] 54099282 
    ✅ [34] 61100465 MODEL 3
    ✅ [34] 91210751 
    ✅ [34] 55410841 VELLFIRE 3
    ✅ [34] 55410841 ALPHARD 2
    ✅ [34] 60112784 C200 FL W205
    ✅ [34] 60112784 NPR75
    ✅ [34] 96717982 
    ✅ [34] 93605044 MODEL 3
    ✅ [34] 91312375 XV 2
    ✅ [34] 62908365 MACAN 2
  📄 爬取第 181 頁...
    ✅ [34] 15012000 
    ✅ [34] 20012500 
    ✅ [34] 25013500 
    ✅ [34] 35014500 
    ✅ [34] 98700051 
    ✅ [34] 67733722 IS300
    ✅ [34] 56169248 
    ✅ [34] 54099282 
    ✅ [34] 56169248 FREED GB3
    ✅ [34] 54099282 VELLFIRE3
    ✅ [34] 59888288 
    ✅ [34] 54099282 VELLFIRE 2
    ✅ [34] 54099282 
    ✅ [34] 61100465 MODEL 3
    ✅ [34] 91210751 
    ✅ [34] 55410841 VELLFIRE 3
    ✅ [34] 55410841 ALPHARD 2
    ✅ [34] 60112784 C200 FL W205
    ✅ [34] 60112784 NPR75
    ✅ [34] 96717982 
    ✅ [34] 93605044 MODEL 3
    ✅ [34] 91312375 XV 2
    ✅ [34] 62908365 MACAN 2
  📄 爬取第 182 頁...
    ✅ [34] 15012000 
    ✅ [34] 20012500 
    ✅ [34] 25013500 
    ✅ [34] 35014500 
    ✅ [34] 98700051 
    ✅ [34] 67733722 IS300
    ✅ [34] 56169248 
    ✅ [34] 54099282 
    ✅ [34] 56169248 FREED GB3
    ✅ [34] 54099282 VELLFIRE3
    ✅ [34] 59888288 
    ✅ [34] 54099282 VELLFIRE 2
    ✅ [34] 54099282 
    ✅ [34] 61100465 MODEL 3
    ✅ [34] 91210751 
    ✅ [34] 55410841 VELLFIRE 3
    ✅ [34] 55410841 ALPHARD 2
    ✅ [34] 60112784 C200 FL W205
    ✅ [34] 60112784 NPR75
    ✅ [34] 96717982 
    ✅ [34] 93605044 MODEL 3
    ✅ [34] 91312375 XV 2
    ✅ [34] 62908365 MACAN 2
  📄 爬取第 183 頁...
    ✅ [34] 15012000 
    ✅ [34] 20012500 
    ✅ [34] 25013500 
    ✅ [34] 35014500 
    ✅ [34] 98700051 
    ✅ [34] 67733722 IS300
    ✅ [34] 56169248 
    ✅ [34] 54099282 
    ✅ [34] 56169248 FREED GB3
    ✅ [34] 54099282 VELLFIRE3
    ✅ [34] 59888288 
    ✅ [34] 54099282 VELLFIRE 2
    ✅ [34] 54099282 
    ✅ [34] 61100465 MODEL 3
    ✅ [34] 91210751 
    ✅ [34] 55410841 VELLFIRE 3
    ✅ [34] 55410841 ALPHARD 2
    ✅ [34] 60112784 C200 FL W205
    ✅ [34] 60112784 NPR75
    ✅ [34] 96717982 
    ✅ [34] 93605044 MODEL 3
    ✅ [34] 91312375 XV 2
    ✅ [34] 62908365 MACAN 2
  📄 爬取第 184 頁...
    ✅ [34] 15012000 
    ✅ [34] 20012500 
    ✅ [34] 25013500 
    ✅ [34] 35014500 
    ✅ [34] 98700051 
    ✅ [34] 67733722 IS300
    ✅ [34] 56169248 
    ✅ [34] 54099282 
    ✅ [34] 56169248 FREED GB3
    ✅ [34] 54099282 VELLFIRE3
    ✅ [34] 59888288 
    ✅ [34] 54099282 VELLFIRE 2
    ✅ [34] 54099282 
    ✅ [34] 61100465 MODEL 3
    ✅ [34] 91210751 
    ✅ [34] 55410841 VELLFIRE 3
    ✅ [34] 55410841 ALPHARD 2
    ✅ [34] 60112784 C200 FL W205
    ✅ [34] 60112784 NPR75
    ✅ [34] 96717982 
    ✅ [34] 93605044 MODEL 3
    ✅ [34] 91312375 XV 2
    ✅ [34] 62908365 MACAN 2
  📄 爬取第 185 頁...
    ✅ [34] 15012000 
    ✅ [34] 20012500 
    ✅ [34] 25013500 
    ✅ [34] 35014500 
    ✅ [34] 98700051 
    ✅ [34] 67733722 IS300
    ✅ [34] 56169248 
    ✅ [34] 54099282 
    ✅ [34] 56169248 FREED GB3
    ✅ [34] 54099282 VELLFIRE3
    ✅ [34] 59888288 
    ✅ [34] 54099282 VELLFIRE 2
    ✅ [34] 54099282 
    ✅ [34] 61100465 MODEL 3
    ✅ [34] 91210751 
    ✅ [34] 55410841 VELLFIRE 3
    ✅ [34] 55410841 ALPHARD 2
    ✅ [34] 60112784 C200 FL W205
    ✅ [34] 60112784 NPR75
    ✅ [34] 96717982 
    ✅ [34] 93605044 MODEL 3
    ✅ [34] 91312375 XV 2
    ✅ [34] 62908365 MACAN 2
  📄 爬取第 186 頁...
    ✅ [34] 15012000 
    ✅ [34] 20012500 
    ✅ [34] 25013500 
    ✅ [34] 35014500 
    ✅ [35] 62062950 
    ✅ [35] 62062950 
    ✅ [36] 91720124 
    ✅ [37] 59225189 
    ✅ [37] 98700051 
    ✅ [37] 67733722 IS300
    ✅ [37] 56169248 
    ✅ [37] 54099282 
    ✅ [37] 56169248 FREED GB3
    ✅ [37] 54099282 VELLFIRE3
    ✅ [37] 59888288 
    ✅ [37] 54099282 VELLFIRE 2
    ✅ [37] 54099282 
    ✅ [37] 61100465 MODEL 3
    ✅ [37] 91210751 
    ✅ [37] 55410841 VELLFIRE 3
    ✅ [37] 55410841 ALPHARD 2
    ✅ [37] 60112784 C200 FL W205
  📄 爬取第 187 頁...
    ✅ [37] 15012000 
    ✅ [37] 20012500 
    ✅ [37] 25013500 
    ✅ [37] 35014500 
    ✅ [37] 62062950 
    ✅ [37] 62062950 
    ✅ [37] 91720124 
    ✅ [37] 59225189 
    ✅ [37] 98700051 
    ✅ [37] 67733722 IS300
    ✅ [37] 56169248 
    ✅ [37] 54099282 
    ✅ [37] 56169248 FREED GB3
    ✅ [37] 54099282 VELLFIRE3
    ✅ [37] 59888288 
    ✅ [37] 54099282 VELLFIRE 2
    ✅ [37] 54099282 
    ✅ [37] 61100465 MODEL 3
    ✅ [37] 91210751 
    ✅ [37] 55410841 VELLFIRE 3
    ✅ [37] 55410841 ALPHARD 2
    ✅ [37] 60112784 C200 FL W205
  📄 爬取第 188 頁...
    ✅ [37] 15012000 
    ✅ [37] 20012500 
    ✅ [37] 25013500 
    ✅ [37] 35014500 
    ✅ [37] 62062950 
    ✅ [37] 62062950 
    ✅ [37] 91720124 
    ✅ [37] 59225189 
    ✅ [37] 98700051 
    ✅ [37] 67733722 IS300
    ✅ [37] 56169248 
    ✅ [37] 54099282 
    ✅ [37] 56169248 FREED GB3
    ✅ [37] 54099282 VELLFIRE3
    ✅ [37] 59888288 
    ✅ [37] 54099282 VELLFIRE 2
    ✅ [37] 54099282 
    ✅ [37] 61100465 MODEL 3
    ✅ [37] 91210751 
    ✅ [37] 55410841 VELLFIRE 3
    ✅ [37] 55410841 ALPHARD 2
    ✅ [37] 60112784 C200 FL W205
  📄 爬取第 189 頁...
    ✅ [37] 15012000 
    ✅ [37] 20012500 
    ✅ [37] 25013500 
    ✅ [37] 35014500 
    ✅ [37] 62062950 
    ✅ [37] 62062950 
    ✅ [37] 91720124 
    ✅ [37] 59225189 
    ✅ [37] 98700051 
    ✅ [37] 67733722 IS300
    ✅ [37] 56169248 
    ✅ [37] 54099282 
    ✅ [37] 56169248 FREED GB3
    ✅ [37] 54099282 VELLFIRE3
    ✅ [37] 59888288 
    ✅ [37] 54099282 VELLFIRE 2
    ✅ [37] 54099282 
    ✅ [37] 61100465 MODEL 3
    ✅ [37] 91210751 
    ✅ [37] 55410841 VELLFIRE 3
    ✅ [37] 55410841 ALPHARD 2
    ✅ [37] 60112784 C200 FL W205
  📄 爬取第 190 頁...
    ✅ [37] 15012000 
    ✅ [37] 20012500 
    ✅ [37] 25013500 
    ✅ [37] 35014500 
    ✅ [37] 62062950 
    ✅ [37] 62062950 
    ✅ [37] 91720124 
    ✅ [37] 59225189 
    ✅ [37] 98700051 
    ✅ [37] 67733722 IS300
    ✅ [37] 56169248 
    ✅ [37] 54099282 
    ✅ [37] 56169248 FREED GB3
    ✅ [37] 54099282 VELLFIRE3
    ✅ [37] 59888288 
    ✅ [37] 54099282 VELLFIRE 2
    ✅ [37] 54099282 
    ✅ [37] 61100465 MODEL 3
    ✅ [37] 91210751 
    ✅ [37] 55410841 VELLFIRE 3
    ✅ [37] 55410841 ALPHARD 2
    ✅ [37] 60112784 C200 FL W205
  📄 爬取第 191 頁...
    ✅ [37] 15012000 
    ✅ [37] 20012500 
    ✅ [37] 25013500 
    ✅ [37] 35014500 
    ✅ [37] 62062950 
    ✅ [37] 62062950 
    ✅ [37] 91720124 
    ✅ [37] 59225189 
    ✅ [37] 98700051 
    ✅ [37] 67733722 IS300
    ✅ [37] 56169248 
    ✅ [37] 54099282 
    ✅ [37] 56169248 FREED GB3
    ✅ [37] 54099282 VELLFIRE3
    ✅ [37] 59888288 
    ✅ [37] 54099282 VELLFIRE 2
    ✅ [37] 54099282 
    ✅ [37] 61100465 MODEL 3
    ✅ [37] 91210751 
    ✅ [37] 55410841 VELLFIRE 3
    ✅ [37] 55410841 ALPHARD 2
    ✅ [37] 60112784 C200 FL W205
  📄 爬取第 192 頁...
    ✅ [37] 15012000 
    ✅ [37] 20012500 
    ✅ [37] 25013500 
    ✅ [37] 35014500 
    ✅ [37] 62062950 
    ✅ [37] 62062950 
    ✅ [37] 91720124 
    ✅ [37] 59225189 
    ✅ [37] 98700051 
    ✅ [37] 67733722 IS300
    ✅ [37] 56169248 
    ✅ [37] 54099282 
    ✅ [37] 56169248 FREED GB3
    ✅ [37] 54099282 VELLFIRE3
    ✅ [37] 59888288 
    ✅ [37] 54099282 VELLFIRE 2
    ✅ [37] 54099282 
    ✅ [37] 61100465 MODEL 3
    ✅ [37] 91210751 
    ✅ [37] 55410841 VELLFIRE 3
    ✅ [37] 55410841 ALPHARD 2
    ✅ [37] 60112784 C200 FL W205
  📄 爬取第 193 頁...
    ✅ [37] 15012000 
    ✅ [37] 20012500 
    ✅ [37] 25013500 
    ✅ [37] 35014500 
    ✅ [37] 62062950 
    ✅ [37] 62062950 
    ✅ [37] 91720124 
    ✅ [37] 59225189 
    ✅ [37] 98700051 
    ✅ [37] 67733722 IS300
    ✅ [37] 56169248 
    ✅ [37] 54099282 
    ✅ [37] 56169248 FREED GB3
    ✅ [37] 54099282 VELLFIRE3
    ✅ [37] 59888288 
    ✅ [37] 54099282 VELLFIRE 2
    ✅ [37] 54099282 
    ✅ [37] 61100465 MODEL 3
    ✅ [37] 91210751 
    ✅ [37] 55410841 VELLFIRE 3
    ✅ [37] 55410841 ALPHARD 2
    ✅ [37] 60112784 C200 FL W205
  📄 爬取第 194 頁...
    ✅ [37] 15012000 
    ✅ [37] 20012500 
    ✅ [37] 25013500 
    ✅ [37] 35014500 
    ✅ [37] 62062950 
    ✅ [37] 62062950 
    ✅ [37] 91720124 
    ✅ [37] 59225189 
    ✅ [37] 98700051 
    ✅ [37] 67733722 IS300
    ✅ [37] 56169248 
    ✅ [37] 54099282 
    ✅ [37] 56169248 FREED GB3
    ✅ [37] 54099282 VELLFIRE3
    ✅ [37] 59888288 
    ✅ [37] 54099282 VELLFIRE 2
    ✅ [37] 54099282 
    ✅ [37] 61100465 MODEL 3
    ✅ [37] 91210751 
    ✅ [37] 55410841 VELLFIRE 3
    ✅ [37] 55410841 ALPHARD 2
    ✅ [37] 60112784 C200 FL W205
  📄 爬取第 195 頁...
    ✅ [37] 15012000 
    ✅ [37] 20012500 
    ✅ [37] 25013500 
    ✅ [37] 35014500 
    ✅ [37] 62062950 
    ✅ [37] 62062950 
    ✅ [37] 91720124 
    ✅ [37] 59225189 
    ✅ [37] 98700051 
    ✅ [37] 67733722 IS300
    ✅ [37] 56169248 
    ✅ [37] 54099282 
    ✅ [37] 56169248 FREED GB3
    ✅ [37] 54099282 VELLFIRE3
    ✅ [37] 59888288 
    ✅ [37] 54099282 VELLFIRE 2
    ✅ [37] 54099282 
    ✅ [37] 61100465 MODEL 3
    ✅ [37] 91210751 
    ✅ [37] 55410841 VELLFIRE 3
    ✅ [37] 55410841 ALPHARD 2
    ✅ [37] 60112784 C200 FL W205
  📄 爬取第 196 頁...
    ✅ [37] 15012000 
    ✅ [37] 20012500 
    ✅ [37] 25013500 
    ✅ [37] 35014500 
    ✅ [37] 62062950 
    ✅ [37] 62062950 
    ✅ [37] 91720124 
    ✅ [37] 59225189 
    ✅ [37] 98700051 
    ✅ [37] 67733722 IS300
    ✅ [37] 56169248 
    ✅ [37] 54099282 
    ✅ [37] 56169248 FREED GB3
    ✅ [37] 54099282 VELLFIRE3
    ✅ [37] 59888288 
    ✅ [37] 54099282 VELLFIRE 2
    ✅ [37] 54099282 
    ✅ [37] 61100465 MODEL 3
    ✅ [37] 91210751 
    ✅ [37] 55410841 VELLFIRE 3
    ✅ [37] 55410841 ALPHARD 2
    ✅ [37] 60112784 C200 FL W205
  📄 爬取第 197 頁...
    ✅ [37] 15012000 
    ✅ [37] 20012500 
    ✅ [37] 25013500 
    ✅ [37] 35014500 
    ✅ [37] 62062950 
    ✅ [37] 62062950 
    ✅ [37] 91720124 
    ✅ [37] 59225189 
    ✅ [37] 98700051 
    ✅ [37] 67733722 IS300
    ✅ [37] 56169248 
    ✅ [37] 54099282 
    ✅ [37] 56169248 FREED GB3
    ✅ [37] 54099282 VELLFIRE3
    ✅ [37] 59888288 
    ✅ [37] 54099282 VELLFIRE 2
    ✅ [37] 54099282 
    ✅ [37] 61100465 MODEL 3
    ✅ [37] 91210751 
    ✅ [37] 55410841 VELLFIRE 3
    ✅ [37] 55410841 ALPHARD 2
    ✅ [37] 60112784 C200 FL W205
  📄 爬取第 198 頁...
    ✅ [37] 15012000 
    ✅ [37] 20012500 
    ✅ [37] 25013500 
    ✅ [37] 35014500 
    ✅ [37] 55410841 ALPHARD 2
    ✅ [38] 63650985 RUMION 1
    ✅ [39] 67605301 
    ✅ [40] 68399914 
    ✅ [40] 67605301 
    ✅ [40] 68399914 
    ✅ [40] 62062950 
    ✅ [40] 62062950 
    ✅ [40] 91720124 
    ✅ [40] 59225189 
    ✅ [40] 98700051 
    ✅ [40] 67733722 IS300
    ✅ [40] 56169248 
    ✅ [40] 54099282 
    ✅ [40] 56169248 FREED GB3
    ✅ [40] 54099282 VELLFIRE3
    ✅ [40] 59888288 
    ✅ [40] 54099282 VELLFIRE 2
    ✅ [40] 54099282 
  📄 爬取第 199 頁...
    ✅ [40] 15012000 
    ✅ [40] 20012500 
    ✅ [40] 25013500 
    ✅ [40] 35014500 
    ✅ [40] 55410841 ALPHARD 2
    ✅ [40] 63650985 RUMION 1
    ✅ [40] 67605301 
    ✅ [40] 68399914 
    ✅ [40] 67605301 
    ✅ [40] 68399914 
    ✅ [40] 62062950 
    ✅ [40] 62062950 
    ✅ [40] 91720124 
    ✅ [40] 59225189 
    ✅ [40] 98700051 
    ✅ [40] 67733722 IS300
    ✅ [40] 56169248 
    ✅ [40] 54099282 
    ✅ [40] 56169248 FREED GB3
    ✅ [40] 54099282 VELLFIRE3
    ✅ [40] 59888288 
    ✅ [40] 54099282 VELLFIRE 2
    ✅ [40] 54099282 
  📄 爬取第 200 頁...
    ✅ [40] 15012000 
    ✅ [40] 20012500 
    ✅ [40] 25013500 
    ✅ [40] 35014500 
    ✅ [40] 55410841 ALPHARD 2
    ✅ [40] 63650985 RUMION 1
    ✅ [40] 67605301 
    ✅ [40] 68399914 
    ✅ [40] 67605301 
    ✅ [40] 68399914 
    ✅ [40] 62062950 
    ✅ [40] 62062950 
    ✅ [40] 91720124 
    ✅ [40] 59225189 
    ✅ [40] 98700051 
    ✅ [40] 67733722 IS300
    ✅ [40] 56169248 
    ✅ [40] 54099282 
    ✅ [40] 56169248 FREED GB3
    ✅ [40] 54099282 VELLFIRE3
    ✅ [40] 59888288 
    ✅ [40] 54099282 VELLFIRE 2
    ✅ [40] 54099282 
  📄 爬取第 201 頁...
    ✅ [40] 15012000 
    ✅ [40] 20012500 
    ✅ [40] 25013500 
    ✅ [40] 35014500 
    ✅ [40] 55410841 ALPHARD 2
    ✅ [40] 63650985 RUMION 1
    ✅ [40] 67605301 
    ✅ [40] 68399914 
    ✅ [40] 67605301 
    ✅ [40] 68399914 
    ✅ [40] 62062950 
    ✅ [40] 62062950 
    ✅ [40] 91720124 
    ✅ [40] 59225189 
    ✅ [40] 98700051 
    ✅ [40] 67733722 IS300
    ✅ [40] 56169248 
    ✅ [40] 54099282 
    ✅ [40] 56169248 FREED GB3
    ✅ [40] 54099282 VELLFIRE3
    ✅ [40] 59888288 
    ✅ [40] 54099282 VELLFIRE 2
    ✅ [40] 54099282 
  📄 爬取第 202 頁...
    ✅ [40] 15012000 
    ✅ [40] 20012500 
    ✅ [40] 25013500 
    ✅ [40] 35014500 
    ✅ [40] 55410841 ALPHARD 2
    ✅ [40] 63650985 RUMION 1
    ✅ [40] 67605301 
    ✅ [40] 68399914 
    ✅ [40] 67605301 
    ✅ [40] 68399914 
    ✅ [40] 62062950 
    ✅ [40] 62062950 
    ✅ [40] 91720124 
    ✅ [40] 59225189 
    ✅ [40] 98700051 
    ✅ [40] 67733722 IS300
    ✅ [40] 56169248 
    ✅ [40] 54099282 
    ✅ [40] 56169248 FREED GB3
    ✅ [40] 54099282 VELLFIRE3
    ✅ [40] 59888288 
    ✅ [40] 54099282 VELLFIRE 2
    ✅ [40] 54099282 
  📄 爬取第 203 頁...
    ✅ [40] 15012000 
    ✅ [40] 20012500 
    ✅ [40] 25013500 
    ✅ [40] 35014500 
    ✅ [40] 55410841 ALPHARD 2
    ✅ [40] 63650985 RUMION 1
    ✅ [40] 67605301 
    ✅ [40] 68399914 
    ✅ [40] 67605301 
    ✅ [40] 68399914 
    ✅ [40] 62062950 
    ✅ [40] 62062950 
    ✅ [40] 91720124 
    ✅ [40] 59225189 
    ✅ [40] 98700051 
    ✅ [40] 67733722 IS300
    ✅ [40] 56169248 
    ✅ [40] 54099282 
    ✅ [40] 56169248 FREED GB3
    ✅ [40] 54099282 VELLFIRE3
    ✅ [40] 59888288 
    ✅ [40] 54099282 VELLFIRE 2
    ✅ [40] 54099282 
  📄 爬取第 204 頁...
    ✅ [40] 15012000 
    ✅ [40] 20012500 
    ✅ [40] 25013500 
    ✅ [40] 35014500 
    ✅ [40] 55410841 ALPHARD 2
    ✅ [40] 63650985 RUMION 1
    ✅ [40] 67605301 
    ✅ [40] 68399914 
    ✅ [40] 67605301 
    ✅ [40] 68399914 
    ✅ [40] 62062950 
    ✅ [40] 62062950 
    ✅ [40] 91720124 
    ✅ [40] 59225189 
    ✅ [40] 98700051 
    ✅ [40] 67733722 IS300
    ✅ [40] 56169248 
    ✅ [40] 54099282 
    ✅ [40] 56169248 FREED GB3
    ✅ [40] 54099282 VELLFIRE3
    ✅ [40] 59888288 
    ✅ [40] 54099282 VELLFIRE 2
    ✅ [40] 54099282 
  📄 爬取第 205 頁...
    ✅ [40] 15012000 
    ✅ [40] 20012500 
    ✅ [40] 25013500 
    ✅ [40] 35014500 
    ✅ [40] 55410841 ALPHARD 2
    ✅ [40] 63650985 RUMION 1
    ✅ [40] 67605301 
    ✅ [40] 68399914 
    ✅ [40] 67605301 
    ✅ [40] 68399914 
    ✅ [40] 62062950 
    ✅ [40] 62062950 
    ✅ [40] 91720124 
    ✅ [40] 59225189 
    ✅ [40] 98700051 
    ✅ [40] 67733722 IS300
    ✅ [40] 56169248 
    ✅ [40] 54099282 
    ✅ [40] 56169248 FREED GB3
    ✅ [40] 54099282 VELLFIRE3
    ✅ [40] 59888288 
    ✅ [40] 54099282 VELLFIRE 2
    ✅ [40] 54099282 
  📄 爬取第 206 頁...
    ✅ [40] 15012000 
    ✅ [40] 20012500 
    ✅ [40] 25013500 
    ✅ [40] 35014500 
    ✅ [40] 55410841 ALPHARD 2
    ✅ [40] 63650985 RUMION 1
    ✅ [40] 67605301 
    ✅ [40] 68399914 
    ✅ [40] 67605301 
    ✅ [40] 68399914 
    ✅ [40] 62062950 
    ✅ [40] 62062950 
    ✅ [40] 91720124 
    ✅ [40] 59225189 
    ✅ [40] 98700051 
    ✅ [40] 67733722 IS300
    ✅ [40] 56169248 
    ✅ [40] 54099282 
    ✅ [40] 56169248 FREED GB3
    ✅ [40] 54099282 VELLFIRE3
    ✅ [40] 59888288 
    ✅ [40] 54099282 VELLFIRE 2
    ✅ [40] 54099282 
  📄 爬取第 207 頁...
    ✅ [40] 15012000 
    ✅ [40] 20012500 
    ✅ [40] 25013500 
    ✅ [40] 35014500 
    ✅ [40] 55410841 ALPHARD 2
    ✅ [40] 63650985 RUMION 1
    ✅ [40] 67605301 
    ✅ [40] 68399914 
    ✅ [40] 67605301 
    ✅ [40] 68399914 
    ✅ [40] 62062950 
    ✅ [40] 62062950 
    ✅ [40] 91720124 
    ✅ [40] 59225189 
    ✅ [40] 98700051 
    ✅ [40] 67733722 IS300
    ✅ [40] 56169248 
    ✅ [40] 54099282 
    ✅ [40] 56169248 FREED GB3
    ✅ [40] 54099282 VELLFIRE3
    ✅ [40] 59888288 
    ✅ [40] 54099282 VELLFIRE 2
    ✅ [40] 54099282 
  📄 爬取第 208 頁...
    ✅ [40] 15012000 
    ✅ [40] 20012500 
    ✅ [40] 25013500 
    ✅ [40] 35014500 
    ✅ [40] 55410841 ALPHARD 2
    ✅ [40] 63650985 RUMION 1
    ✅ [40] 67605301 
    ✅ [40] 68399914 
    ✅ [40] 67605301 
    ✅ [40] 68399914 
    ✅ [40] 62062950 
    ✅ [40] 62062950 
    ✅ [40] 91720124 
    ✅ [40] 59225189 
    ✅ [40] 98700051 
    ✅ [40] 67733722 IS300
    ✅ [40] 56169248 
    ✅ [40] 54099282 
    ✅ [40] 56169248 FREED GB3
    ✅ [40] 54099282 VELLFIRE3
    ✅ [40] 59888288 
    ✅ [40] 54099282 VELLFIRE 2
    ✅ [40] 54099282 
  📄 爬取第 209 頁...
    ✅ [40] 15012000 
    ✅ [40] 20012500 
    ✅ [40] 25013500 
    ✅ [40] 35014500 
    ✅ [40] 55410841 ALPHARD 2
    ✅ [40] 63650985 RUMION 1
    ✅ [40] 67605301 
    ✅ [40] 68399914 
    ✅ [40] 67605301 
    ✅ [40] 68399914 
    ✅ [40] 62062950 
    ✅ [40] 62062950 
    ✅ [40] 91720124 
    ✅ [40] 59225189 
    ✅ [40] 98700051 
    ✅ [40] 67733722 IS300
    ✅ [40] 56169248 
    ✅ [40] 54099282 
    ✅ [40] 56169248 FREED GB3
    ✅ [40] 54099282 VELLFIRE3
    ✅ [40] 59888288 
    ✅ [40] 54099282 VELLFIRE 2
    ✅ [40] 54099282 
  📄 爬取第 210 頁...
    ✅ [40] 15012000 
    ✅ [40] 20012500 
    ✅ [40] 25013500 
    ✅ [40] 35014500 
    ✅ [40] 55410841 ALPHARD 2
    ✅ [40] 63650985 RUMION 1
    ✅ [40] 67605301 
    ✅ [40] 68399914 
    ✅ [40] 67605301 
    ✅ [40] 68399914 
    ✅ [40] 62062950 
    ✅ [40] 62062950 
    ✅ [40] 91720124 
    ✅ [40] 59225189 
    ✅ [40] 98700051 
    ✅ [40] 67733722 IS300
    ✅ [40] 56169248 
    ✅ [40] 54099282 
    ✅ [40] 56169248 FREED GB3
    ✅ [40] 54099282 VELLFIRE3
    ✅ [40] 59888288 
    ✅ [40] 54099282 VELLFIRE 2
    ✅ [40] 54099282 
  📄 爬取第 211 頁...
    ✅ [40] 15012000 
    ✅ [40] 20012500 
    ✅ [40] 25013500 
    ✅ [40] 35014500 
    ✅ [41] 53738065 PRIUS 1
    ✅ [41] 61100465 MODEL 3
    ✅ [42] 64602092 CD116
    ✅ [42] 55410841 
    ✅ [43] 94825046 CYZ24
    ✅ [43] 55410841 ALPHARD 2
    ✅ [43] 63650985 RUMION 1
    ✅ [43] 67605301 
    ✅ [43] 68399914 
    ✅ [43] 67605301 
    ✅ [43] 68399914 
    ✅ [43] 62062950 
    ✅ [43] 62062950 
    ✅ [43] 91720124 
    ✅ [43] 59225189 
    ✅ [43] 98700051 
    ✅ [43] 67733722 IS300
    ✅ [43] 56169248 
    ✅ [43] 54099282 
  📄 爬取第 212 頁...
    ✅ [43] 15012000 
    ✅ [43] 20012500 
    ✅ [43] 25013500 
    ✅ [43] 35014500 
    ✅ [43] 53738065 PRIUS 1
    ✅ [43] 61100465 MODEL 3
    ✅ [43] 64602092 CD116
    ✅ [43] 55410841 
    ✅ [43] 94825046 CYZ24
    ✅ [43] 55410841 ALPHARD 2
    ✅ [43] 63650985 RUMION 1
    ✅ [43] 67605301 
    ✅ [43] 68399914 
    ✅ [43] 67605301 
    ✅ [43] 68399914 
    ✅ [43] 62062950 
    ✅ [43] 62062950 
    ✅ [43] 91720124 
    ✅ [43] 59225189 
    ✅ [43] 98700051 
    ✅ [43] 67733722 IS300
    ✅ [43] 56169248 
    ✅ [43] 54099282 
  📄 爬取第 213 頁...
    ✅ [43] 15012000 
    ✅ [43] 20012500 
    ✅ [43] 25013500 
    ✅ [43] 35014500 
    ✅ [43] 53738065 PRIUS 1
    ✅ [43] 61100465 MODEL 3
    ✅ [43] 64602092 CD116
    ✅ [43] 55410841 
    ✅ [43] 94825046 CYZ24
    ✅ [43] 55410841 ALPHARD 2
    ✅ [43] 63650985 RUMION 1
    ✅ [43] 67605301 
    ✅ [43] 68399914 
    ✅ [43] 67605301 
    ✅ [43] 68399914 
    ✅ [43] 62062950 
    ✅ [43] 62062950 
    ✅ [43] 91720124 
    ✅ [43] 59225189 
    ✅ [43] 98700051 
    ✅ [43] 67733722 IS300
    ✅ [43] 56169248 
    ✅ [43] 54099282 
  📄 爬取第 214 頁...
    ✅ [43] 15012000 
    ✅ [43] 20012500 
    ✅ [43] 25013500 
    ✅ [43] 35014500 
    ✅ [43] 53738065 PRIUS 1
    ✅ [43] 61100465 MODEL 3
    ✅ [43] 64602092 CD116
    ✅ [43] 55410841 
    ✅ [43] 94825046 CYZ24
    ✅ [43] 55410841 ALPHARD 2
    ✅ [43] 63650985 RUMION 1
    ✅ [43] 67605301 
    ✅ [43] 68399914 
    ✅ [43] 67605301 
    ✅ [43] 68399914 
    ✅ [43] 62062950 
    ✅ [43] 62062950 
    ✅ [43] 91720124 
    ✅ [43] 59225189 
    ✅ [43] 98700051 
    ✅ [43] 67733722 IS300
    ✅ [43] 56169248 
    ✅ [43] 54099282 
  📄 爬取第 215 頁...
    ✅ [43] 15012000 
    ✅ [43] 20012500 
    ✅ [43] 25013500 
    ✅ [43] 35014500 
    ✅ [43] 53738065 PRIUS 1
    ✅ [43] 61100465 MODEL 3
    ✅ [43] 64602092 CD116
    ✅ [43] 55410841 
    ✅ [43] 94825046 CYZ24
    ✅ [43] 55410841 ALPHARD 2
    ✅ [43] 63650985 RUMION 1
    ✅ [43] 67605301 
    ✅ [43] 68399914 
    ✅ [43] 67605301 
    ✅ [43] 68399914 
    ✅ [43] 62062950 
    ✅ [43] 62062950 
    ✅ [43] 91720124 
    ✅ [43] 59225189 
    ✅ [43] 98700051 
    ✅ [43] 67733722 IS300
    ✅ [43] 56169248 
    ✅ [43] 54099282 
  📄 爬取第 216 頁...
    ✅ [43] 15012000 
    ✅ [43] 20012500 
    ✅ [43] 25013500 
    ✅ [43] 35014500 
    ✅ [43] 53738065 PRIUS 1
    ✅ [43] 61100465 MODEL 3
    ✅ [43] 64602092 CD116
    ✅ [43] 55410841 
    ✅ [43] 94825046 CYZ24
    ✅ [43] 55410841 ALPHARD 2
    ✅ [43] 63650985 RUMION 1
    ✅ [43] 67605301 
    ✅ [43] 68399914 
    ✅ [43] 67605301 
    ✅ [43] 68399914 
    ✅ [43] 62062950 
    ✅ [43] 62062950 
    ✅ [43] 91720124 
    ✅ [43] 59225189 
    ✅ [43] 98700051 
    ✅ [43] 67733722 IS300
    ✅ [43] 56169248 
    ✅ [43] 54099282 
  📄 爬取第 217 頁...
    ✅ [43] 15012000 
    ✅ [43] 20012500 
    ✅ [43] 25013500 
    ✅ [43] 35014500 
    ✅ [43] 53738065 PRIUS 1
    ✅ [43] 61100465 MODEL 3
    ✅ [43] 64602092 CD116
    ✅ [43] 55410841 
    ✅ [43] 94825046 CYZ24
    ✅ [43] 55410841 ALPHARD 2
    ✅ [43] 63650985 RUMION 1
    ✅ [43] 67605301 
    ✅ [43] 68399914 
    ✅ [43] 67605301 
    ✅ [43] 68399914 
    ✅ [43] 62062950 
    ✅ [43] 62062950 
    ✅ [43] 91720124 
    ✅ [43] 59225189 
    ✅ [43] 98700051 
    ✅ [43] 67733722 IS300
    ✅ [43] 56169248 
    ✅ [43] 54099282 
  📄 爬取第 218 頁...
    ✅ [43] 15012000 
    ✅ [43] 20012500 
    ✅ [43] 25013500 
    ✅ [43] 35014500 
    ✅ [43] 53738065 PRIUS 1
    ✅ [43] 61100465 MODEL 3
    ✅ [43] 64602092 CD116
    ✅ [43] 55410841 
    ✅ [43] 94825046 CYZ24
    ✅ [43] 55410841 ALPHARD 2
    ✅ [43] 63650985 RUMION 1
    ✅ [43] 67605301 
    ✅ [43] 68399914 
    ✅ [43] 67605301 
    ✅ [43] 68399914 
    ✅ [43] 62062950 
    ✅ [43] 62062950 
    ✅ [43] 91720124 
    ✅ [43] 59225189 
    ✅ [43] 98700051 
    ✅ [43] 67733722 IS300
    ✅ [43] 56169248 
    ✅ [43] 54099282 
  📄 爬取第 219 頁...
    ✅ [43] 15012000 
    ✅ [43] 20012500 
    ✅ [43] 25013500 
    ✅ [43] 35014500 
    ✅ [43] 53738065 PRIUS 1
    ✅ [43] 61100465 MODEL 3
    ✅ [43] 64602092 CD116
    ✅ [43] 55410841 
    ✅ [43] 94825046 CYZ24
    ✅ [43] 55410841 ALPHARD 2
    ✅ [43] 63650985 RUMION 1
    ✅ [43] 67605301 
    ✅ [43] 68399914 
    ✅ [43] 67605301 
    ✅ [43] 68399914 
    ✅ [43] 62062950 
    ✅ [43] 62062950 
    ✅ [43] 91720124 
    ✅ [43] 59225189 
    ✅ [43] 98700051 
    ✅ [43] 67733722 IS300
    ✅ [43] 56169248 
    ✅ [43] 54099282 
  📄 爬取第 220 頁...
    ✅ [43] 15012000 
    ✅ [43] 20012500 
    ✅ [43] 25013500 
    ✅ [43] 35014500 
    ✅ [43] 53738065 PRIUS 1
    ✅ [43] 61100465 MODEL 3
    ✅ [43] 64602092 CD116
    ✅ [43] 55410841 
    ✅ [43] 94825046 CYZ24
    ✅ [43] 55410841 ALPHARD 2
    ✅ [43] 63650985 RUMION 1
    ✅ [43] 67605301 
    ✅ [43] 68399914 
    ✅ [43] 67605301 
    ✅ [43] 68399914 
    ✅ [43] 62062950 
    ✅ [43] 62062950 
    ✅ [43] 91720124 
    ✅ [43] 59225189 
    ✅ [43] 98700051 
    ✅ [43] 67733722 IS300
    ✅ [43] 56169248 
    ✅ [43] 54099282 
  📄 爬取第 221 頁...
    ✅ [43] 15012000 
    ✅ [43] 20012500 
    ✅ [43] 25013500 
    ✅ [43] 35014500 
    ✅ [43] 53738065 PRIUS 1
    ✅ [43] 61100465 MODEL 3
    ✅ [43] 64602092 CD116
    ✅ [43] 55410841 
    ✅ [43] 94825046 CYZ24
    ✅ [43] 55410841 ALPHARD 2
    ✅ [43] 63650985 RUMION 1
    ✅ [43] 67605301 
    ✅ [43] 68399914 
    ✅ [43] 67605301 
    ✅ [43] 68399914 
    ✅ [43] 62062950 
    ✅ [43] 62062950 
    ✅ [43] 91720124 
    ✅ [43] 59225189 
    ✅ [43] 98700051 
    ✅ [43] 67733722 IS300
    ✅ [43] 56169248 
    ✅ [43] 54099282 
  📄 爬取第 222 頁...
    ✅ [43] 15012000 
    ✅ [43] 20012500 
    ✅ [43] 25013500 
    ✅ [43] 35014500 
    ✅ [43] 53738065 PRIUS 1
    ✅ [43] 61100465 MODEL 3
    ✅ [43] 64602092 CD116
    ✅ [43] 55410841 
    ✅ [43] 94825046 CYZ24
    ✅ [43] 55410841 ALPHARD 2
    ✅ [43] 63650985 RUMION 1
    ✅ [43] 67605301 
    ✅ [43] 68399914 
    ✅ [43] 67605301 
    ✅ [43] 68399914 
    ✅ [43] 62062950 
    ✅ [43] 62062950 
    ✅ [43] 91720124 
    ✅ [43] 59225189 
    ✅ [43] 98700051 
    ✅ [43] 67733722 IS300
    ✅ [43] 56169248 
    ✅ [43] 54099282 
  📄 爬取第 223 頁...
    ✅ [43] 15012000 
    ✅ [43] 20012500 
    ✅ [43] 25013500 
    ✅ [43] 35014500 
    ✅ [44] 52988182 
    ✅ [44] 52988182 
    ✅ [45] 92936939 
    ✅ [45] 91312375 XV 2
    ✅ [46] 96982893 
    ✅ [46] 55410841 
    ✅ [46] 53738065 PRIUS 1
    ✅ [46] 61100465 MODEL 3
    ✅ [46] 64602092 CD116
    ✅ [46] 55410841 
    ✅ [46] 94825046 CYZ24
    ✅ [46] 55410841 ALPHARD 2
    ✅ [46] 63650985 RUMION 1
    ✅ [46] 67605301 
    ✅ [46] 68399914 
    ✅ [46] 67605301 
    ✅ [46] 68399914 
    ✅ [46] 62062950 
    ✅ [46] 62062950 
    ✅ [46] 91720124 
  📄 爬取第 224 頁...
    ✅ [46] 15012000 
    ✅ [46] 20012500 
    ✅ [46] 25013500 
    ✅ [46] 35014500 
    ✅ [46] 52988182 
    ✅ [46] 52988182 
    ✅ [46] 92936939 
    ✅ [46] 91312375 XV 2
    ✅ [46] 96982893 
    ✅ [46] 55410841 
    ✅ [46] 53738065 PRIUS 1
    ✅ [46] 61100465 MODEL 3
    ✅ [46] 64602092 CD116
    ✅ [46] 55410841 
    ✅ [46] 94825046 CYZ24
    ✅ [46] 55410841 ALPHARD 2
    ✅ [46] 63650985 RUMION 1
    ✅ [46] 67605301 
    ✅ [46] 68399914 
    ✅ [46] 67605301 
    ✅ [46] 68399914 
    ✅ [46] 62062950 
    ✅ [46] 62062950 
    ✅ [46] 91720124 
  📄 爬取第 225 頁...
    ✅ [46] 15012000 
    ✅ [46] 20012500 
    ✅ [46] 25013500 
    ✅ [46] 35014500 
    ✅ [46] 52988182 
    ✅ [46] 52988182 
    ✅ [46] 92936939 
    ✅ [46] 91312375 XV 2
    ✅ [46] 96982893 
    ✅ [46] 55410841 
    ✅ [46] 53738065 PRIUS 1
    ✅ [46] 61100465 MODEL 3
    ✅ [46] 64602092 CD116
    ✅ [46] 55410841 
    ✅ [46] 94825046 CYZ24
    ✅ [46] 55410841 ALPHARD 2
    ✅ [46] 63650985 RUMION 1
    ✅ [46] 67605301 
    ✅ [46] 68399914 
    ✅ [46] 67605301 
    ✅ [46] 68399914 
    ✅ [46] 62062950 
    ✅ [46] 62062950 
    ✅ [46] 91720124 
  📄 爬取第 226 頁...
    ✅ [46] 15012000 
    ✅ [46] 20012500 
    ✅ [46] 25013500 
    ✅ [46] 35014500 
    ✅ [46] 52988182 
    ✅ [46] 52988182 
    ✅ [46] 92936939 
    ✅ [46] 91312375 XV 2
    ✅ [46] 96982893 
    ✅ [46] 55410841 
    ✅ [46] 53738065 PRIUS 1
    ✅ [46] 61100465 MODEL 3
    ✅ [46] 64602092 CD116
    ✅ [46] 55410841 
    ✅ [46] 94825046 CYZ24
    ✅ [46] 55410841 ALPHARD 2
    ✅ [46] 63650985 RUMION 1
    ✅ [46] 67605301 
    ✅ [46] 68399914 
    ✅ [46] 67605301 
    ✅ [46] 68399914 
    ✅ [46] 62062950 
    ✅ [46] 62062950 
    ✅ [46] 91720124 
  📄 爬取第 227 頁...
    ✅ [46] 15012000 
    ✅ [46] 20012500 
    ✅ [46] 25013500 
    ✅ [46] 35014500 
    ✅ [46] 52988182 
    ✅ [46] 52988182 
    ✅ [46] 92936939 
    ✅ [46] 91312375 XV 2
    ✅ [46] 96982893 
    ✅ [46] 55410841 
    ✅ [46] 53738065 PRIUS 1
    ✅ [46] 61100465 MODEL 3
    ✅ [46] 64602092 CD116
    ✅ [46] 55410841 
    ✅ [46] 94825046 CYZ24
    ✅ [46] 55410841 ALPHARD 2
    ✅ [46] 63650985 RUMION 1
    ✅ [46] 67605301 
    ✅ [46] 68399914 
    ✅ [46] 67605301 
    ✅ [46] 68399914 
    ✅ [46] 62062950 
    ✅ [46] 62062950 
    ✅ [46] 91720124 
  📄 爬取第 228 頁...
    ✅ [46] 15012000 
    ✅ [46] 20012500 
    ✅ [46] 25013500 
    ✅ [46] 35014500 
    ✅ [46] 52988182 
    ✅ [46] 52988182 
    ✅ [46] 92936939 
    ✅ [46] 91312375 XV 2
    ✅ [46] 96982893 
    ✅ [46] 55410841 
    ✅ [46] 53738065 PRIUS 1
    ✅ [46] 61100465 MODEL 3
    ✅ [46] 64602092 CD116
    ✅ [46] 55410841 
    ✅ [46] 94825046 CYZ24
    ✅ [46] 55410841 ALPHARD 2
    ✅ [46] 63650985 RUMION 1
    ✅ [46] 67605301 
    ✅ [46] 68399914 
    ✅ [46] 67605301 
    ✅ [46] 68399914 
    ✅ [46] 62062950 
    ✅ [46] 62062950 
    ✅ [46] 91720124 
  📄 爬取第 229 頁...
    ✅ [46] 15012000 
    ✅ [46] 20012500 
    ✅ [46] 25013500 
    ✅ [46] 35014500 
    ✅ [46] 52988182 
    ✅ [46] 52988182 
    ✅ [46] 92936939 
    ✅ [46] 91312375 XV 2
    ✅ [46] 96982893 
    ✅ [46] 55410841 
    ✅ [46] 53738065 PRIUS 1
    ✅ [46] 61100465 MODEL 3
    ✅ [46] 64602092 CD116
    ✅ [46] 55410841 
    ✅ [46] 94825046 CYZ24
    ✅ [46] 55410841 ALPHARD 2
    ✅ [46] 63650985 RUMION 1
    ✅ [46] 67605301 
    ✅ [46] 68399914 
    ✅ [46] 67605301 
    ✅ [46] 68399914 
    ✅ [46] 62062950 
    ✅ [46] 62062950 
    ✅ [46] 91720124 
  📄 爬取第 230 頁...
    ✅ [46] 15012000 
    ✅ [46] 20012500 
    ✅ [46] 25013500 
    ✅ [46] 35014500 
    ✅ [46] 52988182 
    ✅ [46] 52988182 
    ✅ [46] 92936939 
    ✅ [46] 91312375 XV 2
    ✅ [46] 96982893 
    ✅ [46] 55410841 
    ✅ [46] 53738065 PRIUS 1
    ✅ [46] 61100465 MODEL 3
    ✅ [46] 64602092 CD116
    ✅ [46] 55410841 
    ✅ [46] 94825046 CYZ24
    ✅ [46] 55410841 ALPHARD 2
    ✅ [46] 63650985 RUMION 1
    ✅ [46] 67605301 
    ✅ [46] 68399914 
    ✅ [46] 67605301 
    ✅ [46] 68399914 
    ✅ [46] 62062950 
    ✅ [46] 62062950 
    ✅ [46] 91720124 
  📄 爬取第 231 頁...
    ✅ [46] 15012000 
    ✅ [46] 20012500 
    ✅ [46] 25013500 
    ✅ [46] 35014500 
    ✅ [46] 52988182 
    ✅ [46] 52988182 
    ✅ [46] 92936939 
    ✅ [46] 91312375 XV 2
    ✅ [46] 96982893 
    ✅ [46] 55410841 
    ✅ [46] 53738065 PRIUS 1
    ✅ [46] 61100465 MODEL 3
    ✅ [46] 64602092 CD116
    ✅ [46] 55410841 
    ✅ [46] 94825046 CYZ24
    ✅ [46] 55410841 ALPHARD 2
    ✅ [46] 63650985 RUMION 1
    ✅ [46] 67605301 
    ✅ [46] 68399914 
    ✅ [46] 67605301 
    ✅ [46] 68399914 
    ✅ [46] 62062950 
    ✅ [46] 62062950 
    ✅ [46] 91720124 
  📄 爬取第 232 頁...
    ✅ [46] 15012000 
    ✅ [46] 20012500 
    ✅ [46] 25013500 
    ✅ [46] 35014500 
    ✅ [46] 52988182 
    ✅ [46] 52988182 
    ✅ [46] 92936939 
    ✅ [46] 91312375 XV 2
    ✅ [46] 96982893 
    ✅ [46] 55410841 
    ✅ [46] 53738065 PRIUS 1
    ✅ [46] 61100465 MODEL 3
    ✅ [46] 64602092 CD116
    ✅ [46] 55410841 
    ✅ [46] 94825046 CYZ24
    ✅ [46] 55410841 ALPHARD 2
    ✅ [46] 63650985 RUMION 1
    ✅ [46] 67605301 
    ✅ [46] 68399914 
    ✅ [46] 67605301 
    ✅ [46] 68399914 
    ✅ [46] 62062950 
    ✅ [46] 62062950 
    ✅ [46] 91720124 
  📄 爬取第 233 頁...
    ✅ [46] 15012000 
    ✅ [46] 20012500 
    ✅ [46] 25013500 
    ✅ [46] 35014500 
    ✅ [46] 52988182 
    ✅ [46] 52988182 
    ✅ [46] 92936939 
    ✅ [46] 91312375 XV 2
    ✅ [46] 96982893 
    ✅ [46] 55410841 
    ✅ [46] 53738065 PRIUS 1
    ✅ [46] 61100465 MODEL 3
    ✅ [46] 64602092 CD116
    ✅ [46] 55410841 
    ✅ [46] 94825046 CYZ24
    ✅ [46] 55410841 ALPHARD 2
    ✅ [46] 63650985 RUMION 1
    ✅ [46] 67605301 
    ✅ [46] 68399914 
    ✅ [46] 67605301 
    ✅ [46] 68399914 
    ✅ [46] 62062950 
    ✅ [46] 62062950 
    ✅ [46] 91720124 
  📄 爬取第 234 頁...
    ✅ [46] 15012000 
    ✅ [46] 20012500 
    ✅ [46] 25013500 
    ✅ [46] 35014500 
    ✅ [46] 52988182 
    ✅ [46] 52988182 
    ✅ [46] 92936939 
    ✅ [46] 91312375 XV 2
    ✅ [46] 96982893 
    ✅ [46] 55410841 
    ✅ [46] 53738065 PRIUS 1
    ✅ [46] 61100465 MODEL 3
    ✅ [46] 64602092 CD116
    ✅ [46] 55410841 
    ✅ [46] 94825046 CYZ24
    ✅ [46] 55410841 ALPHARD 2
    ✅ [46] 63650985 RUMION 1
    ✅ [46] 67605301 
    ✅ [46] 68399914 
    ✅ [46] 67605301 
    ✅ [46] 68399914 
    ✅ [46] 62062950 
    ✅ [46] 62062950 
    ✅ [46] 91720124 
  📄 爬取第 235 頁...
    ✅ [46] 15012000 
    ✅ [46] 20012500 
    ✅ [46] 25013500 
    ✅ [46] 35014500 
    ✅ [47] 63060663 RAV4
    ✅ [48] 94867289 ALPHARD 2
    ✅ [48] 63060663 STEPWGN 1
    ✅ [48] 63060663 
    ✅ [48] 52988182 
    ✅ [48] 63060663 GLA200
    ✅ [48] 63060663 GLA250
    ✅ [48] 52988182 
    ✅ [48] 52988182 
    ✅ [48] 92936939 
    ✅ [48] 91312375 XV 2
    ✅ [48] 96982893 
    ✅ [48] 55410841 
    ✅ [48] 53738065 PRIUS 1
    ✅ [48] 61100465 MODEL 3
    ✅ [48] 64602092 CD116
    ✅ [48] 55410841 
    ✅ [48] 94825046 CYZ24
    ✅ [48] 55410841 ALPHARD 2
    ✅ [48] 63650985 RUMION 1
  📄 爬取第 236 頁...
    ✅ [48] 15012000 
    ✅ [48] 20012500 
    ✅ [48] 25013500 
    ✅ [48] 35014500 
    ✅ [48] 63060663 RAV4
    ✅ [48] 94867289 ALPHARD 2
    ✅ [48] 63060663 STEPWGN 1
    ✅ [48] 63060663 
    ✅ [48] 52988182 
    ✅ [48] 63060663 GLA200
    ✅ [48] 63060663 GLA250
    ✅ [48] 52988182 
    ✅ [48] 52988182 
    ✅ [48] 92936939 
    ✅ [48] 91312375 XV 2
    ✅ [48] 96982893 
    ✅ [48] 55410841 
    ✅ [48] 53738065 PRIUS 1
    ✅ [48] 61100465 MODEL 3
    ✅ [48] 64602092 CD116
    ✅ [48] 55410841 
    ✅ [48] 94825046 CYZ24
    ✅ [48] 55410841 ALPHARD 2
    ✅ [48] 63650985 RUMION 1
  📄 爬取第 237 頁...
    ✅ [48] 15012000 
    ✅ [48] 20012500 
    ✅ [48] 25013500 
    ✅ [48] 35014500 
    ✅ [48] 63060663 RAV4
    ✅ [48] 94867289 ALPHARD 2
    ✅ [48] 63060663 STEPWGN 1
    ✅ [48] 63060663 
    ✅ [48] 52988182 
    ✅ [48] 63060663 GLA200
    ✅ [48] 63060663 GLA250
    ✅ [48] 52988182 
    ✅ [48] 52988182 
    ✅ [48] 92936939 
    ✅ [48] 91312375 XV 2
    ✅ [48] 96982893 
    ✅ [48] 55410841 
    ✅ [48] 53738065 PRIUS 1
    ✅ [48] 61100465 MODEL 3
    ✅ [48] 64602092 CD116
    ✅ [48] 55410841 
    ✅ [48] 94825046 CYZ24
    ✅ [48] 55410841 ALPHARD 2
    ✅ [48] 63650985 RUMION 1
  📄 爬取第 238 頁...
    ✅ [48] 15012000 
    ✅ [48] 20012500 
    ✅ [48] 25013500 
    ✅ [48] 35014500 
    ✅ [48] 63060663 RAV4
    ✅ [48] 94867289 ALPHARD 2
    ✅ [48] 63060663 STEPWGN 1
    ✅ [48] 63060663 
    ✅ [48] 52988182 
    ✅ [48] 63060663 GLA200
    ✅ [48] 63060663 GLA250
    ✅ [48] 52988182 
    ✅ [48] 52988182 
    ✅ [48] 92936939 
    ✅ [48] 91312375 XV 2
    ✅ [48] 96982893 
    ✅ [48] 55410841 
    ✅ [48] 53738065 PRIUS 1
    ✅ [48] 61100465 MODEL 3
    ✅ [48] 64602092 CD116
    ✅ [48] 55410841 
    ✅ [48] 94825046 CYZ24
    ✅ [48] 55410841 ALPHARD 2
    ✅ [48] 63650985 RUMION 1
  📄 爬取第 239 頁...
    ✅ [48] 15012000 
    ✅ [48] 20012500 
    ✅ [48] 25013500 
    ✅ [48] 35014500 
    ✅ [48] 63060663 RAV4
    ✅ [48] 94867289 ALPHARD 2
    ✅ [48] 63060663 STEPWGN 1
    ✅ [48] 63060663 
    ✅ [48] 52988182 
    ✅ [48] 63060663 GLA200
    ✅ [48] 63060663 GLA250
    ✅ [48] 52988182 
    ✅ [48] 52988182 
    ✅ [48] 92936939 
    ✅ [48] 91312375 XV 2
    ✅ [48] 96982893 
    ✅ [48] 55410841 
    ✅ [48] 53738065 PRIUS 1
    ✅ [48] 61100465 MODEL 3
    ✅ [48] 64602092 CD116
    ✅ [48] 55410841 
    ✅ [48] 94825046 CYZ24
    ✅ [48] 55410841 ALPHARD 2
    ✅ [48] 63650985 RUMION 1
  📄 爬取第 240 頁...
    ✅ [48] 15012000 
    ✅ [48] 20012500 
    ✅ [48] 25013500 
    ✅ [48] 35014500 
    ✅ [48] 63060663 RAV4
    ✅ [48] 94867289 ALPHARD 2
    ✅ [48] 63060663 STEPWGN 1
    ✅ [48] 63060663 
    ✅ [48] 52988182 
    ✅ [48] 63060663 GLA200
    ✅ [48] 63060663 GLA250
    ✅ [48] 52988182 
    ✅ [48] 52988182 
    ✅ [48] 92936939 
    ✅ [48] 91312375 XV 2
    ✅ [48] 96982893 
    ✅ [48] 55410841 
    ✅ [48] 53738065 PRIUS 1
    ✅ [48] 61100465 MODEL 3
    ✅ [48] 64602092 CD116
    ✅ [48] 55410841 
    ✅ [48] 94825046 CYZ24
    ✅ [48] 55410841 ALPHARD 2
    ✅ [48] 63650985 RUMION 1
  📄 爬取第 241 頁...
    ✅ [48] 15012000 
    ✅ [48] 20012500 
    ✅ [48] 25013500 
    ✅ [48] 35014500 
    ✅ [48] 63060663 RAV4
    ✅ [48] 94867289 ALPHARD 2
    ✅ [48] 63060663 STEPWGN 1
    ✅ [48] 63060663 
    ✅ [48] 52988182 
    ✅ [48] 63060663 GLA200
    ✅ [48] 63060663 GLA250
    ✅ [48] 52988182 
    ✅ [48] 52988182 
    ✅ [48] 92936939 
    ✅ [48] 91312375 XV 2
    ✅ [48] 96982893 
    ✅ [48] 55410841 
    ✅ [48] 53738065 PRIUS 1
    ✅ [48] 61100465 MODEL 3
    ✅ [48] 64602092 CD116
    ✅ [48] 55410841 
    ✅ [48] 94825046 CYZ24
    ✅ [48] 55410841 ALPHARD 2
    ✅ [48] 63650985 RUMION 1
  📄 爬取第 242 頁...
    ✅ [48] 15012000 
    ✅ [48] 20012500 
    ✅ [48] 25013500 
    ✅ [48] 35014500 
    ✅ [48] 63060663 RAV4
    ✅ [48] 94867289 ALPHARD 2
    ✅ [48] 63060663 STEPWGN 1
    ✅ [48] 63060663 
    ✅ [48] 52988182 
    ✅ [48] 63060663 GLA200
    ✅ [48] 63060663 GLA250
    ✅ [48] 52988182 
    ✅ [48] 52988182 
    ✅ [48] 92936939 
    ✅ [48] 91312375 XV 2
    ✅ [48] 96982893 
    ✅ [48] 55410841 
    ✅ [48] 53738065 PRIUS 1
    ✅ [48] 61100465 MODEL 3
    ✅ [48] 64602092 CD116
    ✅ [48] 55410841 
    ✅ [48] 94825046 CYZ24
    ✅ [48] 55410841 ALPHARD 2
    ✅ [48] 63650985 RUMION 1
  📄 爬取第 243 頁...
    ✅ [48] 15012000 
    ✅ [48] 20012500 
    ✅ [48] 25013500 
    ✅ [48] 35014500 
    ✅ [48] 63060663 RAV4
    ✅ [48] 94867289 ALPHARD 2
    ✅ [48] 63060663 STEPWGN 1
    ✅ [48] 63060663 
    ✅ [48] 52988182 
    ✅ [48] 63060663 GLA200
    ✅ [48] 63060663 GLA250
    ✅ [48] 52988182 
    ✅ [48] 52988182 
    ✅ [48] 92936939 
    ✅ [48] 91312375 XV 2
    ✅ [48] 96982893 
    ✅ [48] 55410841 
    ✅ [48] 53738065 PRIUS 1
    ✅ [48] 61100465 MODEL 3
    ✅ [48] 64602092 CD116
    ✅ [48] 55410841 
    ✅ [48] 94825046 CYZ24
    ✅ [48] 55410841 ALPHARD 2
    ✅ [48] 63650985 RUMION 1
  📄 爬取第 244 頁...
    ✅ [48] 15012000 
    ✅ [48] 20012500 
    ✅ [48] 25013500 
    ✅ [48] 35014500 
    ✅ [48] 63060663 RAV4
    ✅ [48] 94867289 ALPHARD 2
    ✅ [48] 63060663 STEPWGN 1
    ✅ [48] 63060663 
    ✅ [48] 52988182 
    ✅ [48] 63060663 GLA200
    ✅ [48] 63060663 GLA250
    ✅ [48] 52988182 
    ✅ [48] 52988182 
    ✅ [48] 92936939 
    ✅ [48] 91312375 XV 2
    ✅ [48] 96982893 
    ✅ [48] 55410841 
    ✅ [48] 53738065 PRIUS 1
    ✅ [48] 61100465 MODEL 3
    ✅ [48] 64602092 CD116
    ✅ [48] 55410841 
    ✅ [48] 94825046 CYZ24
    ✅ [48] 55410841 ALPHARD 2
    ✅ [48] 63650985 RUMION 1
  📄 爬取第 245 頁...
    ✅ [48] 15012000 
    ✅ [48] 20012500 
    ✅ [48] 25013500 
    ✅ [48] 35014500 
    ✅ [48] 63060663 RAV4
    ✅ [48] 94867289 ALPHARD 2
    ✅ [48] 63060663 STEPWGN 1
    ✅ [48] 63060663 
    ✅ [48] 52988182 
    ✅ [48] 63060663 GLA200
    ✅ [48] 63060663 GLA250
    ✅ [48] 52988182 
    ✅ [48] 52988182 
    ✅ [48] 92936939 
    ✅ [48] 91312375 XV 2
    ✅ [48] 96982893 
    ✅ [48] 55410841 
    ✅ [48] 53738065 PRIUS 1
    ✅ [48] 61100465 MODEL 3
    ✅ [48] 64602092 CD116
    ✅ [48] 55410841 
    ✅ [48] 94825046 CYZ24
    ✅ [48] 55410841 ALPHARD 2
    ✅ [48] 63650985 RUMION 1
  📄 爬取第 246 頁...
    ✅ [48] 15012000 
    ✅ [48] 20012500 
    ✅ [48] 25013500 
    ✅ [48] 35014500 
    ✅ [48] 63060663 RAV4
    ✅ [48] 94867289 ALPHARD 2
    ✅ [48] 63060663 STEPWGN 1
    ✅ [48] 63060663 
    ✅ [48] 52988182 
    ✅ [48] 63060663 GLA200
    ✅ [48] 63060663 GLA250
    ✅ [48] 52988182 
    ✅ [48] 52988182 
    ✅ [48] 92936939 
    ✅ [48] 91312375 XV 2
    ✅ [48] 96982893 
    ✅ [48] 55410841 
    ✅ [48] 53738065 PRIUS 1
    ✅ [48] 61100465 MODEL 3
    ✅ [48] 64602092 CD116
    ✅ [48] 55410841 
    ✅ [48] 94825046 CYZ24
    ✅ [48] 55410841 ALPHARD 2
    ✅ [48] 63650985 RUMION 1
  📄 爬取第 247 頁...
    ✅ [48] 15012000 
    ✅ [48] 20012500 
    ✅ [48] 25013500 
    ✅ [48] 35014500 
    ✅ [49] 98299478 
    ✅ [49] 94867289 NOAH 80
    ✅ [50] 92855666 
    ✅ [51] 91686180 H1 EURO 5
    ✅ [51] 92855666 H1 EURO 5
    ✅ [52] 60107781 GOLF MK6
    ✅ [52] 63060663 RAV4
    ✅ [52] 94867289 ALPHARD 2
    ✅ [52] 63060663 STEPWGN 1
    ✅ [52] 63060663 
    ✅ [52] 52988182 
    ✅ [52] 63060663 GLA200
    ✅ [52] 63060663 GLA250
    ✅ [52] 52988182 
    ✅ [52] 52988182 
    ✅ [52] 92936939 
    ✅ [52] 91312375 XV 2
    ✅ [52] 96982893 
    ✅ [52] 55410841 
  📄 爬取第 248 頁...
    ✅ [52] 15012000 
    ✅ [52] 20012500 
    ✅ [52] 25013500 
    ✅ [52] 35014500 
    ✅ [52] 98299478 
    ✅ [52] 94867289 NOAH 80
    ✅ [52] 92855666 
    ✅ [52] 91686180 H1 EURO 5
    ✅ [52] 92855666 H1 EURO 5
    ✅ [52] 60107781 GOLF MK6
    ✅ [52] 63060663 RAV4
    ✅ [52] 94867289 ALPHARD 2
    ✅ [52] 63060663 STEPWGN 1
    ✅ [52] 63060663 
    ✅ [52] 52988182 
    ✅ [52] 63060663 GLA200
    ✅ [52] 63060663 GLA250
    ✅ [52] 52988182 
    ✅ [52] 52988182 
    ✅ [52] 92936939 
    ✅ [52] 91312375 XV 2
    ✅ [52] 96982893 
    ✅ [52] 55410841 
  📄 爬取第 249 頁...
    ✅ [52] 15012000 
    ✅ [52] 20012500 
    ✅ [52] 25013500 
    ✅ [52] 35014500 
    ✅ [52] 98299478 
    ✅ [52] 94867289 NOAH 80
    ✅ [52] 92855666 
    ✅ [52] 91686180 H1 EURO 5
    ✅ [52] 92855666 H1 EURO 5
    ✅ [52] 60107781 GOLF MK6
    ✅ [52] 63060663 RAV4
    ✅ [52] 94867289 ALPHARD 2
    ✅ [52] 63060663 STEPWGN 1
    ✅ [52] 63060663 
    ✅ [52] 52988182 
    ✅ [52] 63060663 GLA200
    ✅ [52] 63060663 GLA250
    ✅ [52] 52988182 
    ✅ [52] 52988182 
    ✅ [52] 92936939 
    ✅ [52] 91312375 XV 2
    ✅ [52] 96982893 
    ✅ [52] 55410841 
  📄 爬取第 250 頁...
    ✅ [52] 15012000 
    ✅ [52] 20012500 
    ✅ [52] 25013500 
    ✅ [52] 35014500 
    ✅ [52] 98299478 
    ✅ [52] 94867289 NOAH 80
    ✅ [52] 92855666 
    ✅ [52] 91686180 H1 EURO 5
    ✅ [52] 92855666 H1 EURO 5
    ✅ [52] 60107781 GOLF MK6
    ✅ [52] 63060663 RAV4
    ✅ [52] 94867289 ALPHARD 2
    ✅ [52] 63060663 STEPWGN 1
    ✅ [52] 63060663 
    ✅ [52] 52988182 
    ✅ [52] 63060663 GLA200
    ✅ [52] 63060663 GLA250
    ✅ [52] 52988182 
    ✅ [52] 52988182 
    ✅ [52] 92936939 
    ✅ [52] 91312375 XV 2
    ✅ [52] 96982893 
    ✅ [52] 55410841 
  📄 爬取第 251 頁...
    ✅ [52] 15012000 
    ✅ [52] 20012500 
    ✅ [52] 25013500 
    ✅ [52] 35014500 
    ✅ [52] 98299478 
    ✅ [52] 94867289 NOAH 80
    ✅ [52] 92855666 
    ✅ [52] 91686180 H1 EURO 5
    ✅ [52] 92855666 H1 EURO 5
    ✅ [52] 60107781 GOLF MK6
    ✅ [52] 63060663 RAV4
    ✅ [52] 94867289 ALPHARD 2
    ✅ [52] 63060663 STEPWGN 1
    ✅ [52] 63060663 
    ✅ [52] 52988182 
    ✅ [52] 63060663 GLA200
    ✅ [52] 63060663 GLA250
    ✅ [52] 52988182 
    ✅ [52] 52988182 
    ✅ [52] 92936939 
    ✅ [52] 91312375 XV 2
    ✅ [52] 96982893 
    ✅ [52] 55410841 
  📄 爬取第 252 頁...
    ✅ [52] 15012000 
    ✅ [52] 20012500 
    ✅ [52] 25013500 
    ✅ [52] 35014500 
    ✅ [52] 98299478 
    ✅ [52] 94867289 NOAH 80
    ✅ [52] 92855666 
    ✅ [52] 91686180 H1 EURO 5
    ✅ [52] 92855666 H1 EURO 5
    ✅ [52] 60107781 GOLF MK6
    ✅ [52] 63060663 RAV4
    ✅ [52] 94867289 ALPHARD 2
    ✅ [52] 63060663 STEPWGN 1
    ✅ [52] 63060663 
    ✅ [52] 52988182 
    ✅ [52] 63060663 GLA200
    ✅ [52] 63060663 GLA250
    ✅ [52] 52988182 
    ✅ [52] 52988182 
    ✅ [52] 92936939 
    ✅ [52] 91312375 XV 2
    ✅ [52] 96982893 
    ✅ [52] 55410841 
  📄 爬取第 253 頁...
    ✅ [52] 15012000 
    ✅ [52] 20012500 
    ✅ [52] 25013500 
    ✅ [52] 35014500 
    ✅ [52] 98299478 
    ✅ [52] 94867289 NOAH 80
    ✅ [52] 92855666 
    ✅ [52] 91686180 H1 EURO 5
    ✅ [52] 92855666 H1 EURO 5
    ✅ [52] 60107781 GOLF MK6
    ✅ [52] 63060663 RAV4
    ✅ [52] 94867289 ALPHARD 2
    ✅ [52] 63060663 STEPWGN 1
    ✅ [52] 63060663 
    ✅ [52] 52988182 
    ✅ [52] 63060663 GLA200
    ✅ [52] 63060663 GLA250
    ✅ [52] 52988182 
    ✅ [52] 52988182 
    ✅ [52] 92936939 
    ✅ [52] 91312375 XV 2
    ✅ [52] 96982893 
    ✅ [52] 55410841 
  📄 爬取第 254 頁...
    ✅ [52] 15012000 
    ✅ [52] 20012500 
    ✅ [52] 25013500 
    ✅ [52] 35014500 
    ✅ [52] 98299478 
    ✅ [52] 94867289 NOAH 80
    ✅ [52] 92855666 
    ✅ [52] 91686180 H1 EURO 5
    ✅ [52] 92855666 H1 EURO 5
    ✅ [52] 60107781 GOLF MK6
    ✅ [52] 63060663 RAV4
    ✅ [52] 94867289 ALPHARD 2
    ✅ [52] 63060663 STEPWGN 1
    ✅ [52] 63060663 
    ✅ [52] 52988182 
    ✅ [52] 63060663 GLA200
    ✅ [52] 63060663 GLA250
    ✅ [52] 52988182 
    ✅ [52] 52988182 
    ✅ [52] 92936939 
    ✅ [52] 91312375 XV 2
    ✅ [52] 96982893 
    ✅ [52] 55410841 
  📄 爬取第 255 頁...
    ✅ [52] 15012000 
    ✅ [52] 20012500 
    ✅ [52] 25013500 
    ✅ [52] 35014500 
    ✅ [52] 98299478 
    ✅ [52] 94867289 NOAH 80
    ✅ [52] 92855666 
    ✅ [52] 91686180 H1 EURO 5
    ✅ [52] 92855666 H1 EURO 5
    ✅ [52] 60107781 GOLF MK6
    ✅ [52] 63060663 RAV4
    ✅ [52] 94867289 ALPHARD 2
    ✅ [52] 63060663 STEPWGN 1
    ✅ [52] 63060663 
    ✅ [52] 52988182 
    ✅ [52] 63060663 GLA200
    ✅ [52] 63060663 GLA250
    ✅ [52] 52988182 
    ✅ [52] 52988182 
    ✅ [52] 92936939 
    ✅ [52] 91312375 XV 2
    ✅ [52] 96982893 
    ✅ [52] 55410841 
  📄 爬取第 256 頁...
    ✅ [52] 15012000 
    ✅ [52] 20012500 
    ✅ [52] 25013500 
    ✅ [52] 35014500 
    ✅ [52] 98299478 
    ✅ [52] 94867289 NOAH 80
    ✅ [52] 92855666 
    ✅ [52] 91686180 H1 EURO 5
    ✅ [52] 92855666 H1 EURO 5
    ✅ [52] 60107781 GOLF MK6
    ✅ [52] 63060663 RAV4
    ✅ [52] 94867289 ALPHARD 2
    ✅ [52] 63060663 STEPWGN 1
    ✅ [52] 63060663 
    ✅ [52] 52988182 
    ✅ [52] 63060663 GLA200
    ✅ [52] 63060663 GLA250
    ✅ [52] 52988182 
    ✅ [52] 52988182 
    ✅ [52] 92936939 
    ✅ [52] 91312375 XV 2
    ✅ [52] 96982893 
    ✅ [52] 55410841 
  📄 爬取第 257 頁...
    ✅ [52] 15012000 
    ✅ [52] 20012500 
    ✅ [52] 25013500 
    ✅ [52] 35014500 
    ✅ [52] 98299478 
    ✅ [52] 94867289 NOAH 80
    ✅ [52] 92855666 
    ✅ [52] 91686180 H1 EURO 5
    ✅ [52] 92855666 H1 EURO 5
    ✅ [52] 60107781 GOLF MK6
    ✅ [52] 63060663 RAV4
    ✅ [52] 94867289 ALPHARD 2
    ✅ [52] 63060663 STEPWGN 1
    ✅ [52] 63060663 
    ✅ [52] 52988182 
    ✅ [52] 63060663 GLA200
    ✅ [52] 63060663 GLA250
    ✅ [52] 52988182 
    ✅ [52] 52988182 
    ✅ [52] 92936939 
    ✅ [52] 91312375 XV 2
    ✅ [52] 96982893 
    ✅ [52] 55410841 
  📄 爬取第 258 頁...
    ✅ [52] 15012000 
    ✅ [52] 20012500 
    ✅ [52] 25013500 
    ✅ [52] 35014500 
    ✅ [52] 98299478 
    ✅ [52] 94867289 NOAH 80
    ✅ [52] 92855666 
    ✅ [52] 91686180 H1 EURO 5
    ✅ [52] 92855666 H1 EURO 5
    ✅ [52] 60107781 GOLF MK6
    ✅ [52] 63060663 RAV4
    ✅ [52] 94867289 ALPHARD 2
    ✅ [52] 63060663 STEPWGN 1
    ✅ [52] 63060663 
    ✅ [52] 52988182 
    ✅ [52] 63060663 GLA200
    ✅ [52] 63060663 GLA250
    ✅ [52] 52988182 
    ✅ [52] 52988182 
    ✅ [52] 92936939 
    ✅ [52] 91312375 XV 2
    ✅ [52] 96982893 
    ✅ [52] 55410841 
  📄 爬取第 259 頁...
    ✅ [52] 15012000 
    ✅ [52] 20012500 
    ✅ [52] 25013500 
    ✅ [52] 35014500 
    ✅ [52] 94867289 
    ✅ [53] 98660834 MODEL 3
    ✅ [53] 94867289 
    ✅ [54] 90912167 JAZZ GK5
    ✅ [54] 94867289 MAZDA 5
    ✅ [54] 98299478 
    ✅ [54] 94867289 NOAH 80
    ✅ [54] 92855666 
    ✅ [54] 91686180 H1 EURO 5
    ✅ [54] 92855666 H1 EURO 5
    ✅ [54] 60107781 GOLF MK6
    ✅ [54] 63060663 RAV4
    ✅ [54] 94867289 ALPHARD 2
    ✅ [54] 63060663 STEPWGN 1
    ✅ [54] 63060663 
    ✅ [54] 52988182 
    ✅ [54] 63060663 GLA200
    ✅ [54] 63060663 GLA250
    ✅ [54] 52988182 
  📄 爬取第 260 頁...
    ✅ [54] 15012000 
    ✅ [54] 20012500 
    ✅ [54] 25013500 
    ✅ [54] 35014500 
    ✅ [54] 94867289 
    ✅ [54] 98660834 MODEL 3
    ✅ [54] 94867289 
    ✅ [54] 90912167 JAZZ GK5
    ✅ [54] 94867289 MAZDA 5
    ✅ [54] 98299478 
    ✅ [54] 94867289 NOAH 80
    ✅ [54] 92855666 
    ✅ [54] 91686180 H1 EURO 5
    ✅ [54] 92855666 H1 EURO 5
    ✅ [54] 60107781 GOLF MK6
    ✅ [54] 63060663 RAV4
    ✅ [54] 94867289 ALPHARD 2
    ✅ [54] 63060663 STEPWGN 1
    ✅ [54] 63060663 
    ✅ [54] 52988182 
    ✅ [54] 63060663 GLA200
    ✅ [54] 63060663 GLA250
    ✅ [54] 52988182 
  📄 爬取第 261 頁...
    ✅ [54] 15012000 
    ✅ [54] 20012500 
    ✅ [54] 25013500 
    ✅ [54] 35014500 
    ✅ [54] 94867289 
    ✅ [54] 98660834 MODEL 3
    ✅ [54] 94867289 
    ✅ [54] 90912167 JAZZ GK5
    ✅ [54] 94867289 MAZDA 5
    ✅ [54] 98299478 
    ✅ [54] 94867289 NOAH 80
    ✅ [54] 92855666 
    ✅ [54] 91686180 H1 EURO 5
    ✅ [54] 92855666 H1 EURO 5
    ✅ [54] 60107781 GOLF MK6
    ✅ [54] 63060663 RAV4
    ✅ [54] 94867289 ALPHARD 2
    ✅ [54] 63060663 STEPWGN 1
    ✅ [54] 63060663 
    ✅ [54] 52988182 
    ✅ [54] 63060663 GLA200
    ✅ [54] 63060663 GLA250
    ✅ [54] 52988182 
  📄 爬取第 262 頁...
    ✅ [54] 15012000 
    ✅ [54] 20012500 
    ✅ [54] 25013500 
    ✅ [54] 35014500 
    ✅ [54] 94867289 
    ✅ [54] 98660834 MODEL 3
    ✅ [54] 94867289 
    ✅ [54] 90912167 JAZZ GK5
    ✅ [54] 94867289 MAZDA 5
    ✅ [54] 98299478 
    ✅ [54] 94867289 NOAH 80
    ✅ [54] 92855666 
    ✅ [54] 91686180 H1 EURO 5
    ✅ [54] 92855666 H1 EURO 5
    ✅ [54] 60107781 GOLF MK6
    ✅ [54] 63060663 RAV4
    ✅ [54] 94867289 ALPHARD 2
    ✅ [54] 63060663 STEPWGN 1
    ✅ [54] 63060663 
    ✅ [54] 52988182 
    ✅ [54] 63060663 GLA200
    ✅ [54] 63060663 GLA250
    ✅ [54] 52988182 
  📄 爬取第 263 頁...
    ✅ [54] 15012000 
    ✅ [54] 20012500 
    ✅ [54] 25013500 
    ✅ [54] 35014500 
    ✅ [54] 94867289 
    ✅ [54] 98660834 MODEL 3
    ✅ [54] 94867289 
    ✅ [54] 90912167 JAZZ GK5
    ✅ [54] 94867289 MAZDA 5
    ✅ [54] 98299478 
    ✅ [54] 94867289 NOAH 80
    ✅ [54] 92855666 
    ✅ [54] 91686180 H1 EURO 5
    ✅ [54] 92855666 H1 EURO 5
    ✅ [54] 60107781 GOLF MK6
    ✅ [54] 63060663 RAV4
    ✅ [54] 94867289 ALPHARD 2
    ✅ [54] 63060663 STEPWGN 1
    ✅ [54] 63060663 
    ✅ [54] 52988182 
    ✅ [54] 63060663 GLA200
    ✅ [54] 63060663 GLA250
    ✅ [54] 52988182 
  📄 爬取第 264 頁...
    ✅ [54] 15012000 
    ✅ [54] 20012500 
    ✅ [54] 25013500 
    ✅ [54] 35014500 
    ✅ [54] 94867289 
    ✅ [54] 98660834 MODEL 3
    ✅ [54] 94867289 
    ✅ [54] 90912167 JAZZ GK5
    ✅ [54] 94867289 MAZDA 5
    ✅ [54] 98299478 
    ✅ [54] 94867289 NOAH 80
    ✅ [54] 92855666 
    ✅ [54] 91686180 H1 EURO 5
    ✅ [54] 92855666 H1 EURO 5
    ✅ [54] 60107781 GOLF MK6
    ✅ [54] 63060663 RAV4
    ✅ [54] 94867289 ALPHARD 2
    ✅ [54] 63060663 STEPWGN 1
    ✅ [54] 63060663 
    ✅ [54] 52988182 
    ✅ [54] 63060663 GLA200
    ✅ [54] 63060663 GLA250
    ✅ [54] 52988182 
  📄 爬取第 265 頁...
    ✅ [54] 15012000 
    ✅ [54] 20012500 
    ✅ [54] 25013500 
    ✅ [54] 35014500 
    ✅ [54] 94867289 
    ✅ [54] 98660834 MODEL 3
    ✅ [54] 94867289 
    ✅ [54] 90912167 JAZZ GK5
    ✅ [54] 94867289 MAZDA 5
    ✅ [54] 98299478 
    ✅ [54] 94867289 NOAH 80
    ✅ [54] 92855666 
    ✅ [54] 91686180 H1 EURO 5
    ✅ [54] 92855666 H1 EURO 5
    ✅ [54] 60107781 GOLF MK6
    ✅ [54] 63060663 RAV4
    ✅ [54] 94867289 ALPHARD 2
    ✅ [54] 63060663 STEPWGN 1
    ✅ [54] 63060663 
    ✅ [54] 52988182 
    ✅ [54] 63060663 GLA200
    ✅ [54] 63060663 GLA250
    ✅ [54] 52988182 
  📄 爬取第 266 頁...
    ✅ [54] 15012000 
    ✅ [54] 20012500 
    ✅ [54] 25013500 
    ✅ [54] 35014500 
    ✅ [54] 94867289 
    ✅ [54] 98660834 MODEL 3
    ✅ [54] 94867289 
    ✅ [54] 90912167 JAZZ GK5
    ✅ [54] 94867289 MAZDA 5
    ✅ [54] 98299478 
    ✅ [54] 94867289 NOAH 80
    ✅ [54] 92855666 
    ✅ [54] 91686180 H1 EURO 5
    ✅ [54] 92855666 H1 EURO 5
    ✅ [54] 60107781 GOLF MK6
    ✅ [54] 63060663 RAV4
    ✅ [54] 94867289 ALPHARD 2
    ✅ [54] 63060663 STEPWGN 1
    ✅ [54] 63060663 
    ✅ [54] 52988182 
    ✅ [54] 63060663 GLA200
    ✅ [54] 63060663 GLA250
    ✅ [54] 52988182 
  📄 爬取第 267 頁...
    ✅ [54] 15012000 
    ✅ [54] 20012500 
    ✅ [54] 25013500 
    ✅ [54] 35014500 
    ✅ [54] 94867289 
    ✅ [54] 98660834 MODEL 3
    ✅ [54] 94867289 
    ✅ [54] 90912167 JAZZ GK5
    ✅ [54] 94867289 MAZDA 5
    ✅ [54] 98299478 
    ✅ [54] 94867289 NOAH 80
    ✅ [54] 92855666 
    ✅ [54] 91686180 H1 EURO 5
    ✅ [54] 92855666 H1 EURO 5
    ✅ [54] 60107781 GOLF MK6
    ✅ [54] 63060663 RAV4
    ✅ [54] 94867289 ALPHARD 2
    ✅ [54] 63060663 STEPWGN 1
    ✅ [54] 63060663 
    ✅ [54] 52988182 
    ✅ [54] 63060663 GLA200
    ✅ [54] 63060663 GLA250
    ✅ [54] 52988182 
  📄 爬取第 268 頁...
    ✅ [54] 15012000 
    ✅ [54] 20012500 
    ✅ [54] 25013500 
    ✅ [54] 35014500 
    ✅ [54] 94867289 
    ✅ [54] 98660834 MODEL 3
    ✅ [54] 94867289 
    ✅ [54] 90912167 JAZZ GK5
    ✅ [54] 94867289 MAZDA 5
    ✅ [54] 98299478 
    ✅ [54] 94867289 NOAH 80
    ✅ [54] 92855666 
    ✅ [54] 91686180 H1 EURO 5
    ✅ [54] 92855666 H1 EURO 5
    ✅ [54] 60107781 GOLF MK6
    ✅ [54] 63060663 RAV4
    ✅ [54] 94867289 ALPHARD 2
    ✅ [54] 63060663 STEPWGN 1
    ✅ [54] 63060663 
    ✅ [54] 52988182 
    ✅ [54] 63060663 GLA200
    ✅ [54] 63060663 GLA250
    ✅ [54] 52988182 
  📄 爬取第 269 頁...
    ✅ [54] 15012000 
    ✅ [54] 20012500 
    ✅ [54] 25013500 
    ✅ [54] 35014500 
    ✅ [54] 94867289 
    ✅ [54] 98660834 MODEL 3
    ✅ [54] 94867289 
    ✅ [54] 90912167 JAZZ GK5
    ✅ [54] 94867289 MAZDA 5
    ✅ [54] 98299478 
    ✅ [54] 94867289 NOAH 80
    ✅ [54] 92855666 
    ✅ [54] 91686180 H1 EURO 5
    ✅ [54] 92855666 H1 EURO 5
    ✅ [54] 60107781 GOLF MK6
    ✅ [54] 63060663 RAV4
    ✅ [54] 94867289 ALPHARD 2
    ✅ [54] 63060663 STEPWGN 1
    ✅ [54] 63060663 
    ✅ [54] 52988182 
    ✅ [54] 63060663 GLA200
    ✅ [54] 63060663 GLA250
    ✅ [54] 52988182 
  📄 爬取第 270 頁...
    ✅ [54] 15012000 
    ✅ [54] 20012500 
    ✅ [54] 25013500 
    ✅ [54] 35014500 
    ✅ [55] 90303689 GL500
    ✅ [55] 94867289 ALPHARD 2
    ✅ [56] 52990719 CB1300
    ✅ [56] 90303689 
    ✅ [56] 90303689 E200
    ✅ [57] 96400951 
    ✅ [57] 94867289 VELLFIRE 2
    ✅ [57] 90303689 ALPHARD2
    ✅ [57] 94867289 
    ✅ [57] 98660834 MODEL 3
    ✅ [57] 94867289 
    ✅ [57] 90912167 JAZZ GK5
    ✅ [57] 94867289 MAZDA 5
    ✅ [57] 98299478 
    ✅ [57] 94867289 NOAH 80
    ✅ [57] 92855666 
    ✅ [57] 91686180 H1 EURO 5
    ✅ [57] 92855666 H1 EURO 5
    ✅ [57] 60107781 GOLF MK6
  📄 爬取第 271 頁...
    ✅ [57] 15012000 
    ✅ [57] 20012500 
    ✅ [57] 25013500 
    ✅ [57] 35014500 
    ✅ [57] 90303689 GL500
    ✅ [57] 94867289 ALPHARD 2
    ✅ [57] 52990719 CB1300
    ✅ [57] 90303689 
    ✅ [57] 90303689 E200
    ✅ [57] 96400951 
    ✅ [57] 94867289 VELLFIRE 2
    ✅ [57] 90303689 ALPHARD2
    ✅ [57] 94867289 
    ✅ [57] 98660834 MODEL 3
    ✅ [57] 94867289 
    ✅ [57] 90912167 JAZZ GK5
    ✅ [57] 94867289 MAZDA 5
    ✅ [57] 98299478 
    ✅ [57] 94867289 NOAH 80
    ✅ [57] 92855666 
    ✅ [57] 91686180 H1 EURO 5
    ✅ [57] 92855666 H1 EURO 5
    ✅ [57] 60107781 GOLF MK6
  📄 爬取第 272 頁...
    ✅ [57] 15012000 
    ✅ [57] 20012500 
    ✅ [57] 25013500 
    ✅ [57] 35014500 
    ✅ [57] 90303689 GL500
    ✅ [57] 94867289 ALPHARD 2
    ✅ [57] 52990719 CB1300
    ✅ [57] 90303689 
    ✅ [57] 90303689 E200
    ✅ [57] 96400951 
    ✅ [57] 94867289 VELLFIRE 2
    ✅ [57] 90303689 ALPHARD2
    ✅ [57] 94867289 
    ✅ [57] 98660834 MODEL 3
    ✅ [57] 94867289 
    ✅ [57] 90912167 JAZZ GK5
    ✅ [57] 94867289 MAZDA 5
    ✅ [57] 98299478 
    ✅ [57] 94867289 NOAH 80
    ✅ [57] 92855666 
    ✅ [57] 91686180 H1 EURO 5
    ✅ [57] 92855666 H1 EURO 5
    ✅ [57] 60107781 GOLF MK6
  📄 爬取第 273 頁...
    ✅ [57] 15012000 
    ✅ [57] 20012500 
    ✅ [57] 25013500 
    ✅ [57] 35014500 
    ✅ [57] 90303689 GL500
    ✅ [57] 94867289 ALPHARD 2
    ✅ [57] 52990719 CB1300
    ✅ [57] 90303689 
    ✅ [57] 90303689 E200
    ✅ [57] 96400951 
    ✅ [57] 94867289 VELLFIRE 2
    ✅ [57] 90303689 ALPHARD2
    ✅ [57] 94867289 
    ✅ [57] 98660834 MODEL 3
    ✅ [57] 94867289 
    ✅ [57] 90912167 JAZZ GK5
    ✅ [57] 94867289 MAZDA 5
    ✅ [57] 98299478 
    ✅ [57] 94867289 NOAH 80
    ✅ [57] 92855666 
    ✅ [57] 91686180 H1 EURO 5
    ✅ [57] 92855666 H1 EURO 5
    ✅ [57] 60107781 GOLF MK6
  📄 爬取第 274 頁...
    ✅ [57] 15012000 
    ✅ [57] 20012500 
    ✅ [57] 25013500 
    ✅ [57] 35014500 
    ✅ [57] 90303689 GL500
    ✅ [57] 94867289 ALPHARD 2
    ✅ [57] 52990719 CB1300
    ✅ [57] 90303689 
    ✅ [57] 90303689 E200
    ✅ [57] 96400951 
    ✅ [57] 94867289 VELLFIRE 2
    ✅ [57] 90303689 ALPHARD2
    ✅ [57] 94867289 
    ✅ [57] 98660834 MODEL 3
    ✅ [57] 94867289 
    ✅ [57] 90912167 JAZZ GK5
    ✅ [57] 94867289 MAZDA 5
    ✅ [57] 98299478 
    ✅ [57] 94867289 NOAH 80
    ✅ [57] 92855666 
    ✅ [57] 91686180 H1 EURO 5
    ✅ [57] 92855666 H1 EURO 5
    ✅ [57] 60107781 GOLF MK6
  📄 爬取第 275 頁...
    ✅ [57] 15012000 
    ✅ [57] 20012500 
    ✅ [57] 25013500 
    ✅ [57] 35014500 
    ✅ [57] 90303689 GL500
    ✅ [57] 94867289 ALPHARD 2
    ✅ [57] 52990719 CB1300
    ✅ [57] 90303689 
    ✅ [57] 90303689 E200
    ✅ [57] 96400951 
    ✅ [57] 94867289 VELLFIRE 2
    ✅ [57] 90303689 ALPHARD2
    ✅ [57] 94867289 
    ✅ [57] 98660834 MODEL 3
    ✅ [57] 94867289 
    ✅ [57] 90912167 JAZZ GK5
    ✅ [57] 94867289 MAZDA 5
    ✅ [57] 98299478 
    ✅ [57] 94867289 NOAH 80
    ✅ [57] 92855666 
    ✅ [57] 91686180 H1 EURO 5
    ✅ [57] 92855666 H1 EURO 5
    ✅ [57] 60107781 GOLF MK6
  📄 爬取第 276 頁...
    ✅ [57] 15012000 
    ✅ [57] 20012500 
    ✅ [57] 25013500 
    ✅ [57] 35014500 
    ✅ [57] 90303689 GL500
    ✅ [57] 94867289 ALPHARD 2
    ✅ [57] 52990719 CB1300
    ✅ [57] 90303689 
    ✅ [57] 90303689 E200
    ✅ [57] 96400951 
    ✅ [57] 94867289 VELLFIRE 2
    ✅ [57] 90303689 ALPHARD2
    ✅ [57] 94867289 
    ✅ [57] 98660834 MODEL 3
    ✅ [57] 94867289 
    ✅ [57] 90912167 JAZZ GK5
    ✅ [57] 94867289 MAZDA 5
    ✅ [57] 98299478 
    ✅ [57] 94867289 NOAH 80
    ✅ [57] 92855666 
    ✅ [57] 91686180 H1 EURO 5
    ✅ [57] 92855666 H1 EURO 5
    ✅ [57] 60107781 GOLF MK6
  📄 爬取第 277 頁...
    ✅ [57] 15012000 
    ✅ [57] 20012500 
    ✅ [57] 25013500 
    ✅ [57] 35014500 
    ✅ [57] 90303689 GL500
    ✅ [57] 94867289 ALPHARD 2
    ✅ [57] 52990719 CB1300
    ✅ [57] 90303689 
    ✅ [57] 90303689 E200
    ✅ [57] 96400951 
    ✅ [57] 94867289 VELLFIRE 2
    ✅ [57] 90303689 ALPHARD2
    ✅ [57] 94867289 
    ✅ [57] 98660834 MODEL 3
    ✅ [57] 94867289 
    ✅ [57] 90912167 JAZZ GK5
    ✅ [57] 94867289 MAZDA 5
    ✅ [57] 98299478 
    ✅ [57] 94867289 NOAH 80
    ✅ [57] 92855666 
    ✅ [57] 91686180 H1 EURO 5
    ✅ [57] 92855666 H1 EURO 5
    ✅ [57] 60107781 GOLF MK6
  📄 爬取第 278 頁...
    ✅ [57] 15012000 
    ✅ [57] 20012500 
    ✅ [57] 25013500 
    ✅ [57] 35014500 
    ✅ [57] 90303689 GL500
    ✅ [57] 94867289 ALPHARD 2
    ✅ [57] 52990719 CB1300
    ✅ [57] 90303689 
    ✅ [57] 90303689 E200
    ✅ [57] 96400951 
    ✅ [57] 94867289 VELLFIRE 2
    ✅ [57] 90303689 ALPHARD2
    ✅ [57] 94867289 
    ✅ [57] 98660834 MODEL 3
    ✅ [57] 94867289 
    ✅ [57] 90912167 JAZZ GK5
    ✅ [57] 94867289 MAZDA 5
    ✅ [57] 98299478 
    ✅ [57] 94867289 NOAH 80
    ✅ [57] 92855666 
    ✅ [57] 91686180 H1 EURO 5
    ✅ [57] 92855666 H1 EURO 5
    ✅ [57] 60107781 GOLF MK6
  📄 爬取第 279 頁...
    ✅ [57] 15012000 
    ✅ [57] 20012500 
    ✅ [57] 25013500 
    ✅ [57] 35014500 
    ✅ [57] 90303689 GL500
    ✅ [57] 94867289 ALPHARD 2
    ✅ [57] 52990719 CB1300
    ✅ [57] 90303689 
    ✅ [57] 90303689 E200
    ✅ [57] 96400951 
    ✅ [57] 94867289 VELLFIRE 2
    ✅ [57] 90303689 ALPHARD2
    ✅ [57] 94867289 
    ✅ [57] 98660834 MODEL 3
    ✅ [57] 94867289 
    ✅ [57] 90912167 JAZZ GK5
    ✅ [57] 94867289 MAZDA 5
    ✅ [57] 98299478 
    ✅ [57] 94867289 NOAH 80
    ✅ [57] 92855666 
    ✅ [57] 91686180 H1 EURO 5
    ✅ [57] 92855666 H1 EURO 5
    ✅ [57] 60107781 GOLF MK6
  📄 爬取第 280 頁...
    ✅ [57] 15012000 
    ✅ [57] 20012500 
    ✅ [57] 25013500 
    ✅ [57] 35014500 
    ✅ [57] 90303689 GL500
    ✅ [57] 94867289 ALPHARD 2
    ✅ [57] 52990719 CB1300
    ✅ [57] 90303689 
    ✅ [57] 90303689 E200
    ✅ [57] 96400951 
    ✅ [57] 94867289 VELLFIRE 2
    ✅ [57] 90303689 ALPHARD2
    ✅ [57] 94867289 
    ✅ [57] 98660834 MODEL 3
    ✅ [57] 94867289 
    ✅ [57] 90912167 JAZZ GK5
    ✅ [57] 94867289 MAZDA 5
    ✅ [57] 98299478 
    ✅ [57] 94867289 NOAH 80
    ✅ [57] 92855666 
    ✅ [57] 91686180 H1 EURO 5
    ✅ [57] 92855666 H1 EURO 5
    ✅ [57] 60107781 GOLF MK6
  📄 爬取第 281 頁...
    ✅ [57] 15012000 
    ✅ [57] 20012500 
    ✅ [57] 25013500 
    ✅ [57] 35014500 
    ✅ [57] 90303689 GL500
    ✅ [57] 94867289 ALPHARD 2
    ✅ [57] 52990719 CB1300
    ✅ [57] 90303689 
    ✅ [57] 90303689 E200
    ✅ [57] 96400951 
    ✅ [57] 94867289 VELLFIRE 2
    ✅ [57] 90303689 ALPHARD2
    ✅ [57] 94867289 
    ✅ [57] 98660834 MODEL 3
    ✅ [57] 94867289 
    ✅ [57] 90912167 JAZZ GK5
    ✅ [57] 94867289 MAZDA 5
    ✅ [57] 98299478 
    ✅ [57] 94867289 NOAH 80
    ✅ [57] 92855666 
    ✅ [57] 91686180 H1 EURO 5
    ✅ [57] 92855666 H1 EURO 5
    ✅ [57] 60107781 GOLF MK6
  📄 爬取第 282 頁...
    ✅ [57] 15012000 
    ✅ [57] 20012500 
    ✅ [57] 25013500 
    ✅ [57] 35014500 
    ✅ [58] 59976979 
    ✅ [58] 90303689 Civic TYPE R FD2
    ✅ [58] 90303689 GL500
    ✅ [58] 94867289 ALPHARD 2
    ✅ [58] 52990719 CB1300
    ✅ [58] 90303689 
    ✅ [58] 90303689 E200
    ✅ [58] 96400951 
    ✅ [58] 94867289 VELLFIRE 2
    ✅ [58] 90303689 ALPHARD2
    ✅ [58] 94867289 
    ✅ [58] 98660834 MODEL 3
    ✅ [58] 94867289 
    ✅ [58] 90912167 JAZZ GK5
    ✅ [58] 94867289 MAZDA 5
    ✅ [58] 98299478 
    ✅ [58] 94867289 NOAH 80
    ✅ [58] 92855666 
    ✅ [58] 91686180 H1 EURO 5
    ✅ [58] 92855666 H1 EURO 5
  📄 爬取第 283 頁...
    ✅ [58] 15012000 
    ✅ [58] 20012500 
    ✅ [58] 25013500 
    ✅ [58] 35014500 
    ✅ [58] 59976979 
    ✅ [58] 90303689 Civic TYPE R FD2
    ✅ [58] 90303689 GL500
    ✅ [58] 94867289 ALPHARD 2
    ✅ [58] 52990719 CB1300
    ✅ [58] 90303689 
    ✅ [58] 90303689 E200
    ✅ [58] 96400951 
    ✅ [58] 94867289 VELLFIRE 2
    ✅ [58] 90303689 ALPHARD2
    ✅ [58] 94867289 
    ✅ [58] 98660834 MODEL 3
    ✅ [58] 94867289 
    ✅ [58] 90912167 JAZZ GK5
    ✅ [58] 94867289 MAZDA 5
    ✅ [58] 98299478 
    ✅ [58] 94867289 NOAH 80
    ✅ [58] 92855666 
    ✅ [58] 91686180 H1 EURO 5
    ✅ [58] 92855666 H1 EURO 5
  📄 爬取第 284 頁...
    ✅ [58] 15012000 
    ✅ [58] 20012500 
    ✅ [58] 25013500 
    ✅ [58] 35014500 
    ✅ [58] 59976979 
    ✅ [58] 90303689 Civic TYPE R FD2
    ✅ [58] 90303689 GL500
    ✅ [58] 94867289 ALPHARD 2
    ✅ [58] 52990719 CB1300
    ✅ [58] 90303689 
    ✅ [58] 90303689 E200
    ✅ [58] 96400951 
    ✅ [58] 94867289 VELLFIRE 2
    ✅ [58] 90303689 ALPHARD2
    ✅ [58] 94867289 
    ✅ [58] 98660834 MODEL 3
    ✅ [58] 94867289 
    ✅ [58] 90912167 JAZZ GK5
    ✅ [58] 94867289 MAZDA 5
    ✅ [58] 98299478 
    ✅ [58] 94867289 NOAH 80
    ✅ [58] 92855666 
    ✅ [58] 91686180 H1 EURO 5
    ✅ [58] 92855666 H1 EURO 5
  📄 爬取第 285 頁...
    ✅ [58] 15012000 
    ✅ [58] 20012500 
    ✅ [58] 25013500 
    ✅ [58] 35014500 
    ✅ [58] 59976979 
    ✅ [58] 90303689 Civic TYPE R FD2
    ✅ [58] 90303689 GL500
    ✅ [58] 94867289 ALPHARD 2
    ✅ [58] 52990719 CB1300
    ✅ [58] 90303689 
    ✅ [58] 90303689 E200
    ✅ [58] 96400951 
    ✅ [58] 94867289 VELLFIRE 2
    ✅ [58] 90303689 ALPHARD2
    ✅ [58] 94867289 
    ✅ [58] 98660834 MODEL 3
    ✅ [58] 94867289 
    ✅ [58] 90912167 JAZZ GK5
    ✅ [58] 94867289 MAZDA 5
    ✅ [58] 98299478 
    ✅ [58] 94867289 NOAH 80
    ✅ [58] 92855666 
    ✅ [58] 91686180 H1 EURO 5
    ✅ [58] 92855666 H1 EURO 5
  📄 爬取第 286 頁...
    ✅ [58] 15012000 
    ✅ [58] 20012500 
    ✅ [58] 25013500 
    ✅ [58] 35014500 
    ✅ [58] 59976979 
    ✅ [58] 90303689 Civic TYPE R FD2
    ✅ [58] 90303689 GL500
    ✅ [58] 94867289 ALPHARD 2
    ✅ [58] 52990719 CB1300
    ✅ [58] 90303689 
    ✅ [58] 90303689 E200
    ✅ [58] 96400951 
    ✅ [58] 94867289 VELLFIRE 2
    ✅ [58] 90303689 ALPHARD2
    ✅ [58] 94867289 
    ✅ [58] 98660834 MODEL 3
    ✅ [58] 94867289 
    ✅ [58] 90912167 JAZZ GK5
    ✅ [58] 94867289 MAZDA 5
    ✅ [58] 98299478 
    ✅ [58] 94867289 NOAH 80
    ✅ [58] 92855666 
    ✅ [58] 91686180 H1 EURO 5
    ✅ [58] 92855666 H1 EURO 5
  📄 爬取第 287 頁...
    ✅ [58] 15012000 
    ✅ [58] 20012500 
    ✅ [58] 25013500 
    ✅ [58] 35014500 
    ✅ [58] 59976979 
    ✅ [58] 90303689 Civic TYPE R FD2
    ✅ [58] 90303689 GL500
    ✅ [58] 94867289 ALPHARD 2
    ✅ [58] 52990719 CB1300
    ✅ [58] 90303689 
    ✅ [58] 90303689 E200
    ✅ [58] 96400951 
    ✅ [58] 94867289 VELLFIRE 2
    ✅ [58] 90303689 ALPHARD2
    ✅ [58] 94867289 
    ✅ [58] 98660834 MODEL 3
    ✅ [58] 94867289 
    ✅ [58] 90912167 JAZZ GK5
    ✅ [58] 94867289 MAZDA 5
    ✅ [58] 98299478 
    ✅ [58] 94867289 NOAH 80
    ✅ [58] 92855666 
    ✅ [58] 91686180 H1 EURO 5
    ✅ [58] 92855666 H1 EURO 5
  📄 爬取第 288 頁...
    ✅ [58] 15012000 
    ✅ [58] 20012500 
    ✅ [58] 25013500 
    ✅ [58] 35014500 
    ✅ [58] 59976979 
    ✅ [58] 90303689 Civic TYPE R FD2
    ✅ [58] 90303689 GL500
    ✅ [58] 94867289 ALPHARD 2
    ✅ [58] 52990719 CB1300
    ✅ [58] 90303689 
    ✅ [58] 90303689 E200
    ✅ [58] 96400951 
    ✅ [58] 94867289 VELLFIRE 2
    ✅ [58] 90303689 ALPHARD2
    ✅ [58] 94867289 
    ✅ [58] 98660834 MODEL 3
    ✅ [58] 94867289 
    ✅ [58] 90912167 JAZZ GK5
    ✅ [58] 94867289 MAZDA 5
    ✅ [58] 98299478 
    ✅ [58] 94867289 NOAH 80
    ✅ [58] 92855666 
    ✅ [58] 91686180 H1 EURO 5
    ✅ [58] 92855666 H1 EURO 5
  📄 爬取第 289 頁...
    ✅ [58] 15012000 
    ✅ [58] 20012500 
    ✅ [58] 25013500 
    ✅ [58] 35014500 
    ✅ [58] 59976979 
    ✅ [58] 90303689 Civic TYPE R FD2
    ✅ [58] 90303689 GL500
    ✅ [58] 94867289 ALPHARD 2
    ✅ [58] 52990719 CB1300
    ✅ [58] 90303689 
    ✅ [58] 90303689 E200
    ✅ [58] 96400951 
    ✅ [58] 94867289 VELLFIRE 2
    ✅ [58] 90303689 ALPHARD2
    ✅ [58] 94867289 
    ✅ [58] 98660834 MODEL 3
    ✅ [58] 94867289 
    ✅ [58] 90912167 JAZZ GK5
    ✅ [58] 94867289 MAZDA 5
    ✅ [58] 98299478 
    ✅ [58] 94867289 NOAH 80
    ✅ [58] 92855666 
    ✅ [58] 91686180 H1 EURO 5
    ✅ [58] 92855666 H1 EURO 5
  📄 爬取第 290 頁...
    ✅ [58] 15012000 
    ✅ [58] 20012500 
    ✅ [58] 25013500 
    ✅ [58] 35014500 
    ✅ [58] 59976979 
    ✅ [58] 90303689 Civic TYPE R FD2
    ✅ [58] 90303689 GL500
    ✅ [58] 94867289 ALPHARD 2
    ✅ [58] 52990719 CB1300
    ✅ [58] 90303689 
    ✅ [58] 90303689 E200
    ✅ [58] 96400951 
    ✅ [58] 94867289 VELLFIRE 2
    ✅ [58] 90303689 ALPHARD2
    ✅ [58] 94867289 
    ✅ [58] 98660834 MODEL 3
    ✅ [58] 94867289 
    ✅ [58] 90912167 JAZZ GK5
    ✅ [58] 94867289 MAZDA 5
    ✅ [58] 98299478 
    ✅ [58] 94867289 NOAH 80
    ✅ [58] 92855666 
    ✅ [58] 91686180 H1 EURO 5
    ✅ [58] 92855666 H1 EURO 5
  📄 爬取第 291 頁...
    ✅ [58] 15012000 
    ✅ [58] 20012500 
    ✅ [58] 25013500 
    ✅ [58] 35014500 
    ✅ [58] 59976979 
    ✅ [58] 90303689 Civic TYPE R FD2
    ✅ [58] 90303689 GL500
    ✅ [58] 94867289 ALPHARD 2
    ✅ [58] 52990719 CB1300
    ✅ [58] 90303689 
    ✅ [58] 90303689 E200
    ✅ [58] 96400951 
    ✅ [58] 94867289 VELLFIRE 2
    ✅ [58] 90303689 ALPHARD2
    ✅ [58] 94867289 
    ✅ [58] 98660834 MODEL 3
    ✅ [58] 94867289 
    ✅ [58] 90912167 JAZZ GK5
    ✅ [58] 94867289 MAZDA 5
    ✅ [58] 98299478 
    ✅ [58] 94867289 NOAH 80
    ✅ [58] 92855666 
    ✅ [58] 91686180 H1 EURO 5
    ✅ [58] 92855666 H1 EURO 5
  📄 爬取第 292 頁...
    ✅ [58] 15012000 
    ✅ [58] 20012500 
    ✅ [58] 25013500 
    ✅ [58] 35014500 
    ✅ [58] 59976979 
    ✅ [58] 90303689 Civic TYPE R FD2
    ✅ [58] 90303689 GL500
    ✅ [58] 94867289 ALPHARD 2
    ✅ [58] 52990719 CB1300
    ✅ [58] 90303689 
    ✅ [58] 90303689 E200
    ✅ [58] 96400951 
    ✅ [58] 94867289 VELLFIRE 2
    ✅ [58] 90303689 ALPHARD2
    ✅ [58] 94867289 
    ✅ [58] 98660834 MODEL 3
    ✅ [58] 94867289 
    ✅ [58] 90912167 JAZZ GK5
    ✅ [58] 94867289 MAZDA 5
    ✅ [58] 98299478 
    ✅ [58] 94867289 NOAH 80
    ✅ [58] 92855666 
    ✅ [58] 91686180 H1 EURO 5
    ✅ [58] 92855666 H1 EURO 5
  📄 爬取第 293 頁...
    ✅ [58] 15012000 
    ✅ [58] 20012500 
    ✅ [58] 25013500 
    ✅ [58] 35014500 
    ✅ [58] 59976979 
    ✅ [58] 90303689 Civic TYPE R FD2
    ✅ [58] 90303689 GL500
    ✅ [58] 94867289 ALPHARD 2
    ✅ [58] 52990719 CB1300
    ✅ [58] 90303689 
    ✅ [58] 90303689 E200
    ✅ [58] 96400951 
    ✅ [58] 94867289 VELLFIRE 2
    ✅ [58] 90303689 ALPHARD2
    ✅ [58] 94867289 
    ✅ [58] 98660834 MODEL 3
    ✅ [58] 94867289 
    ✅ [58] 90912167 JAZZ GK5
    ✅ [58] 94867289 MAZDA 5
    ✅ [58] 98299478 
    ✅ [58] 94867289 NOAH 80
    ✅ [58] 92855666 
    ✅ [58] 91686180 H1 EURO 5
    ✅ [58] 92855666 H1 EURO 5
  📄 爬取第 294 頁...
    ✅ [58] 15012000 
    ✅ [58] 20012500 
    ✅ [58] 25013500 
    ✅ [58] 35014500 
    ✅ [59] 98028181 ALPHARD 2
    ✅ [59] 94867289 Camry 2
    ✅ [60] 91329602 VELLFIRE 2
    ✅ [61] 93343280 HIACE 3
    ✅ [62] 67613922 FT86 GT86
    ✅ [62] 93343280 HIACE 3
    ✅ [62] 98028181 ALPHARD2
    ✅ [62] 98028181 GR10
    ✅ [62] 94867289 
    ✅ [63] 54863393 
    ✅ [63] 59976979 
    ✅ [63] 90303689 Civic TYPE R FD2
    ✅ [63] 90303689 GL500
    ✅ [63] 94867289 ALPHARD 2
    ✅ [63] 52990719 CB1300
    ✅ [63] 90303689 
    ✅ [63] 90303689 E200
    ✅ [63] 96400951 
    ✅ [63] 94867289 VELLFIRE 2
  📄 爬取第 295 頁...
    ✅ [63] 15012000 
    ✅ [63] 20012500 
    ✅ [63] 25013500 
    ✅ [63] 35014500 
    ✅ [63] 96400951 
    ✅ [63] 98028181 ALPHARD 2
    ✅ [63] 94867289 Camry 2
    ✅ [63] 91329602 VELLFIRE 2
    ✅ [63] 93343280 HIACE 3
    ✅ [63] 67613922 FT86 GT86
    ✅ [63] 93343280 HIACE 3
    ✅ [63] 98028181 ALPHARD2
    ✅ [63] 98028181 GR10
    ✅ [63] 94867289 
    ✅ [63] 54863393 
    ✅ [63] 59976979 
    ✅ [63] 90303689 Civic TYPE R FD2
    ✅ [63] 90303689 GL500
    ✅ [63] 94867289 ALPHARD 2
    ✅ [63] 52990719 CB1300
    ✅ [63] 90303689 
    ✅ [63] 90303689 E200
    ✅ [63] 94867289 VELLFIRE 2
  📄 爬取第 296 頁...
    ✅ [63] 15012000 
    ✅ [63] 20012500 
    ✅ [63] 25013500 
    ✅ [63] 35014500 
    ✅ [63] 96400951 
    ✅ [63] 98028181 ALPHARD 2
    ✅ [63] 94867289 Camry 2
    ✅ [63] 91329602 VELLFIRE 2
    ✅ [63] 93343280 HIACE 3
    ✅ [63] 67613922 FT86 GT86
    ✅ [63] 93343280 HIACE 3
    ✅ [63] 98028181 ALPHARD2
    ✅ [63] 98028181 GR10
    ✅ [63] 94867289 
    ✅ [63] 54863393 
    ✅ [63] 59976979 
    ✅ [63] 90303689 Civic TYPE R FD2
    ✅ [63] 90303689 GL500
    ✅ [63] 94867289 ALPHARD 2
    ✅ [63] 52990719 CB1300
    ✅ [63] 90303689 
    ✅ [63] 90303689 E200
    ✅ [63] 94867289 VELLFIRE 2
  📄 爬取第 297 頁...
    ✅ [63] 15012000 
    ✅ [63] 20012500 
    ✅ [63] 25013500 
    ✅ [63] 35014500 
    ✅ [63] 96400951 
    ✅ [63] 98028181 ALPHARD 2
    ✅ [63] 94867289 Camry 2
    ✅ [63] 91329602 VELLFIRE 2
    ✅ [63] 93343280 HIACE 3
    ✅ [63] 67613922 FT86 GT86
    ✅ [63] 93343280 HIACE 3
    ✅ [63] 98028181 ALPHARD2
    ✅ [63] 98028181 GR10
    ✅ [63] 94867289 
    ✅ [63] 54863393 
    ✅ [63] 59976979 
    ✅ [63] 90303689 Civic TYPE R FD2
    ✅ [63] 90303689 GL500
    ✅ [63] 94867289 ALPHARD 2
    ✅ [63] 52990719 CB1300
    ✅ [63] 90303689 
    ✅ [63] 90303689 E200
    ✅ [63] 94867289 VELLFIRE 2
  📄 爬取第 298 頁...
    ✅ [63] 15012000 
    ✅ [63] 20012500 
    ✅ [63] 25013500 
    ✅ [63] 35014500 
    ✅ [63] 96400951 
    ✅ [63] 98028181 ALPHARD 2
    ✅ [63] 94867289 Camry 2
    ✅ [63] 91329602 VELLFIRE 2
    ✅ [63] 93343280 HIACE 3
    ✅ [63] 67613922 FT86 GT86
    ✅ [63] 93343280 HIACE 3
    ✅ [63] 98028181 ALPHARD2
    ✅ [63] 98028181 GR10
    ✅ [63] 94867289 
    ✅ [63] 54863393 
    ✅ [63] 59976979 
    ✅ [63] 90303689 Civic TYPE R FD2
    ✅ [63] 90303689 GL500
    ✅ [63] 94867289 ALPHARD 2
    ✅ [63] 52990719 CB1300
    ✅ [63] 90303689 
    ✅ [63] 90303689 E200
    ✅ [63] 94867289 VELLFIRE 2
  📄 爬取第 299 頁...
    ✅ [63] 15012000 
    ✅ [63] 20012500 
    ✅ [63] 25013500 
    ✅ [63] 35014500 
    ✅ [63] 96400951 
    ✅ [63] 98028181 ALPHARD 2
    ✅ [63] 94867289 Camry 2
    ✅ [63] 91329602 VELLFIRE 2
    ✅ [63] 93343280 HIACE 3
    ✅ [63] 67613922 FT86 GT86
    ✅ [63] 93343280 HIACE 3
    ✅ [63] 98028181 ALPHARD2
    ✅ [63] 98028181 GR10
    ✅ [63] 94867289 
    ✅ [63] 54863393 
    ✅ [63] 59976979 
    ✅ [63] 90303689 Civic TYPE R FD2
    ✅ [63] 90303689 GL500
    ✅ [63] 94867289 ALPHARD 2
    ✅ [63] 52990719 CB1300
    ✅ [63] 90303689 
    ✅ [63] 90303689 E200
    ✅ [63] 94867289 VELLFIRE 2
  📄 爬取第 300 頁...
    ✅ [63] 15012000 
    ✅ [63] 20012500 
    ✅ [63] 25013500 
    ✅ [63] 35014500 
    ✅ [63] 96400951 
    ✅ [63] 98028181 ALPHARD 2
    ✅ [63] 94867289 Camry 2
    ✅ [63] 91329602 VELLFIRE 2
    ✅ [63] 93343280 HIACE 3
    ✅ [63] 67613922 FT86 GT86
    ✅ [63] 93343280 HIACE 3
    ✅ [63] 98028181 ALPHARD2
    ✅ [63] 98028181 GR10
    ✅ [63] 94867289 
    ✅ [63] 54863393 
    ✅ [63] 59976979 
    ✅ [63] 90303689 Civic TYPE R FD2
    ✅ [63] 90303689 GL500
    ✅ [63] 94867289 ALPHARD 2
    ✅ [63] 52990719 CB1300
    ✅ [63] 90303689 
    ✅ [63] 90303689 E200
    ✅ [63] 94867289 VELLFIRE 2
  📄 爬取第 301 頁...
    ✅ [63] 15012000 
    ✅ [63] 20012500 
    ✅ [63] 25013500 
    ✅ [63] 35014500 
    ✅ [63] 96400951 
    ✅ [63] 98028181 ALPHARD 2
    ✅ [63] 94867289 Camry 2
    ✅ [63] 91329602 VELLFIRE 2
    ✅ [63] 93343280 HIACE 3
    ✅ [63] 67613922 FT86 GT86
    ✅ [63] 93343280 HIACE 3
    ✅ [63] 98028181 ALPHARD2
    ✅ [63] 98028181 GR10
    ✅ [63] 94867289 
    ✅ [63] 54863393 
    ✅ [63] 59976979 
    ✅ [63] 90303689 Civic TYPE R FD2
    ✅ [63] 90303689 GL500
    ✅ [63] 94867289 ALPHARD 2
    ✅ [63] 52990719 CB1300
    ✅ [63] 90303689 
    ✅ [63] 90303689 E200
    ✅ [63] 94867289 VELLFIRE 2
  📄 爬取第 302 頁...
    ✅ [63] 15012000 
    ✅ [63] 20012500 
    ✅ [63] 25013500 
    ✅ [63] 35014500 
    ✅ [63] 96400951 
    ✅ [63] 98028181 ALPHARD 2
    ✅ [63] 94867289 Camry 2
    ✅ [63] 91329602 VELLFIRE 2
    ✅ [63] 93343280 HIACE 3
    ✅ [63] 67613922 FT86 GT86
    ✅ [63] 93343280 HIACE 3
    ✅ [63] 98028181 ALPHARD2
    ✅ [63] 98028181 GR10
    ✅ [63] 94867289 
    ✅ [63] 54863393 
    ✅ [63] 59976979 
    ✅ [63] 90303689 Civic TYPE R FD2
    ✅ [63] 90303689 GL500
    ✅ [63] 94867289 ALPHARD 2
    ✅ [63] 52990719 CB1300
    ✅ [63] 90303689 
    ✅ [63] 90303689 E200
    ✅ [63] 94867289 VELLFIRE 2
  📄 爬取第 303 頁...
    ✅ [63] 15012000 
    ✅ [63] 20012500 
    ✅ [63] 25013500 
    ✅ [63] 35014500 
    ✅ [63] 96400951 
    ✅ [63] 98028181 ALPHARD 2
    ✅ [63] 94867289 Camry 2
    ✅ [63] 91329602 VELLFIRE 2
    ✅ [63] 93343280 HIACE 3
    ✅ [63] 67613922 FT86 GT86
    ✅ [63] 93343280 HIACE 3
    ✅ [63] 98028181 ALPHARD2
    ✅ [63] 98028181 GR10
    ✅ [63] 94867289 
    ✅ [63] 54863393 
    ✅ [63] 59976979 
    ✅ [63] 90303689 Civic TYPE R FD2
    ✅ [63] 90303689 GL500
    ✅ [63] 94867289 ALPHARD 2
    ✅ [63] 52990719 CB1300
    ✅ [63] 90303689 
    ✅ [63] 90303689 E200
    ✅ [63] 94867289 VELLFIRE 2
  📄 爬取第 304 頁...
    ✅ [63] 15012000 
    ✅ [63] 20012500 
    ✅ [63] 25013500 
    ✅ [63] 35014500 
    ✅ [63] 96400951 
    ✅ [63] 98028181 ALPHARD 2
    ✅ [63] 94867289 Camry 2
    ✅ [63] 91329602 VELLFIRE 2
    ✅ [63] 93343280 HIACE 3
    ✅ [63] 67613922 FT86 GT86
    ✅ [63] 93343280 HIACE 3
    ✅ [63] 98028181 ALPHARD2
    ✅ [63] 98028181 GR10
    ✅ [63] 94867289 
    ✅ [63] 54863393 
    ✅ [63] 59976979 
    ✅ [63] 90303689 Civic TYPE R FD2
    ✅ [63] 90303689 GL500
    ✅ [63] 94867289 ALPHARD 2
    ✅ [63] 52990719 CB1300
    ✅ [63] 90303689 
    ✅ [63] 90303689 E200
    ✅ [63] 94867289 VELLFIRE 2
  📄 爬取第 305 頁...
    ✅ [63] 15012000 
    ✅ [63] 20012500 
    ✅ [63] 25013500 
    ✅ [63] 35014500 
    ✅ [63] 96400951 
    ✅ [63] 98028181 ALPHARD 2
    ✅ [63] 94867289 Camry 2
    ✅ [63] 91329602 VELLFIRE 2
    ✅ [63] 93343280 HIACE 3
    ✅ [63] 67613922 FT86 GT86
    ✅ [63] 93343280 HIACE 3
    ✅ [63] 98028181 ALPHARD2
    ✅ [63] 98028181 GR10
    ✅ [63] 94867289 
    ✅ [63] 54863393 
    ✅ [63] 59976979 
    ✅ [63] 90303689 Civic TYPE R FD2
    ✅ [63] 90303689 GL500
    ✅ [63] 94867289 ALPHARD 2
    ✅ [63] 52990719 CB1300
    ✅ [63] 90303689 
    ✅ [63] 90303689 E200
    ✅ [63] 94867289 VELLFIRE 2
  📄 爬取第 306 頁...
    ✅ [63] 15012000 
    ✅ [63] 20012500 
    ✅ [63] 25013500 
    ✅ [63] 35014500 
    ✅ [63] 93343280 HIACE 3
    ✅ [63] 94867289 VELLFIRE3
    ✅ [63] 98028181 
    ✅ [64] 52224198 
    ✅ [64] 91329602 ALPHARD2
    ✅ [64] 96400951 
    ✅ [64] 98028181 ALPHARD 2
    ✅ [64] 94867289 Camry 2
    ✅ [64] 91329602 VELLFIRE 2
    ✅ [64] 93343280 HIACE 3
    ✅ [64] 67613922 FT86 GT86
    ✅ [64] 93343280 HIACE 3
    ✅ [64] 98028181 ALPHARD2
    ✅ [64] 98028181 GR10
    ✅ [64] 94867289 
    ✅ [64] 54863393 
    ✅ [64] 59976979 
    ✅ [64] 90303689 Civic TYPE R FD2
    ✅ [64] 90303689 GL500
  📄 爬取第 307 頁...
    ✅ [64] 15012000 
    ✅ [64] 20012500 
    ✅ [64] 25013500 
    ✅ [64] 35014500 
    ✅ [64] 93343280 HIACE 3
    ✅ [64] 94867289 VELLFIRE3
    ✅ [64] 98028181 
    ✅ [64] 52224198 
    ✅ [64] 91329602 ALPHARD2
    ✅ [64] 96400951 
    ✅ [64] 98028181 ALPHARD 2
    ✅ [64] 94867289 Camry 2
    ✅ [64] 91329602 VELLFIRE 2
    ✅ [64] 93343280 HIACE 3
    ✅ [64] 67613922 FT86 GT86
    ✅ [64] 93343280 HIACE 3
    ✅ [64] 98028181 ALPHARD2
    ✅ [64] 98028181 GR10
    ✅ [64] 94867289 
    ✅ [64] 54863393 
    ✅ [64] 59976979 
    ✅ [64] 90303689 Civic TYPE R FD2
    ✅ [64] 90303689 GL500
  📄 爬取第 308 頁...
    ✅ [64] 15012000 
    ✅ [64] 20012500 
    ✅ [64] 25013500 
    ✅ [64] 35014500 
    ✅ [64] 52224198 
    ✅ [64] 93343280 HIACE 3
    ✅ [64] 94867289 VELLFIRE3
    ✅ [64] 98028181 
    ✅ [64] 91329602 ALPHARD2
    ✅ [64] 96400951 
    ✅ [64] 98028181 ALPHARD 2
    ✅ [64] 94867289 Camry 2
    ✅ [64] 91329602 VELLFIRE 2
    ✅ [64] 93343280 HIACE 3
    ✅ [64] 67613922 FT86 GT86
    ✅ [64] 93343280 HIACE 3
    ✅ [64] 98028181 ALPHARD2
    ✅ [64] 98028181 GR10
    ✅ [64] 94867289 
    ✅ [64] 54863393 
    ✅ [64] 59976979 
    ✅ [64] 90303689 Civic TYPE R FD2
    ✅ [64] 90303689 GL500
  📄 爬取第 309 頁...
    ✅ [64] 15012000 
    ✅ [64] 20012500 
    ✅ [64] 25013500 
    ✅ [64] 35014500 
    ✅ [64] 52224198 
    ✅ [64] 93343280 HIACE 3
    ✅ [64] 94867289 VELLFIRE3
    ✅ [64] 98028181 
    ✅ [64] 91329602 ALPHARD2
    ✅ [64] 96400951 
    ✅ [64] 98028181 ALPHARD 2
    ✅ [64] 94867289 Camry 2
    ✅ [64] 91329602 VELLFIRE 2
    ✅ [64] 93343280 HIACE 3
    ✅ [64] 67613922 FT86 GT86
    ✅ [64] 93343280 HIACE 3
    ✅ [64] 98028181 ALPHARD2
    ✅ [64] 98028181 GR10
    ✅ [64] 94867289 
    ✅ [64] 54863393 
    ✅ [64] 59976979 
    ✅ [64] 90303689 Civic TYPE R FD2
    ✅ [64] 90303689 GL500
  📄 爬取第 310 頁...
    ✅ [64] 15012000 
    ✅ [64] 20012500 
    ✅ [64] 25013500 
    ✅ [64] 35014500 
    ✅ [64] 52224198 
    ✅ [64] 93343280 HIACE 3
    ✅ [64] 94867289 VELLFIRE3
    ✅ [64] 98028181 
    ✅ [64] 91329602 ALPHARD2
    ✅ [64] 96400951 
    ✅ [64] 98028181 ALPHARD 2
    ✅ [64] 94867289 Camry 2
    ✅ [64] 91329602 VELLFIRE 2
    ✅ [64] 93343280 HIACE 3
    ✅ [64] 67613922 FT86 GT86
    ✅ [64] 93343280 HIACE 3
    ✅ [64] 98028181 ALPHARD2
    ✅ [64] 98028181 GR10
    ✅ [64] 94867289 
    ✅ [64] 54863393 
    ✅ [64] 59976979 
    ✅ [64] 90303689 Civic TYPE R FD2
    ✅ [64] 90303689 GL500
  📄 爬取第 311 頁...
    ✅ [64] 15012000 
    ✅ [64] 20012500 
    ✅ [64] 25013500 
    ✅ [64] 35014500 
    ✅ [64] 52224198 
    ✅ [64] 93343280 HIACE 3
    ✅ [64] 94867289 VELLFIRE3
    ✅ [64] 98028181 
    ✅ [64] 91329602 ALPHARD2
    ✅ [64] 96400951 
    ✅ [64] 98028181 ALPHARD 2
    ✅ [64] 94867289 Camry 2
    ✅ [64] 91329602 VELLFIRE 2
    ✅ [64] 93343280 HIACE 3
    ✅ [64] 67613922 FT86 GT86
    ✅ [64] 93343280 HIACE 3
    ✅ [64] 98028181 ALPHARD2
    ✅ [64] 98028181 GR10
    ✅ [64] 94867289 
    ✅ [64] 54863393 
    ✅ [64] 59976979 
    ✅ [64] 90303689 Civic TYPE R FD2
    ✅ [64] 90303689 GL500
  📄 爬取第 312 頁...
    ✅ [64] 15012000 
    ✅ [64] 20012500 
    ✅ [64] 25013500 
    ✅ [64] 35014500 
    ✅ [64] 52224198 
    ✅ [64] 93343280 HIACE 3
    ✅ [64] 94867289 VELLFIRE3
    ✅ [64] 98028181 
    ✅ [64] 91329602 ALPHARD2
    ✅ [64] 96400951 
    ✅ [64] 98028181 ALPHARD 2
    ✅ [64] 94867289 Camry 2
    ✅ [64] 91329602 VELLFIRE 2
    ✅ [64] 93343280 HIACE 3
    ✅ [64] 67613922 FT86 GT86
    ✅ [64] 93343280 HIACE 3
    ✅ [64] 98028181 ALPHARD2
    ✅ [64] 98028181 GR10
    ✅ [64] 94867289 
    ✅ [64] 54863393 
    ✅ [64] 59976979 
    ✅ [64] 90303689 Civic TYPE R FD2
    ✅ [64] 90303689 GL500
  📄 爬取第 313 頁...
    ✅ [64] 15012000 
    ✅ [64] 20012500 
    ✅ [64] 25013500 
    ✅ [64] 35014500 
    ✅ [64] 52224198 
    ✅ [64] 93343280 HIACE 3
    ✅ [64] 94867289 VELLFIRE3
    ✅ [64] 98028181 
    ✅ [64] 91329602 ALPHARD2
    ✅ [64] 96400951 
    ✅ [64] 98028181 ALPHARD 2
    ✅ [64] 94867289 Camry 2
    ✅ [64] 91329602 VELLFIRE 2
    ✅ [64] 93343280 HIACE 3
    ✅ [64] 67613922 FT86 GT86
    ✅ [64] 93343280 HIACE 3
    ✅ [64] 98028181 ALPHARD2
    ✅ [64] 98028181 GR10
    ✅ [64] 94867289 
    ✅ [64] 54863393 
    ✅ [64] 59976979 
    ✅ [64] 90303689 Civic TYPE R FD2
    ✅ [64] 90303689 GL500
  📄 爬取第 314 頁...
    ✅ [64] 15012000 
    ✅ [64] 20012500 
    ✅ [64] 25013500 
    ✅ [64] 35014500 
    ✅ [64] 52224198 
    ✅ [64] 93343280 HIACE 3
    ✅ [64] 94867289 VELLFIRE3
    ✅ [64] 98028181 
    ✅ [64] 91329602 ALPHARD2
    ✅ [64] 96400951 
    ✅ [64] 98028181 ALPHARD 2
    ✅ [64] 94867289 Camry 2
    ✅ [64] 91329602 VELLFIRE 2
    ✅ [64] 93343280 HIACE 3
    ✅ [64] 67613922 FT86 GT86
    ✅ [64] 93343280 HIACE 3
    ✅ [64] 98028181 ALPHARD2
    ✅ [64] 98028181 GR10
    ✅ [64] 94867289 
    ✅ [64] 54863393 
    ✅ [64] 59976979 
    ✅ [64] 90303689 Civic TYPE R FD2
    ✅ [64] 90303689 GL500
  📄 爬取第 315 頁...
    ✅ [64] 15012000 
    ✅ [64] 20012500 
    ✅ [64] 25013500 
    ✅ [64] 35014500 
    ✅ [64] 52224198 
    ✅ [64] 93343280 HIACE 3
    ✅ [64] 94867289 VELLFIRE3
    ✅ [64] 98028181 
    ✅ [64] 91329602 ALPHARD2
    ✅ [64] 96400951 
    ✅ [64] 98028181 ALPHARD 2
    ✅ [64] 94867289 Camry 2
    ✅ [64] 91329602 VELLFIRE 2
    ✅ [64] 93343280 HIACE 3
    ✅ [64] 67613922 FT86 GT86
    ✅ [64] 93343280 HIACE 3
    ✅ [64] 98028181 ALPHARD2
    ✅ [64] 98028181 GR10
    ✅ [64] 94867289 
    ✅ [64] 54863393 
    ✅ [64] 59976979 
    ✅ [64] 90303689 Civic TYPE R FD2
    ✅ [64] 90303689 GL500
  📄 爬取第 316 頁...
    ✅ [64] 15012000 
    ✅ [64] 20012500 
    ✅ [64] 25013500 
    ✅ [64] 35014500 
    ✅ [64] 52224198 
    ✅ [64] 93343280 HIACE 3
    ✅ [64] 94867289 VELLFIRE3
    ✅ [64] 98028181 
    ✅ [64] 91329602 ALPHARD2
    ✅ [64] 96400951 
    ✅ [64] 98028181 ALPHARD 2
    ✅ [64] 94867289 Camry 2
    ✅ [64] 91329602 VELLFIRE 2
    ✅ [64] 93343280 HIACE 3
    ✅ [64] 67613922 FT86 GT86
    ✅ [64] 93343280 HIACE 3
    ✅ [64] 98028181 ALPHARD2
    ✅ [64] 98028181 GR10
    ✅ [64] 94867289 
    ✅ [64] 54863393 
    ✅ [64] 59976979 
    ✅ [64] 90303689 Civic TYPE R FD2
    ✅ [64] 90303689 GL500
  📄 爬取第 317 頁...
    ✅ [64] 15012000 
    ✅ [64] 20012500 
    ✅ [64] 25013500 
    ✅ [64] 35014500 
    ✅ [64] 52224198 
    ✅ [64] 93343280 HIACE 3
    ✅ [64] 94867289 VELLFIRE3
    ✅ [64] 98028181 
    ✅ [64] 91329602 ALPHARD2
    ✅ [64] 96400951 
    ✅ [64] 98028181 ALPHARD 2
    ✅ [64] 94867289 Camry 2
    ✅ [64] 91329602 VELLFIRE 2
    ✅ [64] 93343280 HIACE 3
    ✅ [64] 67613922 FT86 GT86
    ✅ [64] 93343280 HIACE 3
    ✅ [64] 98028181 ALPHARD2
    ✅ [64] 98028181 GR10
    ✅ [64] 94867289 
    ✅ [64] 54863393 
    ✅ [64] 59976979 
    ✅ [64] 90303689 Civic TYPE R FD2
    ✅ [64] 90303689 GL500
  📄 爬取第 318 頁...
    ✅ [64] 15012000 
    ✅ [64] 20012500 
    ✅ [64] 25013500 
    ✅ [64] 35014500 
    ✅ [65] 96222022 PRIUS 1
    ✅ [65] 93343280 VITO 116
    ✅ [65] 93343280 VITO 116
    ✅ [65] 96222022 
    ✅ [65] 93343280 HIACE 2
    ✅ [66] 98055133 
    ✅ [66] 93343280 HIACE 2
    ✅ [66] 52224198 
    ✅ [66] 93343280 HIACE 2
    ✅ [66] 98055133 
    ✅ [66] 93343280 HIACE 3
    ✅ [66] 94867289 VELLFIRE3
    ✅ [66] 98028181 
    ✅ [66] 91329602 ALPHARD2
    ✅ [66] 96400951 
    ✅ [66] 98028181 ALPHARD 2
    ✅ [66] 94867289 Camry 2
    ✅ [66] 91329602 VELLFIRE 2
    ✅ [66] 93343280 HIACE 3
    ✅ [66] 67613922 FT86 GT86
  📄 爬取第 319 頁...
    ✅ [66] 15012000 
    ✅ [66] 20012500 
    ✅ [66] 25013500 
    ✅ [66] 35014500 
    ✅ [66] 96222022 PRIUS 1
    ✅ [66] 93343280 VITO 116
    ✅ [66] 93343280 VITO 116
    ✅ [66] 96222022 
    ✅ [66] 93343280 HIACE 2
    ✅ [66] 98055133 
    ✅ [66] 93343280 HIACE 2
    ✅ [66] 52224198 
    ✅ [66] 93343280 HIACE 2
    ✅ [66] 98055133 
    ✅ [66] 93343280 HIACE 3
    ✅ [66] 94867289 VELLFIRE3
    ✅ [66] 98028181 
    ✅ [66] 91329602 ALPHARD2
    ✅ [66] 96400951 
    ✅ [66] 98028181 ALPHARD 2
    ✅ [66] 94867289 Camry 2
    ✅ [66] 91329602 VELLFIRE 2
    ✅ [66] 93343280 HIACE 3
    ✅ [66] 67613922 FT86 GT86
  📄 爬取第 320 頁...
    ✅ [66] 15012000 
    ✅ [66] 20012500 
    ✅ [66] 25013500 
    ✅ [66] 35014500 
    ✅ [66] 96222022 PRIUS 1
    ✅ [66] 93343280 VITO 116
    ✅ [66] 93343280 VITO 116
    ✅ [66] 96222022 
    ✅ [66] 93343280 HIACE 2
    ✅ [66] 98055133 
    ✅ [66] 93343280 HIACE 2
    ✅ [66] 52224198 
    ✅ [66] 93343280 HIACE 2
    ✅ [66] 98055133 
    ✅ [66] 93343280 HIACE 3
    ✅ [66] 94867289 VELLFIRE3
    ✅ [66] 98028181 
    ✅ [66] 91329602 ALPHARD2
    ✅ [66] 96400951 
    ✅ [66] 98028181 ALPHARD 2
    ✅ [66] 94867289 Camry 2
    ✅ [66] 91329602 VELLFIRE 2
    ✅ [66] 93343280 HIACE 3
    ✅ [66] 67613922 FT86 GT86
  📄 爬取第 321 頁...
    ✅ [66] 15012000 
    ✅ [66] 20012500 
    ✅ [66] 25013500 
    ✅ [66] 35014500 
    ✅ [66] 96222022 PRIUS 1
    ✅ [66] 93343280 VITO 116
    ✅ [66] 93343280 VITO 116
    ✅ [66] 96222022 
    ✅ [66] 93343280 HIACE 2
    ✅ [66] 98055133 
    ✅ [66] 93343280 HIACE 2
    ✅ [66] 52224198 
    ✅ [66] 93343280 HIACE 2
    ✅ [66] 98055133 
    ✅ [66] 93343280 HIACE 3
    ✅ [66] 94867289 VELLFIRE3
    ✅ [66] 98028181 
    ✅ [66] 91329602 ALPHARD2
    ✅ [66] 96400951 
    ✅ [66] 98028181 ALPHARD 2
    ✅ [66] 94867289 Camry 2
    ✅ [66] 91329602 VELLFIRE 2
    ✅ [66] 93343280 HIACE 3
    ✅ [66] 67613922 FT86 GT86
  📄 爬取第 322 頁...
    ✅ [66] 15012000 
    ✅ [66] 20012500 
    ✅ [66] 25013500 
    ✅ [66] 35014500 
    ✅ [66] 96222022 PRIUS 1
    ✅ [66] 93343280 VITO 116
    ✅ [66] 93343280 VITO 116
    ✅ [66] 96222022 
    ✅ [66] 93343280 HIACE 2
    ✅ [66] 98055133 
    ✅ [66] 93343280 HIACE 2
    ✅ [66] 52224198 
    ✅ [66] 93343280 HIACE 2
    ✅ [66] 98055133 
    ✅ [66] 93343280 HIACE 3
    ✅ [66] 94867289 VELLFIRE3
    ✅ [66] 98028181 
    ✅ [66] 91329602 ALPHARD2
    ✅ [66] 96400951 
    ✅ [66] 98028181 ALPHARD 2
    ✅ [66] 94867289 Camry 2
    ✅ [66] 91329602 VELLFIRE 2
    ✅ [66] 93343280 HIACE 3
    ✅ [66] 67613922 FT86 GT86
  📄 爬取第 323 頁...
    ✅ [66] 15012000 
    ✅ [66] 20012500 
    ✅ [66] 25013500 
    ✅ [66] 35014500 
    ✅ [66] 96222022 PRIUS 1
    ✅ [66] 93343280 VITO 116
    ✅ [66] 93343280 VITO 116
    ✅ [66] 96222022 
    ✅ [66] 93343280 HIACE 2
    ✅ [66] 98055133 
    ✅ [66] 93343280 HIACE 2
    ✅ [66] 52224198 
    ✅ [66] 93343280 HIACE 2
    ✅ [66] 98055133 
    ✅ [66] 93343280 HIACE 3
    ✅ [66] 94867289 VELLFIRE3
    ✅ [66] 98028181 
    ✅ [66] 91329602 ALPHARD2
    ✅ [66] 96400951 
    ✅ [66] 98028181 ALPHARD 2
    ✅ [66] 94867289 Camry 2
    ✅ [66] 91329602 VELLFIRE 2
    ✅ [66] 93343280 HIACE 3
    ✅ [66] 67613922 FT86 GT86
  📄 爬取第 324 頁...
    ✅ [66] 15012000 
    ✅ [66] 20012500 
    ✅ [66] 25013500 
    ✅ [66] 35014500 
    ✅ [66] 96222022 PRIUS 1
    ✅ [66] 93343280 VITO 116
    ✅ [66] 93343280 VITO 116
    ✅ [66] 96222022 
    ✅ [66] 93343280 HIACE 2
    ✅ [66] 98055133 
    ✅ [66] 93343280 HIACE 2
    ✅ [66] 52224198 
    ✅ [66] 93343280 HIACE 2
    ✅ [66] 98055133 
    ✅ [66] 93343280 HIACE 3
    ✅ [66] 94867289 VELLFIRE3
    ✅ [66] 98028181 
    ✅ [66] 91329602 ALPHARD2
    ✅ [66] 96400951 
    ✅ [66] 98028181 ALPHARD 2
    ✅ [66] 94867289 Camry 2
    ✅ [66] 91329602 VELLFIRE 2
    ✅ [66] 93343280 HIACE 3
    ✅ [66] 67613922 FT86 GT86
  📄 爬取第 325 頁...
    ✅ [66] 15012000 
    ✅ [66] 20012500 
    ✅ [66] 25013500 
    ✅ [66] 35014500 
    ✅ [66] 96222022 PRIUS 1
    ✅ [66] 93343280 VITO 116
    ✅ [66] 93343280 VITO 116
    ✅ [66] 96222022 
    ✅ [66] 93343280 HIACE 2
    ✅ [66] 98055133 
    ✅ [66] 93343280 HIACE 2
    ✅ [66] 52224198 
    ✅ [66] 93343280 HIACE 2
    ✅ [66] 98055133 
    ✅ [66] 93343280 HIACE 3
    ✅ [66] 94867289 VELLFIRE3
    ✅ [66] 98028181 
    ✅ [66] 91329602 ALPHARD2
    ✅ [66] 96400951 
    ✅ [66] 98028181 ALPHARD 2
    ✅ [66] 94867289 Camry 2
    ✅ [66] 91329602 VELLFIRE 2
    ✅ [66] 93343280 HIACE 3
    ✅ [66] 67613922 FT86 GT86
  📄 爬取第 326 頁...
    ✅ [66] 15012000 
    ✅ [66] 20012500 
    ✅ [66] 25013500 
    ✅ [66] 35014500 
    ✅ [66] 96222022 PRIUS 1
    ✅ [66] 93343280 VITO 116
    ✅ [66] 93343280 VITO 116
    ✅ [66] 96222022 
    ✅ [66] 93343280 HIACE 2
    ✅ [66] 98055133 
    ✅ [66] 93343280 HIACE 2
    ✅ [66] 52224198 
    ✅ [66] 93343280 HIACE 2
    ✅ [66] 98055133 
    ✅ [66] 93343280 HIACE 3
    ✅ [66] 94867289 VELLFIRE3
    ✅ [66] 98028181 
    ✅ [66] 91329602 ALPHARD2
    ✅ [66] 96400951 
    ✅ [66] 98028181 ALPHARD 2
    ✅ [66] 94867289 Camry 2
    ✅ [66] 91329602 VELLFIRE 2
    ✅ [66] 93343280 HIACE 3
    ✅ [66] 67613922 FT86 GT86
  📄 爬取第 327 頁...
    ✅ [66] 15012000 
    ✅ [66] 20012500 
    ✅ [66] 25013500 
    ✅ [66] 35014500 
    ✅ [66] 96222022 PRIUS 1
    ✅ [66] 93343280 VITO 116
    ✅ [66] 93343280 VITO 116
    ✅ [66] 96222022 
    ✅ [66] 93343280 HIACE 2
    ✅ [66] 98055133 
    ✅ [66] 93343280 HIACE 2
    ✅ [66] 52224198 
    ✅ [66] 93343280 HIACE 2
    ✅ [66] 98055133 
    ✅ [66] 93343280 HIACE 3
    ✅ [66] 94867289 VELLFIRE3
    ✅ [66] 98028181 
    ✅ [66] 91329602 ALPHARD2
    ✅ [66] 96400951 
    ✅ [66] 98028181 ALPHARD 2
    ✅ [66] 94867289 Camry 2
    ✅ [66] 91329602 VELLFIRE 2
    ✅ [66] 93343280 HIACE 3
    ✅ [66] 67613922 FT86 GT86
  📄 爬取第 328 頁...
    ✅ [66] 15012000 
    ✅ [66] 20012500 
    ✅ [66] 25013500 
    ✅ [66] 35014500 
    ✅ [66] 96222022 PRIUS 1
    ✅ [66] 93343280 VITO 116
    ✅ [66] 93343280 VITO 116
    ✅ [66] 96222022 
    ✅ [66] 93343280 HIACE 2
    ✅ [66] 98055133 
    ✅ [66] 93343280 HIACE 2
    ✅ [66] 52224198 
    ✅ [66] 93343280 HIACE 2
    ✅ [66] 98055133 
    ✅ [66] 93343280 HIACE 3
    ✅ [66] 94867289 VELLFIRE3
    ✅ [66] 98028181 
    ✅ [66] 91329602 ALPHARD2
    ✅ [66] 96400951 
    ✅ [66] 98028181 ALPHARD 2
    ✅ [66] 94867289 Camry 2
    ✅ [66] 91329602 VELLFIRE 2
    ✅ [66] 93343280 HIACE 3
    ✅ [66] 67613922 FT86 GT86
  📄 爬取第 329 頁...
    ✅ [66] 15012000 
    ✅ [66] 20012500 
    ✅ [66] 25013500 
    ✅ [66] 35014500 
    ✅ [66] 96222022 PRIUS 1
    ✅ [66] 93343280 VITO 116
    ✅ [66] 93343280 VITO 116
    ✅ [66] 96222022 
    ✅ [66] 93343280 HIACE 2
    ✅ [66] 98055133 
    ✅ [66] 93343280 HIACE 2
    ✅ [66] 52224198 
    ✅ [66] 93343280 HIACE 2
    ✅ [66] 98055133 
    ✅ [66] 93343280 HIACE 3
    ✅ [66] 94867289 VELLFIRE3
    ✅ [66] 98028181 
    ✅ [66] 91329602 ALPHARD2
    ✅ [66] 96400951 
    ✅ [66] 98028181 ALPHARD 2
    ✅ [66] 94867289 Camry 2
    ✅ [66] 91329602 VELLFIRE 2
    ✅ [66] 93343280 HIACE 3
    ✅ [66] 67613922 FT86 GT86
  📄 爬取第 330 頁...
    ✅ [66] 15012000 
    ✅ [66] 20012500 
    ✅ [66] 25013500 
    ✅ [66] 35014500 
    ✅ [67] 92861361 
    ✅ [67] 96222022 
    ✅ [67] 96222022 PRIUS 1
    ✅ [67] 93343280 VITO 116
    ✅ [67] 93343280 VITO 116
    ✅ [67] 96222022 
    ✅ [67] 93343280 HIACE 2
    ✅ [67] 98055133 
    ✅ [67] 93343280 HIACE 2
    ✅ [67] 52224198 
    ✅ [67] 93343280 HIACE 2
    ✅ [67] 98055133 
    ✅ [67] 93343280 HIACE 3
    ✅ [67] 94867289 VELLFIRE3
    ✅ [67] 98028181 
    ✅ [67] 91329602 ALPHARD2
    ✅ [67] 96400951 
    ✅ [67] 98028181 ALPHARD 2
    ✅ [67] 94867289 Camry 2
    ✅ [67] 91329602 VELLFIRE 2
  📄 爬取第 331 頁...
    ✅ [67] 15012000 
    ✅ [67] 20012500 
    ✅ [67] 25013500 
    ✅ [67] 35014500 
    ✅ [67] 92861361 
    ✅ [67] 96222022 
    ✅ [67] 96222022 PRIUS 1
    ✅ [67] 93343280 VITO 116
    ✅ [67] 93343280 VITO 116
    ✅ [67] 96222022 
    ✅ [67] 93343280 HIACE 2
    ✅ [67] 98055133 
    ✅ [67] 93343280 HIACE 2
    ✅ [67] 52224198 
    ✅ [67] 93343280 HIACE 2
    ✅ [67] 98055133 
    ✅ [67] 93343280 HIACE 3
    ✅ [67] 94867289 VELLFIRE3
    ✅ [67] 98028181 
    ✅ [67] 91329602 ALPHARD2
    ✅ [67] 96400951 
    ✅ [67] 98028181 ALPHARD 2
    ✅ [67] 94867289 Camry 2
    ✅ [67] 91329602 VELLFIRE 2
  📄 爬取第 332 頁...
    ✅ [67] 15012000 
    ✅ [67] 20012500 
    ✅ [67] 25013500 
    ✅ [67] 35014500 
    ✅ [67] 92861361 
    ✅ [67] 96222022 
    ✅ [67] 96222022 PRIUS 1
    ✅ [67] 93343280 VITO 116
    ✅ [67] 93343280 VITO 116
    ✅ [67] 96222022 
    ✅ [67] 93343280 HIACE 2
    ✅ [67] 98055133 
    ✅ [67] 93343280 HIACE 2
    ✅ [67] 52224198 
    ✅ [67] 93343280 HIACE 2
    ✅ [67] 98055133 
    ✅ [67] 93343280 HIACE 3
    ✅ [67] 94867289 VELLFIRE3
    ✅ [67] 98028181 
    ✅ [67] 91329602 ALPHARD2
    ✅ [67] 96400951 
    ✅ [67] 98028181 ALPHARD 2
    ✅ [67] 94867289 Camry 2
    ✅ [67] 91329602 VELLFIRE 2
  📄 爬取第 333 頁...
    ✅ [67] 15012000 
    ✅ [67] 20012500 
    ✅ [67] 25013500 
    ✅ [67] 35014500 
    ✅ [67] 92861361 
    ✅ [67] 96222022 
    ✅ [67] 96222022 PRIUS 1
    ✅ [67] 93343280 VITO 116
    ✅ [67] 93343280 VITO 116
    ✅ [67] 96222022 
    ✅ [67] 93343280 HIACE 2
    ✅ [67] 98055133 
    ✅ [67] 93343280 HIACE 2
    ✅ [67] 52224198 
    ✅ [67] 93343280 HIACE 2
    ✅ [67] 98055133 
    ✅ [67] 93343280 HIACE 3
    ✅ [67] 94867289 VELLFIRE3
    ✅ [67] 98028181 
    ✅ [67] 91329602 ALPHARD2
    ✅ [67] 96400951 
    ✅ [67] 98028181 ALPHARD 2
    ✅ [67] 94867289 Camry 2
    ✅ [67] 91329602 VELLFIRE 2
  📄 爬取第 334 頁...
    ✅ [67] 15012000 
    ✅ [67] 20012500 
    ✅ [67] 25013500 
    ✅ [67] 35014500 
    ✅ [67] 92861361 
    ✅ [67] 96222022 
    ✅ [67] 96222022 PRIUS 1
    ✅ [67] 93343280 VITO 116
    ✅ [67] 93343280 VITO 116
    ✅ [67] 96222022 
    ✅ [67] 93343280 HIACE 2
    ✅ [67] 98055133 
    ✅ [67] 93343280 HIACE 2
    ✅ [67] 52224198 
    ✅ [67] 93343280 HIACE 2
    ✅ [67] 98055133 
    ✅ [67] 93343280 HIACE 3
    ✅ [67] 94867289 VELLFIRE3
    ✅ [67] 98028181 
    ✅ [67] 91329602 ALPHARD2
    ✅ [67] 96400951 
    ✅ [67] 98028181 ALPHARD 2
    ✅ [67] 94867289 Camry 2
    ✅ [67] 91329602 VELLFIRE 2
  📄 爬取第 335 頁...
    ✅ [67] 15012000 
    ✅ [67] 20012500 
    ✅ [67] 25013500 
    ✅ [67] 35014500 
    ✅ [67] 92861361 
    ✅ [67] 96222022 
    ✅ [67] 96222022 PRIUS 1
    ✅ [67] 93343280 VITO 116
    ✅ [67] 93343280 VITO 116
    ✅ [67] 96222022 
    ✅ [67] 93343280 HIACE 2
    ✅ [67] 98055133 
    ✅ [67] 93343280 HIACE 2
    ✅ [67] 52224198 
    ✅ [67] 93343280 HIACE 2
    ✅ [67] 98055133 
    ✅ [67] 93343280 HIACE 3
    ✅ [67] 94867289 VELLFIRE3
    ✅ [67] 98028181 
    ✅ [67] 91329602 ALPHARD2
    ✅ [67] 96400951 
    ✅ [67] 98028181 ALPHARD 2
    ✅ [67] 94867289 Camry 2
    ✅ [67] 91329602 VELLFIRE 2
  📄 爬取第 336 頁...
    ✅ [67] 15012000 
    ✅ [67] 20012500 
    ✅ [67] 25013500 
    ✅ [67] 35014500 
    ✅ [67] 92861361 
    ✅ [67] 96222022 
    ✅ [67] 96222022 PRIUS 1
    ✅ [67] 93343280 VITO 116
    ✅ [67] 93343280 VITO 116
    ✅ [67] 96222022 
    ✅ [67] 93343280 HIACE 2
    ✅ [67] 98055133 
    ✅ [67] 93343280 HIACE 2
    ✅ [67] 52224198 
    ✅ [67] 93343280 HIACE 2
    ✅ [67] 98055133 
    ✅ [67] 93343280 HIACE 3
    ✅ [67] 94867289 VELLFIRE3
    ✅ [67] 98028181 
    ✅ [67] 91329602 ALPHARD2
    ✅ [67] 96400951 
    ✅ [67] 98028181 ALPHARD 2
    ✅ [67] 94867289 Camry 2
    ✅ [67] 91329602 VELLFIRE 2
  📄 爬取第 337 頁...
    ✅ [67] 15012000 
    ✅ [67] 20012500 
    ✅ [67] 25013500 
    ✅ [67] 35014500 
    ✅ [67] 92861361 
    ✅ [67] 96222022 
    ✅ [67] 96222022 PRIUS 1
    ✅ [67] 93343280 VITO 116
    ✅ [67] 93343280 VITO 116
    ✅ [67] 96222022 
    ✅ [67] 93343280 HIACE 2
    ✅ [67] 98055133 
    ✅ [67] 93343280 HIACE 2
    ✅ [67] 52224198 
    ✅ [67] 93343280 HIACE 2
    ✅ [67] 98055133 
    ✅ [67] 93343280 HIACE 3
    ✅ [67] 94867289 VELLFIRE3
    ✅ [67] 98028181 
    ✅ [67] 91329602 ALPHARD2
    ✅ [67] 96400951 
    ✅ [67] 98028181 ALPHARD 2
    ✅ [67] 94867289 Camry 2
    ✅ [67] 91329602 VELLFIRE 2
  📄 爬取第 338 頁...
    ✅ [67] 15012000 
    ✅ [67] 20012500 
    ✅ [67] 25013500 
    ✅ [67] 35014500 
    ✅ [67] 92861361 
    ✅ [67] 96222022 
    ✅ [67] 96222022 PRIUS 1
    ✅ [67] 93343280 VITO 116
    ✅ [67] 93343280 VITO 116
    ✅ [67] 96222022 
    ✅ [67] 93343280 HIACE 2
    ✅ [67] 98055133 
    ✅ [67] 93343280 HIACE 2
    ✅ [67] 52224198 
    ✅ [67] 93343280 HIACE 2
    ✅ [67] 98055133 
    ✅ [67] 93343280 HIACE 3
    ✅ [67] 94867289 VELLFIRE3
    ✅ [67] 98028181 
    ✅ [67] 91329602 ALPHARD2
    ✅ [67] 96400951 
    ✅ [67] 98028181 ALPHARD 2
    ✅ [67] 94867289 Camry 2
    ✅ [67] 91329602 VELLFIRE 2
  📄 爬取第 339 頁...
    ✅ [67] 15012000 
    ✅ [67] 20012500 
    ✅ [67] 25013500 
    ✅ [67] 35014500 
    ✅ [67] 92861361 
    ✅ [67] 96222022 
    ✅ [67] 96222022 PRIUS 1
    ✅ [67] 93343280 VITO 116
    ✅ [67] 93343280 VITO 116
    ✅ [67] 96222022 
    ✅ [67] 93343280 HIACE 2
    ✅ [67] 98055133 
    ✅ [67] 93343280 HIACE 2
    ✅ [67] 52224198 
    ✅ [67] 93343280 HIACE 2
    ✅ [67] 98055133 
    ✅ [67] 93343280 HIACE 3
    ✅ [67] 94867289 VELLFIRE3
    ✅ [67] 98028181 
    ✅ [67] 91329602 ALPHARD2
    ✅ [67] 96400951 
    ✅ [67] 98028181 ALPHARD 2
    ✅ [67] 94867289 Camry 2
    ✅ [67] 91329602 VELLFIRE 2
  📄 爬取第 340 頁...
    ✅ [67] 15012000 
    ✅ [67] 20012500 
    ✅ [67] 25013500 
    ✅ [67] 35014500 
    ✅ [67] 92861361 
    ✅ [67] 96222022 
    ✅ [67] 96222022 PRIUS 1
    ✅ [67] 93343280 VITO 116
    ✅ [67] 93343280 VITO 116
    ✅ [67] 96222022 
    ✅ [67] 93343280 HIACE 2
    ✅ [67] 98055133 
    ✅ [67] 93343280 HIACE 2
    ✅ [67] 52224198 
    ✅ [67] 93343280 HIACE 2
    ✅ [67] 98055133 
    ✅ [67] 93343280 HIACE 3
    ✅ [67] 94867289 VELLFIRE3
    ✅ [67] 98028181 
    ✅ [67] 91329602 ALPHARD2
    ✅ [67] 96400951 
    ✅ [67] 98028181 ALPHARD 2
    ✅ [67] 94867289 Camry 2
    ✅ [67] 91329602 VELLFIRE 2
  📄 爬取第 341 頁...
    ✅ [67] 15012000 
    ✅ [67] 20012500 
    ✅ [67] 25013500 
    ✅ [67] 35014500 
    ✅ [67] 92861361 
    ✅ [67] 96222022 
    ✅ [67] 96222022 PRIUS 1
    ✅ [67] 93343280 VITO 116
    ✅ [67] 93343280 VITO 116
    ✅ [67] 96222022 
    ✅ [67] 93343280 HIACE 2
    ✅ [67] 98055133 
    ✅ [67] 93343280 HIACE 2
    ✅ [67] 52224198 
    ✅ [67] 93343280 HIACE 2
    ✅ [67] 98055133 
    ✅ [67] 93343280 HIACE 3
    ✅ [67] 94867289 VELLFIRE3
    ✅ [67] 98028181 
    ✅ [67] 91329602 ALPHARD2
    ✅ [67] 96400951 
    ✅ [67] 98028181 ALPHARD 2
    ✅ [67] 94867289 Camry 2
    ✅ [67] 91329602 VELLFIRE 2
  📄 爬取第 342 頁...
    ✅ [67] 15012000 
    ✅ [67] 20012500 
    ✅ [67] 25013500 
    ✅ [67] 35014500 
    ✅ [68] 62340533 FIT HYBRID GR3
    ✅ [68] 92861361 
    ✅ [68] 92861361 
    ✅ [68] 96222022 
    ✅ [68] 96222022 PRIUS 1
    ✅ [68] 93343280 VITO 116
    ✅ [68] 93343280 VITO 116
    ✅ [68] 96222022 
    ✅ [68] 93343280 HIACE 2
    ✅ [68] 98055133 
    ✅ [68] 93343280 HIACE 2
    ✅ [68] 52224198 
    ✅ [68] 93343280 HIACE 2
    ✅ [68] 98055133 
    ✅ [68] 93343280 HIACE 3
    ✅ [68] 94867289 VELLFIRE3
    ✅ [68] 98028181 
    ✅ [68] 91329602 ALPHARD2
    ✅ [68] 96400951 
    ✅ [68] 98028181 ALPHARD 2
  📄 爬取第 343 頁...
    ✅ [68] 15012000 
    ✅ [68] 20012500 
    ✅ [68] 25013500 
    ✅ [68] 35014500 
    ✅ [68] 62340533 FIT HYBRID GR3
    ✅ [68] 92861361 
    ✅ [68] 92861361 
    ✅ [68] 96222022 
    ✅ [68] 96222022 PRIUS 1
    ✅ [68] 93343280 VITO 116
    ✅ [68] 93343280 VITO 116
    ✅ [68] 96222022 
    ✅ [68] 93343280 HIACE 2
    ✅ [68] 98055133 
    ✅ [68] 93343280 HIACE 2
    ✅ [68] 52224198 
    ✅ [68] 93343280 HIACE 2
    ✅ [68] 98055133 
    ✅ [68] 93343280 HIACE 3
    ✅ [68] 94867289 VELLFIRE3
    ✅ [68] 98028181 
    ✅ [68] 91329602 ALPHARD2
    ✅ [68] 96400951 
    ✅ [68] 98028181 ALPHARD 2
  📄 爬取第 344 頁...
    ✅ [68] 15012000 
    ✅ [68] 20012500 
    ✅ [68] 25013500 
    ✅ [68] 35014500 
    ✅ [68] 62340533 FIT HYBRID GR3
    ✅ [68] 92861361 
    ✅ [68] 92861361 
    ✅ [68] 96222022 
    ✅ [68] 96222022 PRIUS 1
    ✅ [68] 93343280 VITO 116
    ✅ [68] 93343280 VITO 116
    ✅ [68] 96222022 
    ✅ [68] 93343280 HIACE 2
    ✅ [68] 98055133 
    ✅ [68] 93343280 HIACE 2
    ✅ [68] 52224198 
    ✅ [68] 93343280 HIACE 2
    ✅ [68] 98055133 
    ✅ [68] 93343280 HIACE 3
    ✅ [68] 94867289 VELLFIRE3
    ✅ [68] 98028181 
    ✅ [68] 91329602 ALPHARD2
    ✅ [68] 96400951 
    ✅ [68] 98028181 ALPHARD 2
  📄 爬取第 345 頁...
    ✅ [68] 15012000 
    ✅ [68] 20012500 
    ✅ [68] 25013500 
    ✅ [68] 35014500 
    ✅ [68] 62340533 FIT HYBRID GR3
    ✅ [68] 92861361 
    ✅ [68] 92861361 
    ✅ [68] 96222022 
    ✅ [68] 96222022 PRIUS 1
    ✅ [68] 93343280 VITO 116
    ✅ [68] 93343280 VITO 116
    ✅ [68] 96222022 
    ✅ [68] 93343280 HIACE 2
    ✅ [68] 98055133 
    ✅ [68] 93343280 HIACE 2
    ✅ [68] 52224198 
    ✅ [68] 93343280 HIACE 2
    ✅ [68] 98055133 
    ✅ [68] 93343280 HIACE 3
    ✅ [68] 94867289 VELLFIRE3
    ✅ [68] 98028181 
    ✅ [68] 91329602 ALPHARD2
    ✅ [68] 96400951 
    ✅ [68] 98028181 ALPHARD 2
  📄 爬取第 346 頁...
    ✅ [68] 15012000 
    ✅ [68] 20012500 
    ✅ [68] 25013500 
    ✅ [68] 35014500 
    ✅ [68] 62340533 FIT HYBRID GR3
    ✅ [68] 92861361 
    ✅ [68] 92861361 
    ✅ [68] 96222022 
    ✅ [68] 96222022 PRIUS 1
    ✅ [68] 93343280 VITO 116
    ✅ [68] 93343280 VITO 116
    ✅ [68] 96222022 
    ✅ [68] 93343280 HIACE 2
    ✅ [68] 98055133 
    ✅ [68] 93343280 HIACE 2
    ✅ [68] 52224198 
    ✅ [68] 93343280 HIACE 2
    ✅ [68] 98055133 
    ✅ [68] 93343280 HIACE 3
    ✅ [68] 94867289 VELLFIRE3
    ✅ [68] 98028181 
    ✅ [68] 91329602 ALPHARD2
    ✅ [68] 96400951 
    ✅ [68] 98028181 ALPHARD 2
  📄 爬取第 347 頁...
    ✅ [68] 15012000 
    ✅ [68] 20012500 
    ✅ [68] 25013500 
    ✅ [68] 35014500 
    ✅ [68] 62340533 FIT HYBRID GR3
    ✅ [68] 92861361 
    ✅ [68] 92861361 
    ✅ [68] 96222022 
    ✅ [68] 96222022 PRIUS 1
    ✅ [68] 93343280 VITO 116
    ✅ [68] 93343280 VITO 116
    ✅ [68] 96222022 
    ✅ [68] 93343280 HIACE 2
    ✅ [68] 98055133 
    ✅ [68] 93343280 HIACE 2
    ✅ [68] 52224198 
    ✅ [68] 93343280 HIACE 2
    ✅ [68] 98055133 
    ✅ [68] 93343280 HIACE 3
    ✅ [68] 94867289 VELLFIRE3
    ✅ [68] 98028181 
    ✅ [68] 91329602 ALPHARD2
    ✅ [68] 96400951 
    ✅ [68] 98028181 ALPHARD 2
  📄 爬取第 348 頁...
    ✅ [68] 15012000 
    ✅ [68] 20012500 
    ✅ [68] 25013500 
    ✅ [68] 35014500 
    ✅ [68] 62340533 FIT HYBRID GR3
    ✅ [68] 92861361 
    ✅ [68] 92861361 
    ✅ [68] 96222022 
    ✅ [68] 96222022 PRIUS 1
    ✅ [68] 93343280 VITO 116
    ✅ [68] 93343280 VITO 116
    ✅ [68] 96222022 
    ✅ [68] 93343280 HIACE 2
    ✅ [68] 98055133 
    ✅ [68] 93343280 HIACE 2
    ✅ [68] 52224198 
    ✅ [68] 93343280 HIACE 2
    ✅ [68] 98055133 
    ✅ [68] 93343280 HIACE 3
    ✅ [68] 94867289 VELLFIRE3
    ✅ [68] 98028181 
    ✅ [68] 91329602 ALPHARD2
    ✅ [68] 96400951 
    ✅ [68] 98028181 ALPHARD 2
  📄 爬取第 349 頁...
    ✅ [68] 15012000 
    ✅ [68] 20012500 
    ✅ [68] 25013500 
    ✅ [68] 35014500 
    ✅ [68] 62340533 FIT HYBRID GR3
    ✅ [68] 92861361 
    ✅ [68] 92861361 
    ✅ [68] 96222022 
    ✅ [68] 96222022 PRIUS 1
    ✅ [68] 93343280 VITO 116
    ✅ [68] 93343280 VITO 116
    ✅ [68] 96222022 
    ✅ [68] 93343280 HIACE 2
    ✅ [68] 98055133 
    ✅ [68] 93343280 HIACE 2
    ✅ [68] 52224198 
    ✅ [68] 93343280 HIACE 2
    ✅ [68] 98055133 
    ✅ [68] 93343280 HIACE 3
    ✅ [68] 94867289 VELLFIRE3
    ✅ [68] 98028181 
    ✅ [68] 91329602 ALPHARD2
    ✅ [68] 96400951 
    ✅ [68] 98028181 ALPHARD 2
  📄 爬取第 350 頁...
    ✅ [68] 15012000 
    ✅ [68] 20012500 
    ✅ [68] 25013500 
    ✅ [68] 35014500 
    ✅ [68] 62340533 FIT HYBRID GR3
    ✅ [68] 92861361 
    ✅ [68] 92861361 
    ✅ [68] 96222022 
    ✅ [68] 96222022 PRIUS 1
    ✅ [68] 93343280 VITO 116
    ✅ [68] 93343280 VITO 116
    ✅ [68] 96222022 
    ✅ [68] 93343280 HIACE 2
    ✅ [68] 98055133 
    ✅ [68] 93343280 HIACE 2
    ✅ [68] 52224198 
    ✅ [68] 93343280 HIACE 2
    ✅ [68] 98055133 
    ✅ [68] 93343280 HIACE 3
    ✅ [68] 94867289 VELLFIRE3
    ✅ [68] 98028181 
    ✅ [68] 91329602 ALPHARD2
    ✅ [68] 96400951 
    ✅ [68] 98028181 ALPHARD 2
  📄 爬取第 351 頁...
    ✅ [68] 15012000 
    ✅ [68] 20012500 
    ✅ [68] 25013500 
    ✅ [68] 35014500 
    ✅ [68] 62340533 FIT HYBRID GR3
    ✅ [68] 92861361 
    ✅ [68] 92861361 
    ✅ [68] 96222022 
    ✅ [68] 96222022 PRIUS 1
    ✅ [68] 93343280 VITO 116
    ✅ [68] 93343280 VITO 116
    ✅ [68] 96222022 
    ✅ [68] 93343280 HIACE 2
    ✅ [68] 98055133 
    ✅ [68] 93343280 HIACE 2
    ✅ [68] 52224198 
    ✅ [68] 93343280 HIACE 2
    ✅ [68] 98055133 
    ✅ [68] 93343280 HIACE 3
    ✅ [68] 94867289 VELLFIRE3
    ✅ [68] 98028181 
    ✅ [68] 91329602 ALPHARD2
    ✅ [68] 96400951 
    ✅ [68] 98028181 ALPHARD 2
  📄 爬取第 352 頁...
    ✅ [68] 15012000 
    ✅ [68] 20012500 
    ✅ [68] 25013500 
    ✅ [68] 35014500 
    ✅ [68] 62340533 FIT HYBRID GR3
    ✅ [68] 92861361 
    ✅ [68] 92861361 
    ✅ [68] 96222022 
    ✅ [68] 96222022 PRIUS 1
    ✅ [68] 93343280 VITO 116
    ✅ [68] 93343280 VITO 116
    ✅ [68] 96222022 
    ✅ [68] 93343280 HIACE 2
    ✅ [68] 98055133 
    ✅ [68] 93343280 HIACE 2
    ✅ [68] 52224198 
    ✅ [68] 93343280 HIACE 2
    ✅ [68] 98055133 
    ✅ [68] 93343280 HIACE 3
    ✅ [68] 94867289 VELLFIRE3
    ✅ [68] 98028181 
    ✅ [68] 91329602 ALPHARD2
    ✅ [68] 96400951 
    ✅ [68] 98028181 ALPHARD 2
  📄 爬取第 353 頁...
    ✅ [68] 15012000 
    ✅ [68] 20012500 
    ✅ [68] 25013500 
    ✅ [68] 35014500 
    ✅ [69] 68502384 
    ✅ [69] 92861361 
    ✅ [69] 62340533 
    ✅ [69] 62340533 FIT HYBRID GR3
    ✅ [69] 92861361 
    ✅ [69] 92861361 
    ✅ [69] 96222022 
    ✅ [69] 96222022 PRIUS 1
    ✅ [69] 93343280 VITO 116
    ✅ [69] 93343280 VITO 116
    ✅ [69] 96222022 
    ✅ [69] 93343280 HIACE 2
    ✅ [69] 98055133 
    ✅ [69] 93343280 HIACE 2
    ✅ [69] 52224198 
    ✅ [69] 93343280 HIACE 2
  📄 爬取第 354 頁...
    ✅ [69] 15012000 
    ✅ [69] 20012500 
    ✅ [69] 25013500 
    ✅ [69] 35014500 
    ✅ [69] 68502384 
    ✅ [69] 92861361 
    ✅ [69] 62340533 
    ✅ [69] 62340533 FIT HYBRID GR3
    ✅ [69] 92861361 
    ✅ [69] 92861361 
    ✅ [69] 96222022 
    ✅ [69] 96222022 PRIUS 1
    ✅ [69] 93343280 VITO 116
    ✅ [69] 93343280 VITO 116
    ✅ [69] 96222022 
    ✅ [69] 93343280 HIACE 2
    ✅ [69] 98055133 
    ✅ [69] 93343280 HIACE 2
    ✅ [69] 52224198 
    ✅ [69] 93343280 HIACE 2
  📄 爬取第 355 頁...
    ✅ [69] 15012000 
    ✅ [69] 20012500 
    ✅ [69] 25013500 
    ✅ [69] 35014500 
    ✅ [69] 68502384 
    ✅ [69] 92861361 
    ✅ [69] 62340533 
    ✅ [69] 62340533 FIT HYBRID GR3
    ✅ [69] 92861361 
    ✅ [69] 92861361 
    ✅ [69] 96222022 
    ✅ [69] 96222022 PRIUS 1
    ✅ [69] 93343280 VITO 116
    ✅ [69] 93343280 VITO 116
    ✅ [69] 96222022 
    ✅ [69] 93343280 HIACE 2
    ✅ [69] 98055133 
    ✅ [69] 93343280 HIACE 2
    ✅ [69] 52224198 
    ✅ [69] 93343280 HIACE 2
  📄 爬取第 356 頁...
    ✅ [69] 15012000 
    ✅ [69] 20012500 
    ✅ [69] 25013500 
    ✅ [69] 35014500 
    ✅ [69] 68502384 
    ✅ [69] 92861361 
    ✅ [69] 62340533 
    ✅ [69] 62340533 FIT HYBRID GR3
    ✅ [69] 92861361 
    ✅ [69] 92861361 
    ✅ [69] 96222022 
    ✅ [69] 96222022 PRIUS 1
    ✅ [69] 93343280 VITO 116
    ✅ [69] 93343280 VITO 116
    ✅ [69] 96222022 
    ✅ [69] 93343280 HIACE 2
    ✅ [69] 98055133 
    ✅ [69] 93343280 HIACE 2
    ✅ [69] 52224198 
    ✅ [69] 93343280 HIACE 2
  📄 爬取第 357 頁...
    ✅ [69] 15012000 
    ✅ [69] 20012500 
    ✅ [69] 25013500 
    ✅ [69] 35014500 
    ✅ [69] 68502384 
    ✅ [69] 92861361 
    ✅ [69] 62340533 
    ✅ [69] 62340533 FIT HYBRID GR3
    ✅ [69] 92861361 
    ✅ [69] 92861361 
    ✅ [69] 96222022 
    ✅ [69] 96222022 PRIUS 1
    ✅ [69] 93343280 VITO 116
    ✅ [69] 93343280 VITO 116
    ✅ [69] 96222022 
    ✅ [69] 93343280 HIACE 2
    ✅ [69] 98055133 
    ✅ [69] 93343280 HIACE 2
    ✅ [69] 52224198 
    ✅ [69] 93343280 HIACE 2
  📄 爬取第 358 頁...
    ✅ [69] 15012000 
    ✅ [69] 20012500 
    ✅ [69] 25013500 
    ✅ [69] 35014500 
    ✅ [69] 68502384 
    ✅ [69] 92861361 
    ✅ [69] 62340533 
    ✅ [69] 62340533 FIT HYBRID GR3
    ✅ [69] 92861361 
    ✅ [69] 92861361 
    ✅ [69] 96222022 
    ✅ [69] 96222022 PRIUS 1
    ✅ [69] 93343280 VITO 116
    ✅ [69] 93343280 VITO 116
    ✅ [69] 96222022 
    ✅ [69] 93343280 HIACE 2
    ✅ [69] 98055133 
    ✅ [69] 93343280 HIACE 2
    ✅ [69] 52224198 
    ✅ [69] 93343280 HIACE 2
  📄 爬取第 359 頁...
    ✅ [69] 15012000 
    ✅ [69] 20012500 
    ✅ [69] 25013500 
    ✅ [69] 35014500 
    ✅ [69] 68502384 
    ✅ [69] 92861361 
    ✅ [69] 62340533 
    ✅ [69] 62340533 FIT HYBRID GR3
    ✅ [69] 92861361 
    ✅ [69] 92861361 
    ✅ [69] 96222022 
    ✅ [69] 96222022 PRIUS 1
    ✅ [69] 93343280 VITO 116
    ✅ [69] 93343280 VITO 116
    ✅ [69] 96222022 
    ✅ [69] 93343280 HIACE 2
    ✅ [69] 98055133 
    ✅ [69] 93343280 HIACE 2
    ✅ [69] 52224198 
    ✅ [69] 93343280 HIACE 2
  📄 爬取第 360 頁...
    ✅ [69] 15012000 
    ✅ [69] 20012500 
    ✅ [69] 25013500 
    ✅ [69] 35014500 
    ✅ [69] 68502384 
    ✅ [69] 92861361 
    ✅ [69] 62340533 
    ✅ [69] 62340533 FIT HYBRID GR3
    ✅ [69] 92861361 
    ✅ [69] 92861361 
    ✅ [69] 96222022 
    ✅ [69] 96222022 PRIUS 1
    ✅ [69] 93343280 VITO 116
    ✅ [69] 93343280 VITO 116
    ✅ [69] 96222022 
    ✅ [69] 93343280 HIACE 2
    ✅ [69] 98055133 
    ✅ [69] 93343280 HIACE 2
    ✅ [69] 52224198 
    ✅ [69] 93343280 HIACE 2
  📄 爬取第 361 頁...
    ✅ [69] 15012000 
    ✅ [69] 20012500 
    ✅ [69] 25013500 
    ✅ [69] 35014500 
    ✅ [69] 68502384 
    ✅ [69] 92861361 
    ✅ [69] 62340533 
    ✅ [69] 62340533 FIT HYBRID GR3
    ✅ [69] 92861361 
    ✅ [69] 92861361 
    ✅ [69] 96222022 
    ✅ [69] 96222022 PRIUS 1
    ✅ [69] 93343280 VITO 116
    ✅ [69] 93343280 VITO 116
    ✅ [69] 96222022 
    ✅ [69] 93343280 HIACE 2
    ✅ [69] 98055133 
    ✅ [69] 93343280 HIACE 2
    ✅ [69] 52224198 
    ✅ [69] 93343280 HIACE 2
  📄 爬取第 362 頁...
    ✅ [69] 15012000 
    ✅ [69] 20012500 
    ✅ [69] 25013500 
    ✅ [69] 35014500 
    ✅ [69] 68502384 
    ✅ [69] 92861361 
    ✅ [69] 62340533 
    ✅ [69] 62340533 FIT HYBRID GR3
    ✅ [69] 92861361 
    ✅ [69] 92861361 
    ✅ [69] 96222022 
    ✅ [69] 96222022 PRIUS 1
    ✅ [69] 93343280 VITO 116
    ✅ [69] 93343280 VITO 116
    ✅ [69] 96222022 
    ✅ [69] 93343280 HIACE 2
    ✅ [69] 98055133 
    ✅ [69] 93343280 HIACE 2
    ✅ [69] 52224198 
    ✅ [69] 93343280 HIACE 2
  📄 爬取第 363 頁...
    ✅ [69] 15012000 
    ✅ [69] 20012500 
    ✅ [69] 25013500 
    ✅ [69] 35014500 
    ✅ [69] 68502384 
    ✅ [69] 92861361 
    ✅ [69] 62340533 
    ✅ [69] 62340533 FIT HYBRID GR3
    ✅ [69] 92861361 
    ✅ [69] 92861361 
    ✅ [69] 96222022 
    ✅ [69] 96222022 PRIUS 1
    ✅ [69] 93343280 VITO 116
    ✅ [69] 93343280 VITO 116
    ✅ [69] 96222022 
    ✅ [69] 93343280 HIACE 2
    ✅ [69] 98055133 
    ✅ [69] 93343280 HIACE 2
    ✅ [69] 52224198 
    ✅ [69] 93343280 HIACE 2
  📄 爬取第 364 頁...
    ✅ [69] 15012000 
    ✅ [69] 20012500 
    ✅ [69] 25013500 
    ✅ [69] 35014500 
    ✅ [69] 68502384 
    ✅ [69] 92861361 
    ✅ [69] 62340533 
    ✅ [69] 62340533 FIT HYBRID GR3
    ✅ [69] 92861361 
    ✅ [69] 92861361 
    ✅ [69] 96222022 
    ✅ [69] 96222022 PRIUS 1
    ✅ [69] 93343280 VITO 116
    ✅ [69] 93343280 VITO 116
    ✅ [69] 96222022 
    ✅ [69] 93343280 HIACE 2
    ✅ [69] 98055133 
    ✅ [69] 93343280 HIACE 2
    ✅ [69] 52224198 
    ✅ [69] 93343280 HIACE 2
  📄 爬取第 365 頁...
    ✅ [69] 15012000 
    ✅ [69] 20012500 
    ✅ [69] 25013500 
    ✅ [69] 35014500 
    ✅ [69] 68502384 
    ✅ [69] 92861361 
    ✅ [69] 62340533 
    ✅ [69] 62340533 FIT HYBRID GR3
    ✅ [69] 92861361 
    ✅ [69] 92861361 
    ✅ [69] 96222022 
    ✅ [69] 96222022 PRIUS 1
    ✅ [69] 93343280 VITO 116
    ✅ [69] 93343280 VITO 116
    ✅ [69] 96222022 
    ✅ [69] 93343280 HIACE 2
    ✅ [69] 98055133 
    ✅ [69] 93343280 HIACE 2
    ✅ [69] 52224198 
    ✅ [69] 93343280 HIACE 2
  📄 爬取第 366 頁...
    ✅ [69] 15012000 
    ✅ [69] 20012500 
    ✅ [69] 25013500 
    ✅ [69] 35014500 
    ✅ [70] 92333435 
    ✅ [71] 59577989 ALPHARD 2
    ✅ [72] 94380418 F PACE 25
    ✅ [72] 94380418 
    ✅ [73] 53835923 A250
    ✅ [73] 68502384 
    ✅ [73] 92861361 
    ✅ [73] 62340533 
    ✅ [73] 62340533 FIT HYBRID GR3
    ✅ [73] 92861361 
    ✅ [73] 92861361 
    ✅ [73] 96222022 
    ✅ [73] 96222022 PRIUS 1
    ✅ [73] 93343280 VITO 116
    ✅ [73] 93343280 VITO 116
    ✅ [73] 96222022 
  📄 爬取第 367 頁...
    ✅ [73] 15012000 
    ✅ [73] 20012500 
    ✅ [73] 25013500 
    ✅ [73] 35014500 
    ✅ [73] 92333435 
    ✅ [73] 59577989 ALPHARD 2
    ✅ [73] 94380418 F PACE 25
    ✅ [73] 94380418 
    ✅ [73] 53835923 A250
    ✅ [73] 68502384 
    ✅ [73] 92861361 
    ✅ [73] 62340533 
    ✅ [73] 62340533 FIT HYBRID GR3
    ✅ [73] 92861361 
    ✅ [73] 92861361 
    ✅ [73] 96222022 
    ✅ [73] 96222022 PRIUS 1
    ✅ [73] 93343280 VITO 116
    ✅ [73] 93343280 VITO 116
    ✅ [73] 96222022 
  📄 爬取第 368 頁...
    ✅ [73] 15012000 
    ✅ [73] 20012500 
    ✅ [73] 25013500 
    ✅ [73] 35014500 
    ✅ [73] 92333435 
    ✅ [73] 59577989 ALPHARD 2
    ✅ [73] 94380418 F PACE 25
    ✅ [73] 94380418 
    ✅ [73] 53835923 A250
    ✅ [73] 68502384 
    ✅ [73] 92861361 
    ✅ [73] 62340533 
    ✅ [73] 62340533 FIT HYBRID GR3
    ✅ [73] 92861361 
    ✅ [73] 92861361 
    ✅ [73] 96222022 
    ✅ [73] 96222022 PRIUS 1
    ✅ [73] 93343280 VITO 116
    ✅ [73] 93343280 VITO 116
    ✅ [73] 96222022 
  📄 爬取第 369 頁...
    ✅ [73] 15012000 
    ✅ [73] 20012500 
    ✅ [73] 25013500 
    ✅ [73] 35014500 
    ✅ [73] 92333435 
    ✅ [73] 59577989 ALPHARD 2
    ✅ [73] 94380418 F PACE 25
    ✅ [73] 94380418 
    ✅ [73] 53835923 A250
    ✅ [73] 68502384 
    ✅ [73] 92861361 
    ✅ [73] 62340533 
    ✅ [73] 62340533 FIT HYBRID GR3
    ✅ [73] 92861361 
    ✅ [73] 92861361 
    ✅ [73] 96222022 
    ✅ [73] 96222022 PRIUS 1
    ✅ [73] 93343280 VITO 116
    ✅ [73] 93343280 VITO 116
    ✅ [73] 96222022 
  📄 爬取第 370 頁...
    ✅ [73] 15012000 
    ✅ [73] 20012500 
    ✅ [73] 25013500 
    ✅ [73] 35014500 
    ✅ [73] 92333435 
    ✅ [73] 59577989 ALPHARD 2
    ✅ [73] 94380418 F PACE 25
    ✅ [73] 94380418 
    ✅ [73] 53835923 A250
    ✅ [73] 68502384 
    ✅ [73] 92861361 
    ✅ [73] 62340533 
    ✅ [73] 62340533 FIT HYBRID GR3
    ✅ [73] 92861361 
    ✅ [73] 92861361 
    ✅ [73] 96222022 
    ✅ [73] 96222022 PRIUS 1
    ✅ [73] 93343280 VITO 116
    ✅ [73] 93343280 VITO 116
    ✅ [73] 96222022 
  📄 爬取第 371 頁...
    ✅ [73] 15012000 
    ✅ [73] 20012500 
    ✅ [73] 25013500 
    ✅ [73] 35014500 
    ✅ [73] 92333435 
    ✅ [73] 59577989 ALPHARD 2
    ✅ [73] 94380418 F PACE 25
    ✅ [73] 94380418 
    ✅ [73] 53835923 A250
    ✅ [73] 68502384 
    ✅ [73] 92861361 
    ✅ [73] 62340533 
    ✅ [73] 62340533 FIT HYBRID GR3
    ✅ [73] 92861361 
    ✅ [73] 92861361 
    ✅ [73] 96222022 
    ✅ [73] 96222022 PRIUS 1
    ✅ [73] 93343280 VITO 116
    ✅ [73] 93343280 VITO 116
    ✅ [73] 96222022 
  📄 爬取第 372 頁...
    ✅ [73] 15012000 
    ✅ [73] 20012500 
    ✅ [73] 25013500 
    ✅ [73] 35014500 
    ✅ [73] 92333435 
    ✅ [73] 59577989 ALPHARD 2
    ✅ [73] 94380418 F PACE 25
    ✅ [73] 94380418 
    ✅ [73] 53835923 A250
    ✅ [73] 68502384 
    ✅ [73] 92861361 
    ✅ [73] 62340533 
    ✅ [73] 62340533 FIT HYBRID GR3
    ✅ [73] 92861361 
    ✅ [73] 92861361 
    ✅ [73] 96222022 
    ✅ [73] 96222022 PRIUS 1
    ✅ [73] 93343280 VITO 116
    ✅ [73] 93343280 VITO 116
    ✅ [73] 96222022 
  📄 爬取第 373 頁...
    ✅ [73] 15012000 
    ✅ [73] 20012500 
    ✅ [73] 25013500 
    ✅ [73] 35014500 
    ✅ [73] 92333435 
    ✅ [73] 59577989 ALPHARD 2
    ✅ [73] 94380418 F PACE 25
    ✅ [73] 94380418 
    ✅ [73] 53835923 A250
    ✅ [73] 68502384 
    ✅ [73] 92861361 
    ✅ [73] 62340533 
    ✅ [73] 62340533 FIT HYBRID GR3
    ✅ [73] 92861361 
    ✅ [73] 92861361 
    ✅ [73] 96222022 
    ✅ [73] 96222022 PRIUS 1
    ✅ [73] 93343280 VITO 116
    ✅ [73] 93343280 VITO 116
    ✅ [73] 96222022 
  📄 爬取第 374 頁...
    ✅ [73] 15012000 
    ✅ [73] 20012500 
    ✅ [73] 25013500 
    ✅ [73] 35014500 
    ✅ [73] 92333435 
    ✅ [73] 59577989 ALPHARD 2
    ✅ [73] 94380418 F PACE 25
    ✅ [73] 94380418 
    ✅ [73] 53835923 A250
    ✅ [73] 68502384 
    ✅ [73] 92861361 
    ✅ [73] 62340533 
    ✅ [73] 62340533 FIT HYBRID GR3
    ✅ [73] 92861361 
    ✅ [73] 92861361 
    ✅ [73] 96222022 
    ✅ [73] 96222022 PRIUS 1
    ✅ [73] 93343280 VITO 116
    ✅ [73] 93343280 VITO 116
    ✅ [73] 96222022 
  📄 爬取第 375 頁...
    ✅ [73] 15012000 
    ✅ [73] 20012500 
    ✅ [73] 25013500 
    ✅ [73] 35014500 
    ✅ [73] 92333435 
    ✅ [73] 59577989 ALPHARD 2
    ✅ [73] 94380418 F PACE 25
    ✅ [73] 94380418 
    ✅ [73] 53835923 A250
    ✅ [73] 68502384 
    ✅ [73] 92861361 
    ✅ [73] 62340533 
    ✅ [73] 62340533 FIT HYBRID GR3
    ✅ [73] 92861361 
    ✅ [73] 92861361 
    ✅ [73] 96222022 
    ✅ [73] 96222022 PRIUS 1
    ✅ [73] 93343280 VITO 116
    ✅ [73] 93343280 VITO 116
    ✅ [73] 96222022 
  📄 爬取第 376 頁...
    ✅ [73] 15012000 
    ✅ [73] 20012500 
    ✅ [73] 25013500 
    ✅ [73] 35014500 
    ✅ [73] 92333435 
    ✅ [73] 59577989 ALPHARD 2
    ✅ [73] 94380418 F PACE 25
    ✅ [73] 94380418 
    ✅ [73] 53835923 A250
    ✅ [73] 68502384 
    ✅ [73] 92861361 
    ✅ [73] 62340533 
    ✅ [73] 62340533 FIT HYBRID GR3
    ✅ [73] 92861361 
    ✅ [73] 92861361 
    ✅ [73] 96222022 
    ✅ [73] 96222022 PRIUS 1
    ✅ [73] 93343280 VITO 116
    ✅ [73] 93343280 VITO 116
    ✅ [73] 96222022 
  📄 爬取第 377 頁...
    ✅ [73] 15012000 
    ✅ [73] 20012500 
    ✅ [73] 25013500 
    ✅ [73] 35014500 
    ✅ [73] 92333435 
    ✅ [73] 59577989 ALPHARD 2
    ✅ [73] 94380418 F PACE 25
    ✅ [73] 94380418 
    ✅ [73] 53835923 A250
    ✅ [73] 68502384 
    ✅ [73] 92861361 
    ✅ [73] 62340533 
    ✅ [73] 62340533 FIT HYBRID GR3
    ✅ [73] 92861361 
    ✅ [73] 92861361 
    ✅ [73] 96222022 
    ✅ [73] 96222022 PRIUS 1
    ✅ [73] 93343280 VITO 116
    ✅ [73] 93343280 VITO 116
    ✅ [73] 96222022 
  📄 爬取第 378 頁...
    ✅ [73] 15012000 
    ✅ [73] 20012500 
    ✅ [73] 25013500 
    ✅ [73] 35014500 
    ✅ [73] 92333435 
    ✅ [73] 92333435 ALPHARD 2
    ✅ [73] 92333435 
    ✅ [73] 59577989 ALPHARD 2
    ✅ [73] 94380418 F PACE 25
    ✅ [73] 94380418 
    ✅ [73] 53835923 A250
    ✅ [73] 68502384 
    ✅ [73] 92861361 
    ✅ [73] 62340533 
    ✅ [73] 62340533 FIT HYBRID GR3
    ✅ [73] 92861361 
    ✅ [73] 92861361 
    ✅ [73] 96222022 
    ✅ [73] 96222022 PRIUS 1
    ✅ [73] 93343280 VITO 116
  📄 爬取第 379 頁...
    ✅ [73] 15012000 
    ✅ [73] 20012500 
    ✅ [73] 25013500 
    ✅ [73] 35014500 
    ✅ [73] 92333435 
    ✅ [73] 92333435 ALPHARD 2
    ✅ [73] 92333435 
    ✅ [73] 59577989 ALPHARD 2
    ✅ [73] 94380418 F PACE 25
    ✅ [73] 94380418 
    ✅ [73] 53835923 A250
    ✅ [73] 68502384 
    ✅ [73] 92861361 
    ✅ [73] 62340533 
    ✅ [73] 62340533 FIT HYBRID GR3
    ✅ [73] 92861361 
    ✅ [73] 92861361 
    ✅ [73] 96222022 
    ✅ [73] 96222022 PRIUS 1
    ✅ [73] 93343280 VITO 116
  📄 爬取第 380 頁...
    ✅ [73] 15012000 
    ✅ [73] 20012500 
    ✅ [73] 25013500 
    ✅ [73] 35014500 
    ✅ [73] 92333435 
    ✅ [73] 92333435 ALPHARD 2
    ✅ [73] 92333435 
    ✅ [73] 59577989 ALPHARD 2
    ✅ [73] 94380418 F PACE 25
    ✅ [73] 94380418 
    ✅ [73] 53835923 A250
    ✅ [73] 68502384 
    ✅ [73] 92861361 
    ✅ [73] 62340533 
    ✅ [73] 62340533 FIT HYBRID GR3
    ✅ [73] 92861361 
    ✅ [73] 92861361 
    ✅ [73] 96222022 
    ✅ [73] 96222022 PRIUS 1
    ✅ [73] 93343280 VITO 116
  📄 爬取第 381 頁...
    ✅ [73] 15012000 
    ✅ [73] 20012500 
    ✅ [73] 25013500 
    ✅ [73] 35014500 
    ✅ [73] 92333435 
    ✅ [73] 92333435 ALPHARD 2
    ✅ [73] 92333435 
    ✅ [73] 59577989 ALPHARD 2
    ✅ [73] 94380418 F PACE 25
    ✅ [73] 94380418 
    ✅ [73] 53835923 A250
    ✅ [73] 68502384 
    ✅ [73] 92861361 
    ✅ [73] 62340533 
    ✅ [73] 62340533 FIT HYBRID GR3
    ✅ [73] 92861361 
    ✅ [73] 92861361 
    ✅ [73] 96222022 
    ✅ [73] 96222022 PRIUS 1
    ✅ [73] 93343280 VITO 116
  📄 爬取第 382 頁...
    ✅ [73] 15012000 
    ✅ [73] 20012500 
    ✅ [73] 25013500 
    ✅ [73] 35014500 
    ✅ [73] 92333435 
    ✅ [73] 92333435 ALPHARD 2
    ✅ [73] 92333435 
    ✅ [73] 59577989 ALPHARD 2
    ✅ [73] 94380418 F PACE 25
    ✅ [73] 94380418 
    ✅ [73] 53835923 A250
    ✅ [73] 68502384 
    ✅ [73] 92861361 
    ✅ [73] 62340533 
    ✅ [73] 62340533 FIT HYBRID GR3
    ✅ [73] 92861361 
    ✅ [73] 92861361 
    ✅ [73] 96222022 
    ✅ [73] 96222022 PRIUS 1
    ✅ [73] 93343280 VITO 116
  📄 爬取第 383 頁...
    ✅ [73] 15012000 
    ✅ [73] 20012500 
    ✅ [73] 25013500 
    ✅ [73] 35014500 
    ✅ [73] 92333435 
    ✅ [73] 92333435 ALPHARD 2
    ✅ [73] 92333435 
    ✅ [73] 59577989 ALPHARD 2
    ✅ [73] 94380418 F PACE 25
    ✅ [73] 94380418 
    ✅ [73] 53835923 A250
    ✅ [73] 68502384 
    ✅ [73] 92861361 
    ✅ [73] 62340533 
    ✅ [73] 62340533 FIT HYBRID GR3
    ✅ [73] 92861361 
    ✅ [73] 92861361 
    ✅ [73] 96222022 
    ✅ [73] 96222022 PRIUS 1
    ✅ [73] 93343280 VITO 116
  📄 爬取第 384 頁...
    ✅ [73] 15012000 
    ✅ [73] 20012500 
    ✅ [73] 25013500 
    ✅ [73] 35014500 
    ✅ [73] 92333435 
    ✅ [73] 92333435 ALPHARD 2
    ✅ [73] 92333435 
    ✅ [73] 59577989 ALPHARD 2
    ✅ [73] 94380418 F PACE 25
    ✅ [73] 94380418 
    ✅ [73] 53835923 A250
    ✅ [73] 68502384 
    ✅ [73] 92861361 
    ✅ [73] 62340533 
    ✅ [73] 62340533 FIT HYBRID GR3
    ✅ [73] 92861361 
    ✅ [73] 92861361 
    ✅ [73] 96222022 
    ✅ [73] 96222022 PRIUS 1
    ✅ [73] 93343280 VITO 116
  📄 爬取第 385 頁...
    ✅ [73] 15012000 
    ✅ [73] 20012500 
    ✅ [73] 25013500 
    ✅ [73] 35014500 
    ✅ [73] 92333435 
    ✅ [73] 92333435 ALPHARD 2
    ✅ [73] 92333435 
    ✅ [73] 59577989 ALPHARD 2
    ✅ [73] 94380418 F PACE 25
    ✅ [73] 94380418 
    ✅ [73] 53835923 A250
    ✅ [73] 68502384 
    ✅ [73] 92861361 
    ✅ [73] 62340533 
    ✅ [73] 62340533 FIT HYBRID GR3
    ✅ [73] 92861361 
    ✅ [73] 92861361 
    ✅ [73] 96222022 
    ✅ [73] 96222022 PRIUS 1
    ✅ [73] 93343280 VITO 116
  📄 爬取第 386 頁...
    ✅ [73] 15012000 
    ✅ [73] 20012500 
    ✅ [73] 25013500 
    ✅ [73] 35014500 
    ✅ [73] 92333435 
    ✅ [73] 92333435 ALPHARD 2
    ✅ [73] 92333435 
    ✅ [73] 59577989 ALPHARD 2
    ✅ [73] 94380418 F PACE 25
    ✅ [73] 94380418 
    ✅ [73] 53835923 A250
    ✅ [73] 68502384 
    ✅ [73] 92861361 
    ✅ [73] 62340533 
    ✅ [73] 62340533 FIT HYBRID GR3
    ✅ [73] 92861361 
    ✅ [73] 92861361 
    ✅ [73] 96222022 
    ✅ [73] 96222022 PRIUS 1
    ✅ [73] 93343280 VITO 116
  📄 爬取第 387 頁...
    ✅ [73] 15012000 
    ✅ [73] 20012500 
    ✅ [73] 25013500 
    ✅ [73] 35014500 
    ✅ [73] 92333435 
    ✅ [73] 92333435 ALPHARD 2
    ✅ [73] 92333435 
    ✅ [73] 59577989 ALPHARD 2
    ✅ [73] 94380418 F PACE 25
    ✅ [73] 94380418 
    ✅ [73] 53835923 A250
    ✅ [73] 68502384 
    ✅ [73] 92861361 
    ✅ [73] 62340533 
    ✅ [73] 62340533 FIT HYBRID GR3
    ✅ [73] 92861361 
    ✅ [73] 92861361 
    ✅ [73] 96222022 
    ✅ [73] 96222022 PRIUS 1
    ✅ [73] 93343280 VITO 116
  📄 爬取第 388 頁...
    ✅ [73] 15012000 
    ✅ [73] 20012500 
    ✅ [73] 25013500 
    ✅ [73] 35014500 
    ✅ [73] 92333435 
    ✅ [73] 92333435 ALPHARD 2
    ✅ [73] 92333435 
    ✅ [73] 59577989 ALPHARD 2
    ✅ [73] 94380418 F PACE 25
    ✅ [73] 94380418 
    ✅ [73] 53835923 A250
    ✅ [73] 68502384 
    ✅ [73] 92861361 
    ✅ [73] 62340533 
    ✅ [73] 62340533 FIT HYBRID GR3
    ✅ [73] 92861361 
    ✅ [73] 92861361 
    ✅ [73] 96222022 
    ✅ [73] 96222022 PRIUS 1
    ✅ [73] 93343280 VITO 116
  📄 爬取第 389 頁...
    ✅ [73] 15012000 
    ✅ [73] 20012500 
    ✅ [73] 25013500 
    ✅ [73] 35014500 
    ✅ [73] 92333435 
    ✅ [73] 92333435 ALPHARD 2
    ✅ [73] 92333435 
    ✅ [73] 59577989 ALPHARD 2
    ✅ [73] 94380418 F PACE 25
    ✅ [73] 94380418 
    ✅ [73] 53835923 A250
    ✅ [73] 68502384 
    ✅ [73] 92861361 
    ✅ [73] 62340533 
    ✅ [73] 62340533 FIT HYBRID GR3
    ✅ [73] 92861361 
    ✅ [73] 92861361 
    ✅ [73] 96222022 
    ✅ [73] 96222022 PRIUS 1
    ✅ [73] 93343280 VITO 116
  📄 爬取第 390 頁...
    ✅ [73] 15012000 
    ✅ [73] 20012500 
    ✅ [73] 25013500 
    ✅ [73] 35014500 
    ✅ [73] 92861361 CLA250
    ✅ [74] 93612617 
    ✅ [74] 92333435 Camry 2
    ✅ [75] 63331186 HIACE 300
    ✅ [75] 59577989 ALPHARD 2
    ✅ [75] 92333435 ALPHARD 2
    ✅ [76] 60818887 
    ✅ [76] 92333435 
    ✅ [76] 92333435 ALPHARD 2
    ✅ [76] 92333435 
    ✅ [76] 59577989 ALPHARD 2
    ✅ [76] 94380418 F PACE 25
    ✅ [76] 94380418 
    ✅ [76] 53835923 A250
    ✅ [76] 68502384 
    ✅ [76] 92861361 
  📄 爬取第 391 頁...
    ✅ [76] 15012000 
    ✅ [76] 20012500 
    ✅ [76] 25013500 
    ✅ [76] 35014500 
    ✅ [76] 92861361 CLA250
    ✅ [76] 93612617 
    ✅ [76] 92333435 Camry 2
    ✅ [76] 63331186 HIACE 300
    ✅ [76] 59577989 ALPHARD 2
    ✅ [76] 92333435 ALPHARD 2
    ✅ [76] 60818887 
    ✅ [76] 92333435 
    ✅ [76] 92333435 ALPHARD 2
    ✅ [76] 92333435 
    ✅ [76] 59577989 ALPHARD 2
    ✅ [76] 94380418 F PACE 25
    ✅ [76] 94380418 
    ✅ [76] 53835923 A250
    ✅ [76] 68502384 
    ✅ [76] 92861361 
  📄 爬取第 392 頁...
    ✅ [76] 15012000 
    ✅ [76] 20012500 
    ✅ [76] 25013500 
    ✅ [76] 35014500 
    ✅ [76] 92861361 CLA250
    ✅ [76] 93612617 
    ✅ [76] 92333435 Camry 2
    ✅ [76] 63331186 HIACE 300
    ✅ [76] 59577989 ALPHARD 2
    ✅ [76] 92333435 ALPHARD 2
    ✅ [76] 60818887 
    ✅ [76] 92333435 
    ✅ [76] 92333435 ALPHARD 2
    ✅ [76] 92333435 
    ✅ [76] 59577989 ALPHARD 2
    ✅ [76] 94380418 F PACE 25
    ✅ [76] 94380418 
    ✅ [76] 53835923 A250
    ✅ [76] 68502384 
    ✅ [76] 92861361 
  📄 爬取第 393 頁...
    ✅ [76] 15012000 
    ✅ [76] 20012500 
    ✅ [76] 25013500 
    ✅ [76] 35014500 
    ✅ [76] 92861361 CLA250
    ✅ [76] 93612617 
    ✅ [76] 92333435 Camry 2
    ✅ [76] 63331186 HIACE 300
    ✅ [76] 59577989 ALPHARD 2
    ✅ [76] 92333435 ALPHARD 2
    ✅ [76] 60818887 
    ✅ [76] 92333435 
    ✅ [76] 92333435 ALPHARD 2
    ✅ [76] 92333435 
    ✅ [76] 59577989 ALPHARD 2
    ✅ [76] 94380418 F PACE 25
    ✅ [76] 94380418 
    ✅ [76] 53835923 A250
    ✅ [76] 68502384 
    ✅ [76] 92861361 
  📄 爬取第 394 頁...
    ✅ [76] 15012000 
    ✅ [76] 20012500 
    ✅ [76] 25013500 
    ✅ [76] 35014500 
    ✅ [76] 92861361 CLA250
    ✅ [76] 93612617 
    ✅ [76] 92333435 Camry 2
    ✅ [76] 63331186 HIACE 300
    ✅ [76] 59577989 ALPHARD 2
    ✅ [76] 92333435 ALPHARD 2
    ✅ [76] 60818887 
    ✅ [76] 92333435 
    ✅ [76] 92333435 ALPHARD 2
    ✅ [76] 92333435 
    ✅ [76] 59577989 ALPHARD 2
    ✅ [76] 94380418 F PACE 25
    ✅ [76] 94380418 
    ✅ [76] 53835923 A250
    ✅ [76] 68502384 
    ✅ [76] 92861361 
  📄 爬取第 395 頁...
    ✅ [76] 15012000 
    ✅ [76] 20012500 
    ✅ [76] 25013500 
    ✅ [76] 35014500 
    ✅ [76] 92861361 CLA250
    ✅ [76] 93612617 
    ✅ [76] 92333435 Camry 2
    ✅ [76] 63331186 HIACE 300
    ✅ [76] 59577989 ALPHARD 2
    ✅ [76] 92333435 ALPHARD 2
    ✅ [76] 60818887 
    ✅ [76] 92333435 
    ✅ [76] 92333435 ALPHARD 2
    ✅ [76] 92333435 
    ✅ [76] 59577989 ALPHARD 2
    ✅ [76] 94380418 F PACE 25
    ✅ [76] 94380418 
    ✅ [76] 53835923 A250
    ✅ [76] 68502384 
    ✅ [76] 92861361 
  📄 爬取第 396 頁...
    ✅ [76] 15012000 
    ✅ [76] 20012500 
    ✅ [76] 25013500 
    ✅ [76] 35014500 
    ✅ [76] 92861361 CLA250
    ✅ [76] 93612617 
    ✅ [76] 92333435 Camry 2
    ✅ [76] 63331186 HIACE 300
    ✅ [76] 59577989 ALPHARD 2
    ✅ [76] 92333435 ALPHARD 2
    ✅ [76] 60818887 
    ✅ [76] 92333435 
    ✅ [76] 92333435 ALPHARD 2
    ✅ [76] 92333435 
    ✅ [76] 59577989 ALPHARD 2
    ✅ [76] 94380418 F PACE 25
    ✅ [76] 94380418 
    ✅ [76] 53835923 A250
    ✅ [76] 68502384 
    ✅ [76] 92861361 
  📄 爬取第 397 頁...
    ✅ [76] 15012000 
    ✅ [76] 20012500 
    ✅ [76] 25013500 
    ✅ [76] 35014500 
    ✅ [76] 92861361 CLA250
    ✅ [76] 93612617 
    ✅ [76] 92333435 Camry 2
    ✅ [76] 63331186 HIACE 300
    ✅ [76] 59577989 ALPHARD 2
    ✅ [76] 92333435 ALPHARD 2
    ✅ [76] 60818887 
    ✅ [76] 92333435 
    ✅ [76] 92333435 ALPHARD 2
    ✅ [76] 92333435 
    ✅ [76] 59577989 ALPHARD 2
    ✅ [76] 94380418 F PACE 25
    ✅ [76] 94380418 
    ✅ [76] 53835923 A250
    ✅ [76] 68502384 
    ✅ [76] 92861361 
  📄 爬取第 398 頁...
    ✅ [76] 15012000 
    ✅ [76] 20012500 
    ✅ [76] 25013500 
    ✅ [76] 35014500 
    ✅ [76] 92861361 CLA250
    ✅ [76] 93612617 
    ✅ [76] 92333435 Camry 2
    ✅ [76] 63331186 HIACE 300
    ✅ [76] 59577989 ALPHARD 2
    ✅ [76] 92333435 ALPHARD 2
    ✅ [76] 60818887 
    ✅ [76] 92333435 
    ✅ [76] 92333435 ALPHARD 2
    ✅ [76] 92333435 
    ✅ [76] 59577989 ALPHARD 2
    ✅ [76] 94380418 F PACE 25
    ✅ [76] 94380418 
    ✅ [76] 53835923 A250
    ✅ [76] 68502384 
    ✅ [76] 92861361 
  📄 爬取第 399 頁...
    ✅ [76] 15012000 
    ✅ [76] 20012500 
    ✅ [76] 25013500 
    ✅ [76] 35014500 
    ✅ [76] 92861361 CLA250
    ✅ [76] 93612617 
    ✅ [76] 92333435 Camry 2
    ✅ [76] 63331186 HIACE 300
    ✅ [76] 59577989 ALPHARD 2
    ✅ [76] 92333435 ALPHARD 2
    ✅ [76] 60818887 
    ✅ [76] 92333435 
    ✅ [76] 92333435 ALPHARD 2
    ✅ [76] 92333435 
    ✅ [76] 59577989 ALPHARD 2
    ✅ [76] 94380418 F PACE 25
    ✅ [76] 94380418 
    ✅ [76] 53835923 A250
    ✅ [76] 68502384 
    ✅ [76] 92861361 
  📄 爬取第 400 頁...
    ✅ [76] 15012000 
    ✅ [76] 20012500 
    ✅ [76] 25013500 
    ✅ [76] 35014500 
    ✅ [76] 92861361 CLA250
    ✅ [76] 93612617 
    ✅ [76] 92333435 Camry 2
    ✅ [76] 63331186 HIACE 300
    ✅ [76] 59577989 ALPHARD 2
    ✅ [76] 92333435 ALPHARD 2
    ✅ [76] 60818887 
    ✅ [76] 92333435 
    ✅ [76] 92333435 ALPHARD 2
    ✅ [76] 92333435 
    ✅ [76] 59577989 ALPHARD 2
    ✅ [76] 94380418 F PACE 25
    ✅ [76] 94380418 
    ✅ [76] 53835923 A250
    ✅ [76] 68502384 
    ✅ [76] 92861361 
  📄 爬取第 401 頁...
    ✅ [76] 15012000 
    ✅ [76] 20012500 
    ✅ [76] 25013500 
    ✅ [76] 35014500 
    ✅ [76] 92333435 VELLFIRE3
    ✅ [76] 59577989 ALPHARD 2
    ✅ [77] 90411195 
    ✅ [77] 92333435 MAZDA 5
    ✅ [78] 53983145 
    ✅ [78] 92333435 ESTIMA ACR50
    ✅ [78] 92861361 CLA250
    ✅ [78] 93612617 
    ✅ [78] 92333435 Camry 2
    ✅ [78] 63331186 HIACE 300
    ✅ [78] 59577989 ALPHARD 2
    ✅ [78] 92333435 ALPHARD 2
    ✅ [78] 60818887 
    ✅ [78] 92333435 
    ✅ [78] 92333435 ALPHARD 2
    ✅ [78] 92333435 
    ✅ [78] 59577989 ALPHARD 2
    ✅ [78] 94380418 F PACE 25
    ✅ [78] 94380418 
    ✅ [78] 53835923 A250
  📄 爬取第 402 頁...
    ✅ [78] 15012000 
    ✅ [78] 20012500 
    ✅ [78] 25013500 
    ✅ [78] 35014500 
    ✅ [78] 92333435 VELLFIRE3
    ✅ [78] 59577989 ALPHARD 2
    ✅ [78] 90411195 
    ✅ [78] 92333435 MAZDA 5
    ✅ [78] 53983145 
    ✅ [78] 92333435 ESTIMA ACR50
    ✅ [78] 92861361 CLA250
    ✅ [78] 93612617 
    ✅ [78] 92333435 Camry 2
    ✅ [78] 63331186 HIACE 300
    ✅ [78] 59577989 ALPHARD 2
    ✅ [78] 92333435 ALPHARD 2
    ✅ [78] 60818887 
    ✅ [78] 92333435 
    ✅ [78] 92333435 ALPHARD 2
    ✅ [78] 92333435 
    ✅ [78] 59577989 ALPHARD 2
    ✅ [78] 94380418 F PACE 25
    ✅ [78] 94380418 
    ✅ [78] 53835923 A250
  📄 爬取第 403 頁...
    ✅ [78] 15012000 
    ✅ [78] 20012500 
    ✅ [78] 25013500 
    ✅ [78] 35014500 
    ✅ [78] 92333435 VELLFIRE3
    ✅ [78] 59577989 ALPHARD 2
    ✅ [78] 90411195 
    ✅ [78] 92333435 MAZDA 5
    ✅ [78] 53983145 
    ✅ [78] 92333435 ESTIMA ACR50
    ✅ [78] 92861361 CLA250
    ✅ [78] 93612617 
    ✅ [78] 92333435 Camry 2
    ✅ [78] 63331186 HIACE 300
    ✅ [78] 59577989 ALPHARD 2
    ✅ [78] 92333435 ALPHARD 2
    ✅ [78] 60818887 
    ✅ [78] 92333435 
    ✅ [78] 92333435 ALPHARD 2
    ✅ [78] 92333435 
    ✅ [78] 59577989 ALPHARD 2
    ✅ [78] 94380418 F PACE 25
    ✅ [78] 94380418 
    ✅ [78] 53835923 A250
  📄 爬取第 404 頁...
    ✅ [78] 15012000 
    ✅ [78] 20012500 
    ✅ [78] 25013500 
    ✅ [78] 35014500 
    ✅ [78] 92333435 VELLFIRE3
    ✅ [78] 59577989 ALPHARD 2
    ✅ [78] 90411195 
    ✅ [78] 92333435 MAZDA 5
    ✅ [78] 53983145 
    ✅ [78] 92333435 ESTIMA ACR50
    ✅ [78] 92861361 CLA250
    ✅ [78] 93612617 
    ✅ [78] 92333435 Camry 2
    ✅ [78] 63331186 HIACE 300
    ✅ [78] 59577989 ALPHARD 2
    ✅ [78] 92333435 ALPHARD 2
    ✅ [78] 60818887 
    ✅ [78] 92333435 
    ✅ [78] 92333435 ALPHARD 2
    ✅ [78] 92333435 
    ✅ [78] 59577989 ALPHARD 2
    ✅ [78] 94380418 F PACE 25
    ✅ [78] 94380418 
    ✅ [78] 53835923 A250
  📄 爬取第 405 頁...
    ✅ [78] 15012000 
    ✅ [78] 20012500 
    ✅ [78] 25013500 
    ✅ [78] 35014500 
    ✅ [78] 92333435 VELLFIRE3
    ✅ [78] 59577989 ALPHARD 2
    ✅ [78] 90411195 
    ✅ [78] 92333435 MAZDA 5
    ✅ [78] 53983145 
    ✅ [78] 92333435 ESTIMA ACR50
    ✅ [78] 92861361 CLA250
    ✅ [78] 93612617 
    ✅ [78] 92333435 Camry 2
    ✅ [78] 63331186 HIACE 300
    ✅ [78] 59577989 ALPHARD 2
    ✅ [78] 92333435 ALPHARD 2
    ✅ [78] 60818887 
    ✅ [78] 92333435 
    ✅ [78] 92333435 ALPHARD 2
    ✅ [78] 92333435 
    ✅ [78] 59577989 ALPHARD 2
    ✅ [78] 94380418 F PACE 25
    ✅ [78] 94380418 
    ✅ [78] 53835923 A250
  📄 爬取第 406 頁...
    ✅ [78] 15012000 
    ✅ [78] 20012500 
    ✅ [78] 25013500 
    ✅ [78] 35014500 
    ✅ [78] 92333435 VELLFIRE3
    ✅ [78] 59577989 ALPHARD 2
    ✅ [78] 90411195 
    ✅ [78] 92333435 MAZDA 5
    ✅ [78] 53983145 
    ✅ [78] 92333435 ESTIMA ACR50
    ✅ [78] 92861361 CLA250
    ✅ [78] 93612617 
    ✅ [78] 92333435 Camry 2
    ✅ [78] 63331186 HIACE 300
    ✅ [78] 59577989 ALPHARD 2
    ✅ [78] 92333435 ALPHARD 2
    ✅ [78] 60818887 
    ✅ [78] 92333435 
    ✅ [78] 92333435 ALPHARD 2
    ✅ [78] 92333435 
    ✅ [78] 59577989 ALPHARD 2
    ✅ [78] 94380418 F PACE 25
    ✅ [78] 94380418 
    ✅ [78] 53835923 A250
  📄 爬取第 407 頁...
    ✅ [78] 15012000 
    ✅ [78] 20012500 
    ✅ [78] 25013500 
    ✅ [78] 35014500 
    ✅ [78] 92333435 VELLFIRE3
    ✅ [78] 59577989 ALPHARD 2
    ✅ [78] 90411195 
    ✅ [78] 92333435 MAZDA 5
    ✅ [78] 53983145 
    ✅ [78] 92333435 ESTIMA ACR50
    ✅ [78] 92861361 CLA250
    ✅ [78] 93612617 
    ✅ [78] 92333435 Camry 2
    ✅ [78] 63331186 HIACE 300
    ✅ [78] 59577989 ALPHARD 2
    ✅ [78] 92333435 ALPHARD 2
    ✅ [78] 60818887 
    ✅ [78] 92333435 
    ✅ [78] 92333435 ALPHARD 2
    ✅ [78] 92333435 
    ✅ [78] 59577989 ALPHARD 2
    ✅ [78] 94380418 F PACE 25
    ✅ [78] 94380418 
    ✅ [78] 53835923 A250
  📄 爬取第 408 頁...
    ✅ [78] 15012000 
    ✅ [78] 20012500 
    ✅ [78] 25013500 
    ✅ [78] 35014500 
    ✅ [78] 92333435 VELLFIRE3
    ✅ [78] 59577989 ALPHARD 2
    ✅ [78] 90411195 
    ✅ [78] 92333435 MAZDA 5
    ✅ [78] 53983145 
    ✅ [78] 92333435 ESTIMA ACR50
    ✅ [78] 92861361 CLA250
    ✅ [78] 93612617 
    ✅ [78] 92333435 Camry 2
    ✅ [78] 63331186 HIACE 300
    ✅ [78] 59577989 ALPHARD 2
    ✅ [78] 92333435 ALPHARD 2
    ✅ [78] 60818887 
    ✅ [78] 92333435 
    ✅ [78] 92333435 ALPHARD 2
    ✅ [78] 92333435 
    ✅ [78] 59577989 ALPHARD 2
    ✅ [78] 94380418 F PACE 25
    ✅ [78] 94380418 
    ✅ [78] 53835923 A250
  📄 爬取第 409 頁...
    ✅ [78] 15012000 
    ✅ [78] 20012500 
    ✅ [78] 25013500 
    ✅ [78] 35014500 
    ✅ [78] 92333435 VELLFIRE3
    ✅ [78] 59577989 ALPHARD 2
    ✅ [78] 90411195 
    ✅ [78] 92333435 MAZDA 5
    ✅ [78] 53983145 
    ✅ [78] 92333435 ESTIMA ACR50
    ✅ [78] 92861361 CLA250
    ✅ [78] 93612617 
    ✅ [78] 92333435 Camry 2
    ✅ [78] 63331186 HIACE 300
    ✅ [78] 59577989 ALPHARD 2
    ✅ [78] 92333435 ALPHARD 2
    ✅ [78] 60818887 
    ✅ [78] 92333435 
    ✅ [78] 92333435 ALPHARD 2
    ✅ [78] 92333435 
    ✅ [78] 59577989 ALPHARD 2
    ✅ [78] 94380418 F PACE 25
    ✅ [78] 94380418 
    ✅ [78] 53835923 A250
  📄 爬取第 410 頁...
    ✅ [78] 15012000 
    ✅ [78] 20012500 
    ✅ [78] 25013500 
    ✅ [78] 35014500 
    ✅ [78] 92333435 VELLFIRE3
    ✅ [78] 59577989 ALPHARD 2
    ✅ [78] 90411195 
    ✅ [78] 92333435 MAZDA 5
    ✅ [78] 53983145 
    ✅ [78] 92333435 ESTIMA ACR50
    ✅ [78] 92861361 CLA250
    ✅ [78] 93612617 
    ✅ [78] 92333435 Camry 2
    ✅ [78] 63331186 HIACE 300
    ✅ [78] 59577989 ALPHARD 2
    ✅ [78] 92333435 ALPHARD 2
    ✅ [78] 60818887 
    ✅ [78] 92333435 
    ✅ [78] 92333435 ALPHARD 2
    ✅ [78] 92333435 
    ✅ [78] 59577989 ALPHARD 2
    ✅ [78] 94380418 F PACE 25
    ✅ [78] 94380418 
    ✅ [78] 53835923 A250
  📄 爬取第 411 頁...
    ✅ [78] 15012000 
    ✅ [78] 20012500 
    ✅ [78] 25013500 
    ✅ [78] 35014500 
    ✅ [78] 92333435 VELLFIRE3
    ✅ [78] 59577989 ALPHARD 2
    ✅ [78] 90411195 
    ✅ [78] 92333435 MAZDA 5
    ✅ [78] 53983145 
    ✅ [78] 92333435 ESTIMA ACR50
    ✅ [78] 92861361 CLA250
    ✅ [78] 93612617 
    ✅ [78] 92333435 Camry 2
    ✅ [78] 63331186 HIACE 300
    ✅ [78] 59577989 ALPHARD 2
    ✅ [78] 92333435 ALPHARD 2
    ✅ [78] 60818887 
    ✅ [78] 92333435 
    ✅ [78] 92333435 ALPHARD 2
    ✅ [78] 92333435 
    ✅ [78] 59577989 ALPHARD 2
    ✅ [78] 94380418 F PACE 25
    ✅ [78] 94380418 
    ✅ [78] 53835923 A250
  📄 爬取第 412 頁...
    ✅ [78] 15012000 
    ✅ [78] 20012500 
    ✅ [78] 25013500 
    ✅ [78] 35014500 
    ✅ [78] 92333435 VELLFIRE3
    ✅ [78] 59577989 ALPHARD 2
    ✅ [78] 90411195 
    ✅ [78] 92333435 MAZDA 5
    ✅ [78] 53983145 
    ✅ [78] 92333435 ESTIMA ACR50
    ✅ [78] 92861361 CLA250
    ✅ [78] 93612617 
    ✅ [78] 92333435 Camry 2
    ✅ [78] 63331186 HIACE 300
    ✅ [78] 59577989 ALPHARD 2
    ✅ [78] 92333435 ALPHARD 2
    ✅ [78] 60818887 
    ✅ [78] 92333435 
    ✅ [78] 92333435 ALPHARD 2
    ✅ [78] 92333435 
    ✅ [78] 59577989 ALPHARD 2
    ✅ [78] 94380418 F PACE 25
    ✅ [78] 94380418 
    ✅ [78] 53835923 A250
  📄 爬取第 413 頁...
    ✅ [78] 15012000 
    ✅ [78] 20012500 
    ✅ [78] 25013500 
    ✅ [78] 35014500 
    ✅ [78] 92333435 
    ✅ [78] 91608108 
    ✅ [79] 61123032 
    ✅ [79] 91608108 STEPWGN HYBRID RP5
    ✅ [80] 93278121 
    ✅ [80] 93278121 Civic TYPE R FL5
    ✅ [81] 59898999 
    ✅ [81] 93278121 CENTURY HYBRID 5
    ✅ [81] 93278121 ALPHARD 2
    ✅ [81] 93278121 ALPHARD 2
    ✅ [81] 92333435 VELLFIRE3
    ✅ [81] 59577989 ALPHARD 2
    ✅ [81] 90411195 
    ✅ [81] 92333435 MAZDA 5
    ✅ [81] 53983145 
    ✅ [81] 92333435 ESTIMA ACR50
    ✅ [81] 92861361 CLA250
    ✅ [81] 93612617 
  📄 爬取第 414 頁...
    ✅ [81] 15012000 
    ✅ [81] 20012500 
    ✅ [81] 25013500 
    ✅ [81] 35014500 
    ✅ [81] 92333435 
    ✅ [81] 91608108 
    ✅ [81] 61123032 
    ✅ [81] 91608108 STEPWGN HYBRID RP5
    ✅ [81] 93278121 
    ✅ [81] 93278121 Civic TYPE R FL5
    ✅ [81] 59898999 
    ✅ [81] 93278121 CENTURY HYBRID 5
    ✅ [81] 93278121 ALPHARD 2
    ✅ [81] 93278121 ALPHARD 2
    ✅ [81] 92333435 VELLFIRE3
    ✅ [81] 59577989 ALPHARD 2
    ✅ [81] 90411195 
    ✅ [81] 92333435 MAZDA 5
    ✅ [81] 53983145 
    ✅ [81] 92333435 ESTIMA ACR50
    ✅ [81] 92861361 CLA250
    ✅ [81] 93612617 
  📄 爬取第 415 頁...
    ✅ [81] 15012000 
    ✅ [81] 20012500 
    ✅ [81] 25013500 
    ✅ [81] 35014500 
    ✅ [81] 92333435 
    ✅ [81] 91608108 
    ✅ [81] 61123032 
    ✅ [81] 91608108 STEPWGN HYBRID RP5
    ✅ [81] 93278121 
    ✅ [81] 93278121 Civic TYPE R FL5
    ✅ [81] 59898999 
    ✅ [81] 93278121 CENTURY HYBRID 5
    ✅ [81] 93278121 ALPHARD 2
    ✅ [81] 93278121 ALPHARD 2
    ✅ [81] 92333435 VELLFIRE3
    ✅ [81] 59577989 ALPHARD 2
    ✅ [81] 90411195 
    ✅ [81] 92333435 MAZDA 5
    ✅ [81] 53983145 
    ✅ [81] 92333435 ESTIMA ACR50
    ✅ [81] 92861361 CLA250
    ✅ [81] 93612617 
  📄 爬取第 416 頁...
    ✅ [81] 15012000 
    ✅ [81] 20012500 
    ✅ [81] 25013500 
    ✅ [81] 35014500 
    ✅ [81] 92333435 
    ✅ [81] 91608108 
    ✅ [81] 61123032 
    ✅ [81] 91608108 STEPWGN HYBRID RP5
    ✅ [81] 93278121 
    ✅ [81] 93278121 Civic TYPE R FL5
    ✅ [81] 59898999 
    ✅ [81] 93278121 CENTURY HYBRID 5
    ✅ [81] 93278121 ALPHARD 2
    ✅ [81] 93278121 ALPHARD 2
    ✅ [81] 92333435 VELLFIRE3
    ✅ [81] 59577989 ALPHARD 2
    ✅ [81] 90411195 
    ✅ [81] 92333435 MAZDA 5
    ✅ [81] 53983145 
    ✅ [81] 92333435 ESTIMA ACR50
    ✅ [81] 92861361 CLA250
    ✅ [81] 93612617 
  📄 爬取第 417 頁...
    ✅ [81] 15012000 
    ✅ [81] 20012500 
    ✅ [81] 25013500 
    ✅ [81] 35014500 
    ✅ [81] 92333435 
    ✅ [81] 91608108 
    ✅ [81] 61123032 
    ✅ [81] 91608108 STEPWGN HYBRID RP5
    ✅ [81] 93278121 
    ✅ [81] 93278121 Civic TYPE R FL5
    ✅ [81] 59898999 
    ✅ [81] 93278121 CENTURY HYBRID 5
    ✅ [81] 93278121 ALPHARD 2
    ✅ [81] 93278121 ALPHARD 2
    ✅ [81] 92333435 VELLFIRE3
    ✅ [81] 59577989 ALPHARD 2
    ✅ [81] 90411195 
    ✅ [81] 92333435 MAZDA 5
    ✅ [81] 53983145 
    ✅ [81] 92333435 ESTIMA ACR50
    ✅ [81] 92861361 CLA250
    ✅ [81] 93612617 
  📄 爬取第 418 頁...
    ✅ [81] 15012000 
    ✅ [81] 20012500 
    ✅ [81] 25013500 
    ✅ [81] 35014500 
    ✅ [81] 92333435 
    ✅ [81] 91608108 
    ✅ [81] 61123032 
    ✅ [81] 91608108 STEPWGN HYBRID RP5
    ✅ [81] 93278121 
    ✅ [81] 93278121 Civic TYPE R FL5
    ✅ [81] 59898999 
    ✅ [81] 93278121 CENTURY HYBRID 5
    ✅ [81] 93278121 ALPHARD 2
    ✅ [81] 93278121 ALPHARD 2
    ✅ [81] 92333435 VELLFIRE3
    ✅ [81] 59577989 ALPHARD 2
    ✅ [81] 90411195 
    ✅ [81] 92333435 MAZDA 5
    ✅ [81] 53983145 
    ✅ [81] 92333435 ESTIMA ACR50
    ✅ [81] 92861361 CLA250
    ✅ [81] 93612617 
  📄 爬取第 419 頁...
    ✅ [81] 15012000 
    ✅ [81] 20012500 
    ✅ [81] 25013500 
    ✅ [81] 35014500 
    ✅ [81] 92333435 
    ✅ [81] 91608108 
    ✅ [81] 61123032 
    ✅ [81] 91608108 STEPWGN HYBRID RP5
    ✅ [81] 93278121 
    ✅ [81] 93278121 Civic TYPE R FL5
    ✅ [81] 59898999 
    ✅ [81] 93278121 CENTURY HYBRID 5
    ✅ [81] 93278121 ALPHARD 2
    ✅ [81] 93278121 ALPHARD 2
    ✅ [81] 92333435 VELLFIRE3
    ✅ [81] 59577989 ALPHARD 2
    ✅ [81] 90411195 
    ✅ [81] 92333435 MAZDA 5
    ✅ [81] 53983145 
    ✅ [81] 92333435 ESTIMA ACR50
    ✅ [81] 92861361 CLA250
    ✅ [81] 93612617 
  📄 爬取第 420 頁...
    ✅ [81] 15012000 
    ✅ [81] 20012500 
    ✅ [81] 25013500 
    ✅ [81] 35014500 
    ✅ [81] 92333435 
    ✅ [81] 91608108 
    ✅ [81] 61123032 
    ✅ [81] 91608108 STEPWGN HYBRID RP5
    ✅ [81] 93278121 
    ✅ [81] 93278121 Civic TYPE R FL5
    ✅ [81] 59898999 
    ✅ [81] 93278121 CENTURY HYBRID 5
    ✅ [81] 93278121 ALPHARD 2
    ✅ [81] 93278121 ALPHARD 2
    ✅ [81] 92333435 VELLFIRE3
    ✅ [81] 59577989 ALPHARD 2
    ✅ [81] 90411195 
    ✅ [81] 92333435 MAZDA 5
    ✅ [81] 53983145 
    ✅ [81] 92333435 ESTIMA ACR50
    ✅ [81] 92861361 CLA250
    ✅ [81] 93612617 
  📄 爬取第 421 頁...
    ✅ [81] 15012000 
    ✅ [81] 20012500 
    ✅ [81] 25013500 
    ✅ [81] 35014500 
    ✅ [81] 92333435 
    ✅ [81] 91608108 
    ✅ [81] 61123032 
    ✅ [81] 91608108 STEPWGN HYBRID RP5
    ✅ [81] 93278121 
    ✅ [81] 93278121 Civic TYPE R FL5
    ✅ [81] 59898999 
    ✅ [81] 93278121 CENTURY HYBRID 5
    ✅ [81] 93278121 ALPHARD 2
    ✅ [81] 93278121 ALPHARD 2
    ✅ [81] 92333435 VELLFIRE3
    ✅ [81] 59577989 ALPHARD 2
    ✅ [81] 90411195 
    ✅ [81] 92333435 MAZDA 5
    ✅ [81] 53983145 
    ✅ [81] 92333435 ESTIMA ACR50
    ✅ [81] 92861361 CLA250
    ✅ [81] 93612617 
  📄 爬取第 422 頁...
    ✅ [81] 15012000 
    ✅ [81] 20012500 
    ✅ [81] 25013500 
    ✅ [81] 35014500 
    ✅ [81] 53983145 
    ✅ [81] 92333435 
    ✅ [81] 91608108 
    ✅ [81] 61123032 
    ✅ [81] 91608108 STEPWGN HYBRID RP5
    ✅ [81] 93278121 
    ✅ [81] 93278121 Civic TYPE R FL5
    ✅ [81] 59898999 
    ✅ [81] 93278121 CENTURY HYBRID 5
    ✅ [81] 93278121 ALPHARD 2
    ✅ [81] 93278121 ALPHARD 2
    ✅ [81] 92333435 VELLFIRE3
    ✅ [81] 59577989 ALPHARD 2
    ✅ [81] 90411195 
    ✅ [81] 92333435 MAZDA 5
    ✅ [81] 92333435 ESTIMA ACR50
    ✅ [81] 92861361 CLA250
    ✅ [81] 93612617 
  📄 爬取第 423 頁...
    ✅ [81] 15012000 
    ✅ [81] 20012500 
    ✅ [81] 25013500 
    ✅ [81] 35014500 
    ✅ [81] 53983145 
    ✅ [81] 92333435 
    ✅ [81] 91608108 
    ✅ [81] 61123032 
    ✅ [81] 91608108 STEPWGN HYBRID RP5
    ✅ [81] 93278121 
    ✅ [81] 93278121 Civic TYPE R FL5
    ✅ [81] 59898999 
    ✅ [81] 93278121 CENTURY HYBRID 5
    ✅ [81] 93278121 ALPHARD 2
    ✅ [81] 93278121 ALPHARD 2
    ✅ [81] 92333435 VELLFIRE3
    ✅ [81] 59577989 ALPHARD 2
    ✅ [81] 90411195 
    ✅ [81] 92333435 MAZDA 5
    ✅ [81] 92333435 ESTIMA ACR50
    ✅ [81] 92861361 CLA250
    ✅ [81] 93612617 
  📄 爬取第 424 頁...
    ✅ [81] 15012000 
    ✅ [81] 20012500 
    ✅ [81] 25013500 
    ✅ [81] 35014500 
    ✅ [81] 53983145 
    ✅ [82] 95311937 MODEL X 75
    ✅ [82] 93808216 
    ✅ [82] 93808216 
    ✅ [83] 56047643 VELLFIRE 2
    ✅ [83] 92333435 K2500
    ✅ [83] 90912167 
    ✅ [83] 59577989 ALPHARD 2
    ✅ [83] 92333435 
    ✅ [83] 61123032 VELLFIRE 2
    ✅ [83] 91608108 
    ✅ [83] 92333435 
    ✅ [83] 91608108 
    ✅ [83] 61123032 
    ✅ [83] 91608108 STEPWGN HYBRID RP5
    ✅ [83] 93278121 
    ✅ [83] 93278121 Civic TYPE R FL5
    ✅ [83] 59898999 
    ✅ [83] 93278121 CENTURY HYBRID 5
  📄 爬取第 425 頁...
    ✅ [83] 15012000 
    ✅ [83] 20012500 
    ✅ [83] 25013500 
    ✅ [83] 35014500 
    ✅ [83] 53983145 
    ✅ [83] 95311937 MODEL X 75
    ✅ [83] 93808216 
    ✅ [83] 93808216 
    ✅ [83] 56047643 VELLFIRE 2
    ✅ [83] 92333435 K2500
    ✅ [83] 90912167 
    ✅ [83] 59577989 ALPHARD 2
    ✅ [83] 92333435 
    ✅ [83] 61123032 VELLFIRE 2
    ✅ [83] 91608108 
    ✅ [83] 92333435 
    ✅ [83] 91608108 
    ✅ [83] 61123032 
    ✅ [83] 91608108 STEPWGN HYBRID RP5
    ✅ [83] 93278121 
    ✅ [83] 93278121 Civic TYPE R FL5
    ✅ [83] 59898999 
    ✅ [83] 93278121 CENTURY HYBRID 5
  📄 爬取第 426 頁...
    ✅ [83] 15012000 
    ✅ [83] 20012500 
    ✅ [83] 25013500 
    ✅ [83] 35014500 
    ✅ [83] 53983145 
    ✅ [83] 95311937 MODEL X 75
    ✅ [83] 93808216 
    ✅ [83] 93808216 
    ✅ [83] 56047643 VELLFIRE 2
    ✅ [83] 92333435 K2500
    ✅ [83] 90912167 
    ✅ [83] 59577989 ALPHARD 2
    ✅ [83] 92333435 
    ✅ [83] 61123032 VELLFIRE 2
    ✅ [83] 91608108 
    ✅ [83] 92333435 
    ✅ [83] 91608108 
    ✅ [83] 61123032 
    ✅ [83] 91608108 STEPWGN HYBRID RP5
    ✅ [83] 93278121 
    ✅ [83] 93278121 Civic TYPE R FL5
    ✅ [83] 59898999 
    ✅ [83] 93278121 CENTURY HYBRID 5
  📄 爬取第 427 頁...
    ✅ [83] 15012000 
    ✅ [83] 20012500 
    ✅ [83] 25013500 
    ✅ [83] 35014500 
    ✅ [83] 53983145 
    ✅ [83] 95311937 MODEL X 75
    ✅ [83] 93808216 
    ✅ [83] 93808216 
    ✅ [83] 56047643 VELLFIRE 2
    ✅ [83] 92333435 K2500
    ✅ [83] 90912167 
    ✅ [83] 59577989 ALPHARD 2
    ✅ [83] 92333435 
    ✅ [83] 61123032 VELLFIRE 2
    ✅ [83] 91608108 
    ✅ [83] 92333435 
    ✅ [83] 91608108 
    ✅ [83] 61123032 
    ✅ [83] 91608108 STEPWGN HYBRID RP5
    ✅ [83] 93278121 
    ✅ [83] 93278121 Civic TYPE R FL5
    ✅ [83] 59898999 
    ✅ [83] 93278121 CENTURY HYBRID 5
  📄 爬取第 428 頁...
    ✅ [83] 15012000 
    ✅ [83] 20012500 
    ✅ [83] 25013500 
    ✅ [83] 35014500 
    ✅ [83] 53983145 
    ✅ [83] 95311937 MODEL X 75
    ✅ [83] 93808216 
    ✅ [83] 93808216 
    ✅ [83] 56047643 VELLFIRE 2
    ✅ [83] 92333435 K2500
    ✅ [83] 90912167 
    ✅ [83] 59577989 ALPHARD 2
    ✅ [83] 92333435 
    ✅ [83] 61123032 VELLFIRE 2
    ✅ [83] 91608108 
    ✅ [83] 92333435 
    ✅ [83] 91608108 
    ✅ [83] 61123032 
    ✅ [83] 91608108 STEPWGN HYBRID RP5
    ✅ [83] 93278121 
    ✅ [83] 93278121 Civic TYPE R FL5
    ✅ [83] 59898999 
    ✅ [83] 93278121 CENTURY HYBRID 5
  📄 爬取第 429 頁...
    ✅ [83] 15012000 
    ✅ [83] 20012500 
    ✅ [83] 25013500 
    ✅ [83] 35014500 
    ✅ [83] 53983145 
    ✅ [83] 95311937 MODEL X 75
    ✅ [83] 93808216 
    ✅ [83] 93808216 
    ✅ [83] 56047643 VELLFIRE 2
    ✅ [83] 92333435 K2500
    ✅ [83] 90912167 
    ✅ [83] 59577989 ALPHARD 2
    ✅ [83] 92333435 
    ✅ [83] 61123032 VELLFIRE 2
    ✅ [83] 91608108 
    ✅ [83] 92333435 
    ✅ [83] 91608108 
    ✅ [83] 61123032 
    ✅ [83] 91608108 STEPWGN HYBRID RP5
    ✅ [83] 93278121 
    ✅ [83] 93278121 Civic TYPE R FL5
    ✅ [83] 59898999 
    ✅ [83] 93278121 CENTURY HYBRID 5
  📄 爬取第 430 頁...
    ✅ [83] 15012000 
    ✅ [83] 20012500 
    ✅ [83] 25013500 
    ✅ [83] 35014500 
    ✅ [83] 53983145 
    ✅ [83] 95311937 MODEL X 75
    ✅ [83] 93808216 
    ✅ [83] 93808216 
    ✅ [83] 56047643 VELLFIRE 2
    ✅ [83] 92333435 K2500
    ✅ [83] 90912167 
    ✅ [83] 59577989 ALPHARD 2
    ✅ [83] 92333435 
    ✅ [83] 61123032 VELLFIRE 2
    ✅ [83] 91608108 
    ✅ [83] 92333435 
    ✅ [83] 91608108 
    ✅ [83] 61123032 
    ✅ [83] 91608108 STEPWGN HYBRID RP5
    ✅ [83] 93278121 
    ✅ [83] 93278121 Civic TYPE R FL5
    ✅ [83] 59898999 
    ✅ [83] 93278121 CENTURY HYBRID 5
  📄 爬取第 431 頁...
    ✅ [83] 15012000 
    ✅ [83] 20012500 
    ✅ [83] 25013500 
    ✅ [83] 35014500 
    ✅ [83] 53983145 
    ✅ [83] 95311937 MODEL X 75
    ✅ [83] 93808216 
    ✅ [83] 93808216 
    ✅ [83] 56047643 VELLFIRE 2
    ✅ [83] 92333435 K2500
    ✅ [83] 90912167 
    ✅ [83] 59577989 ALPHARD 2
    ✅ [83] 92333435 
    ✅ [83] 61123032 VELLFIRE 2
    ✅ [83] 91608108 
    ✅ [83] 92333435 
    ✅ [83] 91608108 
    ✅ [83] 61123032 
    ✅ [83] 91608108 STEPWGN HYBRID RP5
    ✅ [83] 93278121 
    ✅ [83] 93278121 Civic TYPE R FL5
    ✅ [83] 59898999 
    ✅ [83] 93278121 CENTURY HYBRID 5
  📄 爬取第 432 頁...
    ✅ [83] 15012000 
    ✅ [83] 20012500 
    ✅ [83] 25013500 
    ✅ [83] 35014500 
    ✅ [83] 53983145 
    ✅ [83] 95311937 MODEL X 75
    ✅ [83] 93808216 
    ✅ [83] 93808216 
    ✅ [83] 56047643 VELLFIRE 2
    ✅ [83] 92333435 K2500
    ✅ [83] 90912167 
    ✅ [83] 59577989 ALPHARD 2
    ✅ [83] 92333435 
    ✅ [83] 61123032 VELLFIRE 2
    ✅ [83] 91608108 
    ✅ [83] 92333435 
    ✅ [83] 91608108 
    ✅ [83] 61123032 
    ✅ [83] 91608108 STEPWGN HYBRID RP5
    ✅ [83] 93278121 
    ✅ [83] 93278121 Civic TYPE R FL5
    ✅ [83] 59898999 
    ✅ [83] 93278121 CENTURY HYBRID 5
  📄 爬取第 433 頁...
    ✅ [83] 15012000 
    ✅ [83] 20012500 
    ✅ [83] 25013500 
    ✅ [83] 35014500 
    ✅ [83] 53983145 
    ✅ [83] 95311937 MODEL X 75
    ✅ [83] 93808216 
    ✅ [83] 93808216 
    ✅ [83] 56047643 VELLFIRE 2
    ✅ [83] 92333435 K2500
    ✅ [83] 90912167 
    ✅ [83] 59577989 ALPHARD 2
    ✅ [83] 92333435 
    ✅ [83] 61123032 VELLFIRE 2
    ✅ [83] 91608108 
    ✅ [83] 92333435 
    ✅ [83] 91608108 
    ✅ [83] 61123032 
    ✅ [83] 91608108 STEPWGN HYBRID RP5
    ✅ [83] 93278121 
    ✅ [83] 93278121 Civic TYPE R FL5
    ✅ [83] 59898999 
    ✅ [83] 93278121 CENTURY HYBRID 5
  📄 爬取第 434 頁...
    ✅ [83] 15012000 
    ✅ [83] 20012500 
    ✅ [83] 25013500 
    ✅ [83] 35014500 
    ✅ [83] 53983145 
    ✅ [83] 95311937 MODEL X 75
    ✅ [83] 93808216 
    ✅ [83] 93808216 
    ✅ [83] 56047643 VELLFIRE 2
    ✅ [83] 92333435 K2500
    ✅ [83] 90912167 
    ✅ [83] 59577989 ALPHARD 2
    ✅ [83] 92333435 
    ✅ [83] 61123032 VELLFIRE 2
    ✅ [83] 91608108 
    ✅ [83] 92333435 
    ✅ [83] 91608108 
    ✅ [83] 61123032 
    ✅ [83] 91608108 STEPWGN HYBRID RP5
    ✅ [83] 93278121 
    ✅ [83] 93278121 Civic TYPE R FL5
    ✅ [83] 59898999 
    ✅ [83] 93278121 CENTURY HYBRID 5
  📄 爬取第 435 頁...
    ✅ [83] 15012000 
    ✅ [83] 20012500 
    ✅ [83] 25013500 
    ✅ [83] 35014500 
    ✅ [83] 53983145 
    ✅ [83] 95311937 MODEL X 75
    ✅ [83] 93808216 
    ✅ [83] 93808216 
    ✅ [83] 56047643 VELLFIRE 2
    ✅ [83] 92333435 K2500
    ✅ [83] 90912167 
    ✅ [83] 59577989 ALPHARD 2
    ✅ [83] 92333435 
    ✅ [83] 61123032 VELLFIRE 2
    ✅ [83] 91608108 
    ✅ [83] 92333435 
    ✅ [83] 91608108 
    ✅ [83] 61123032 
    ✅ [83] 91608108 STEPWGN HYBRID RP5
    ✅ [83] 93278121 
    ✅ [83] 93278121 Civic TYPE R FL5
    ✅ [83] 59898999 
    ✅ [83] 93278121 CENTURY HYBRID 5
  📄 爬取第 436 頁...
    ✅ [83] 15012000 
    ✅ [83] 20012500 
    ✅ [83] 25013500 
    ✅ [83] 35014500 
    ✅ [84] 96111160 
    ✅ [85] 98818423 
    ✅ [85] 93808216 
    ✅ [86] 60774534 
    ✅ [86] 53983145 
    ✅ [86] 95311937 MODEL X 75
    ✅ [86] 93808216 
    ✅ [86] 93808216 
    ✅ [86] 56047643 VELLFIRE 2
    ✅ [86] 92333435 K2500
    ✅ [86] 90912167 
    ✅ [86] 59577989 ALPHARD 2
    ✅ [86] 92333435 
    ✅ [86] 61123032 VELLFIRE 2
    ✅ [86] 91608108 
    ✅ [86] 92333435 
    ✅ [86] 91608108 
    ✅ [86] 61123032 
    ✅ [86] 91608108 STEPWGN HYBRID RP5
  📄 爬取第 437 頁...
    ✅ [86] 15012000 
    ✅ [86] 20012500 
    ✅ [86] 25013500 
    ✅ [86] 35014500 
    ✅ [86] 96111160 
    ✅ [86] 98818423 
    ✅ [86] 93808216 
    ✅ [86] 60774534 
    ✅ [86] 53983145 
    ✅ [86] 95311937 MODEL X 75
    ✅ [86] 93808216 
    ✅ [86] 93808216 
    ✅ [86] 56047643 VELLFIRE 2
    ✅ [86] 92333435 K2500
    ✅ [86] 90912167 
    ✅ [86] 59577989 ALPHARD 2
    ✅ [86] 92333435 
    ✅ [86] 61123032 VELLFIRE 2
    ✅ [86] 91608108 
    ✅ [86] 92333435 
    ✅ [86] 91608108 
    ✅ [86] 61123032 
    ✅ [86] 91608108 STEPWGN HYBRID RP5
  📄 爬取第 438 頁...
    ✅ [86] 15012000 
    ✅ [86] 20012500 
    ✅ [86] 25013500 
    ✅ [86] 35014500 
    ✅ [86] 96111160 
    ✅ [86] 98818423 
    ✅ [86] 93808216 
    ✅ [86] 60774534 
    ✅ [86] 53983145 
    ✅ [86] 95311937 MODEL X 75
    ✅ [86] 93808216 
    ✅ [86] 93808216 
    ✅ [86] 56047643 VELLFIRE 2
    ✅ [86] 92333435 K2500
    ✅ [86] 90912167 
    ✅ [86] 59577989 ALPHARD 2
    ✅ [86] 92333435 
    ✅ [86] 61123032 VELLFIRE 2
    ✅ [86] 91608108 
    ✅ [86] 92333435 
    ✅ [86] 91608108 
    ✅ [86] 61123032 
    ✅ [86] 91608108 STEPWGN HYBRID RP5
  📄 爬取第 439 頁...
    ✅ [86] 15012000 
    ✅ [86] 20012500 
    ✅ [86] 25013500 
    ✅ [86] 35014500 
    ✅ [86] 96111160 
    ✅ [86] 98818423 
    ✅ [86] 93808216 
    ✅ [86] 60774534 
    ✅ [86] 53983145 
    ✅ [86] 95311937 MODEL X 75
    ✅ [86] 93808216 
    ✅ [86] 93808216 
    ✅ [86] 56047643 VELLFIRE 2
    ✅ [86] 92333435 K2500
    ✅ [86] 90912167 
    ✅ [86] 59577989 ALPHARD 2
    ✅ [86] 92333435 
    ✅ [86] 61123032 VELLFIRE 2
    ✅ [86] 91608108 
    ✅ [86] 92333435 
    ✅ [86] 91608108 
    ✅ [86] 61123032 
    ✅ [86] 91608108 STEPWGN HYBRID RP5
  📄 爬取第 440 頁...
    ✅ [86] 15012000 
    ✅ [86] 20012500 
    ✅ [86] 25013500 
    ✅ [86] 35014500 
    ✅ [86] 96111160 
    ✅ [86] 98818423 
    ✅ [86] 93808216 
    ✅ [86] 60774534 
    ✅ [86] 53983145 
    ✅ [86] 95311937 MODEL X 75
    ✅ [86] 93808216 
    ✅ [86] 93808216 
    ✅ [86] 56047643 VELLFIRE 2
    ✅ [86] 92333435 K2500
    ✅ [86] 90912167 
    ✅ [86] 59577989 ALPHARD 2
    ✅ [86] 92333435 
    ✅ [86] 61123032 VELLFIRE 2
    ✅ [86] 91608108 
    ✅ [86] 92333435 
    ✅ [86] 91608108 
    ✅ [86] 61123032 
    ✅ [86] 91608108 STEPWGN HYBRID RP5
  📄 爬取第 441 頁...
    ✅ [86] 15012000 
    ✅ [86] 20012500 
    ✅ [86] 25013500 
    ✅ [86] 35014500 
    ✅ [86] 96111160 
    ✅ [86] 98818423 
    ✅ [86] 93808216 
    ✅ [86] 60774534 
    ✅ [86] 53983145 
    ✅ [86] 95311937 MODEL X 75
    ✅ [86] 93808216 
    ✅ [86] 93808216 
    ✅ [86] 56047643 VELLFIRE 2
    ✅ [86] 92333435 K2500
    ✅ [86] 90912167 
    ✅ [86] 59577989 ALPHARD 2
    ✅ [86] 92333435 
    ✅ [86] 61123032 VELLFIRE 2
    ✅ [86] 91608108 
    ✅ [86] 92333435 
    ✅ [86] 91608108 
    ✅ [86] 61123032 
    ✅ [86] 91608108 STEPWGN HYBRID RP5
  📄 爬取第 442 頁...
    ✅ [86] 15012000 
    ✅ [86] 20012500 
    ✅ [86] 25013500 
    ✅ [86] 35014500 
    ✅ [86] 96111160 
    ✅ [86] 98818423 
    ✅ [86] 93808216 
    ✅ [86] 60774534 
    ✅ [86] 53983145 
    ✅ [86] 95311937 MODEL X 75
    ✅ [86] 93808216 
    ✅ [86] 93808216 
    ✅ [86] 56047643 VELLFIRE 2
    ✅ [86] 92333435 K2500
    ✅ [86] 90912167 
    ✅ [86] 59577989 ALPHARD 2
    ✅ [86] 92333435 
    ✅ [86] 61123032 VELLFIRE 2
    ✅ [86] 91608108 
    ✅ [86] 92333435 
    ✅ [86] 91608108 
    ✅ [86] 61123032 
    ✅ [86] 91608108 STEPWGN HYBRID RP5
  📄 爬取第 443 頁...
    ✅ [86] 15012000 
    ✅ [86] 20012500 
    ✅ [86] 25013500 
    ✅ [86] 35014500 
    ✅ [86] 96111160 
    ✅ [86] 98818423 
    ✅ [86] 93808216 
    ✅ [86] 60774534 
    ✅ [86] 53983145 
    ✅ [86] 95311937 MODEL X 75
    ✅ [86] 93808216 
    ✅ [86] 93808216 
    ✅ [86] 56047643 VELLFIRE 2
    ✅ [86] 92333435 K2500
    ✅ [86] 90912167 
    ✅ [86] 59577989 ALPHARD 2
    ✅ [86] 92333435 
    ✅ [86] 61123032 VELLFIRE 2
    ✅ [86] 91608108 
    ✅ [86] 92333435 
    ✅ [86] 91608108 
    ✅ [86] 61123032 
    ✅ [86] 91608108 STEPWGN HYBRID RP5
  📄 爬取第 444 頁...
    ✅ [86] 15012000 
    ✅ [86] 20012500 
    ✅ [86] 25013500 
    ✅ [86] 35014500 
    ✅ [86] 96111160 
    ✅ [86] 98818423 
    ✅ [86] 93808216 
    ✅ [86] 60774534 
    ✅ [86] 53983145 
    ✅ [86] 95311937 MODEL X 75
    ✅ [86] 93808216 
    ✅ [86] 93808216 
    ✅ [86] 56047643 VELLFIRE 2
    ✅ [86] 92333435 K2500
    ✅ [86] 90912167 
    ✅ [86] 59577989 ALPHARD 2
    ✅ [86] 92333435 
    ✅ [86] 61123032 VELLFIRE 2
    ✅ [86] 91608108 
    ✅ [86] 92333435 
    ✅ [86] 91608108 
    ✅ [86] 61123032 
    ✅ [86] 91608108 STEPWGN HYBRID RP5
  📄 爬取第 445 頁...
    ✅ [86] 15012000 
    ✅ [86] 20012500 
    ✅ [86] 25013500 
    ✅ [86] 35014500 
    ✅ [86] 96111160 
    ✅ [86] 98818423 
    ✅ [86] 93808216 
    ✅ [86] 60774534 
    ✅ [86] 53983145 
    ✅ [86] 95311937 MODEL X 75
    ✅ [86] 93808216 
    ✅ [86] 93808216 
    ✅ [86] 56047643 VELLFIRE 2
    ✅ [86] 92333435 K2500
    ✅ [86] 90912167 
    ✅ [86] 59577989 ALPHARD 2
    ✅ [86] 92333435 
    ✅ [86] 61123032 VELLFIRE 2
    ✅ [86] 91608108 
    ✅ [86] 92333435 
    ✅ [86] 91608108 
    ✅ [86] 61123032 
    ✅ [86] 91608108 STEPWGN HYBRID RP5
  📄 爬取第 446 頁...
    ✅ [86] 15012000 
    ✅ [86] 20012500 
    ✅ [86] 25013500 
    ✅ [86] 35014500 
    ✅ [86] 96111160 
    ✅ [86] 98818423 
    ✅ [86] 93808216 
    ✅ [86] 60774534 
    ✅ [86] 53983145 
    ✅ [86] 95311937 MODEL X 75
    ✅ [86] 93808216 
    ✅ [86] 93808216 
    ✅ [86] 56047643 VELLFIRE 2
    ✅ [86] 92333435 K2500
    ✅ [86] 90912167 
    ✅ [86] 59577989 ALPHARD 2
    ✅ [86] 92333435 
    ✅ [86] 61123032 VELLFIRE 2
    ✅ [86] 91608108 
    ✅ [86] 92333435 
    ✅ [86] 91608108 
    ✅ [86] 61123032 
    ✅ [86] 91608108 STEPWGN HYBRID RP5
  📄 爬取第 447 頁...
    ✅ [86] 15012000 
    ✅ [86] 20012500 
    ✅ [86] 25013500 
    ✅ [86] 35014500 
    ✅ [86] 96111160 
    ✅ [86] 98818423 
    ✅ [86] 93808216 
    ✅ [86] 60774534 
    ✅ [86] 53983145 
    ✅ [86] 95311937 MODEL X 75
    ✅ [86] 93808216 
    ✅ [86] 93808216 
    ✅ [86] 56047643 VELLFIRE 2
    ✅ [86] 92333435 K2500
    ✅ [86] 90912167 
    ✅ [86] 59577989 ALPHARD 2
    ✅ [86] 92333435 
    ✅ [86] 61123032 VELLFIRE 2
    ✅ [86] 91608108 
    ✅ [86] 92333435 
    ✅ [86] 91608108 
    ✅ [86] 61123032 
    ✅ [86] 91608108 STEPWGN HYBRID RP5
  📄 爬取第 448 頁...
    ✅ [86] 15012000 
    ✅ [86] 20012500 
    ✅ [86] 25013500 
    ✅ [86] 35014500 
    ✅ [87] 67388031 V40 T4
    ✅ [87] 96111160 
    ✅ [87] 98818423 
    ✅ [87] 93808216 
    ✅ [87] 60774534 
    ✅ [87] 53983145 
    ✅ [87] 95311937 MODEL X 75
    ✅ [87] 93808216 
    ✅ [87] 93808216 
    ✅ [87] 56047643 VELLFIRE 2
    ✅ [87] 92333435 K2500
    ✅ [87] 90912167 
    ✅ [87] 59577989 ALPHARD 2
    ✅ [87] 92333435 
    ✅ [87] 61123032 VELLFIRE 2
    ✅ [87] 91608108 
    ✅ [87] 92333435 
    ✅ [87] 91608108 
    ✅ [87] 61123032 
    ✅ [87] 91608108 STEPWGN HYBRID RP5
  📄 爬取第 449 頁...
    ✅ [87] 15012000 
    ✅ [87] 20012500 
    ✅ [87] 25013500 
    ✅ [87] 35014500 
    ✅ [87] 67388031 V40 T4
    ✅ [87] 96111160 
    ✅ [87] 98818423 
    ✅ [87] 93808216 
    ✅ [87] 60774534 
    ✅ [87] 53983145 
    ✅ [87] 95311937 MODEL X 75
    ✅ [87] 93808216 
    ✅ [87] 93808216 
    ✅ [87] 56047643 VELLFIRE 2
    ✅ [87] 92333435 K2500
    ✅ [87] 90912167 
    ✅ [87] 59577989 ALPHARD 2
    ✅ [87] 92333435 
    ✅ [87] 61123032 VELLFIRE 2
    ✅ [87] 91608108 
    ✅ [87] 92333435 
    ✅ [87] 91608108 
    ✅ [87] 61123032 
    ✅ [87] 91608108 STEPWGN HYBRID RP5
  📄 爬取第 450 頁...
    ✅ [87] 15012000 
    ✅ [87] 20012500 
    ✅ [87] 25013500 
    ✅ [87] 35014500 
    ✅ [87] 67388031 V40 T4
    ✅ [87] 96111160 
    ✅ [87] 98818423 
    ✅ [87] 93808216 
    ✅ [87] 60774534 
    ✅ [87] 53983145 
    ✅ [87] 95311937 MODEL X 75
    ✅ [87] 93808216 
    ✅ [87] 93808216 
    ✅ [87] 56047643 VELLFIRE 2
    ✅ [87] 92333435 K2500
    ✅ [87] 90912167 
    ✅ [87] 59577989 ALPHARD 2
    ✅ [87] 92333435 
    ✅ [87] 61123032 VELLFIRE 2
    ✅ [87] 91608108 
    ✅ [87] 92333435 
    ✅ [87] 91608108 
    ✅ [87] 61123032 
    ✅ [87] 91608108 STEPWGN HYBRID RP5
  📄 爬取第 451 頁...
    ✅ [87] 15012000 
    ✅ [87] 20012500 
    ✅ [87] 25013500 
    ✅ [87] 35014500 
    ✅ [87] 67388031 V40 T4
    ✅ [87] 96111160 
    ✅ [87] 98818423 
    ✅ [87] 93808216 
    ✅ [87] 60774534 
    ✅ [87] 53983145 
    ✅ [87] 95311937 MODEL X 75
    ✅ [87] 93808216 
    ✅ [87] 93808216 
    ✅ [87] 56047643 VELLFIRE 2
    ✅ [87] 92333435 K2500
    ✅ [87] 90912167 
    ✅ [87] 59577989 ALPHARD 2
    ✅ [87] 92333435 
    ✅ [87] 61123032 VELLFIRE 2
    ✅ [87] 91608108 
    ✅ [87] 92333435 
    ✅ [87] 91608108 
    ✅ [87] 61123032 
    ✅ [87] 91608108 STEPWGN HYBRID RP5
  📄 爬取第 452 頁...
    ✅ [87] 15012000 
    ✅ [87] 20012500 
    ✅ [87] 25013500 
    ✅ [87] 35014500 
    ✅ [87] 67388031 V40 T4
    ✅ [87] 96111160 
    ✅ [87] 98818423 
    ✅ [87] 93808216 
    ✅ [87] 60774534 
    ✅ [87] 53983145 
    ✅ [87] 95311937 MODEL X 75
    ✅ [87] 93808216 
    ✅ [87] 93808216 
    ✅ [87] 56047643 VELLFIRE 2
    ✅ [87] 92333435 K2500
    ✅ [87] 90912167 
    ✅ [87] 59577989 ALPHARD 2
    ✅ [87] 92333435 
    ✅ [87] 61123032 VELLFIRE 2
    ✅ [87] 91608108 
    ✅ [87] 92333435 
    ✅ [87] 91608108 
    ✅ [87] 61123032 
    ✅ [87] 91608108 STEPWGN HYBRID RP5
  📄 爬取第 453 頁...
    ✅ [87] 15012000 
    ✅ [87] 20012500 
    ✅ [87] 25013500 
    ✅ [87] 35014500 
    ✅ [87] 67388031 V40 T4
    ✅ [87] 96111160 
    ✅ [87] 98818423 
    ✅ [87] 93808216 
    ✅ [87] 60774534 
    ✅ [87] 53983145 
    ✅ [87] 95311937 MODEL X 75
    ✅ [87] 93808216 
    ✅ [87] 93808216 
    ✅ [87] 56047643 VELLFIRE 2
    ✅ [87] 92333435 K2500
    ✅ [87] 90912167 
    ✅ [87] 59577989 ALPHARD 2
    ✅ [87] 92333435 
    ✅ [87] 61123032 VELLFIRE 2
    ✅ [87] 91608108 
    ✅ [87] 92333435 
    ✅ [87] 91608108 
    ✅ [87] 61123032 
    ✅ [87] 91608108 STEPWGN HYBRID RP5
  📄 爬取第 454 頁...
    ✅ [87] 15012000 
    ✅ [87] 20012500 
    ✅ [87] 25013500 
    ✅ [87] 35014500 
    ✅ [87] 67388031 V40 T4
    ✅ [87] 96111160 
    ✅ [87] 98818423 
    ✅ [87] 93808216 
    ✅ [87] 60774534 
    ✅ [87] 53983145 
    ✅ [87] 95311937 MODEL X 75
    ✅ [87] 93808216 
    ✅ [87] 93808216 
    ✅ [87] 56047643 VELLFIRE 2
    ✅ [87] 92333435 K2500
    ✅ [87] 90912167 
    ✅ [87] 59577989 ALPHARD 2
    ✅ [87] 92333435 
    ✅ [87] 61123032 VELLFIRE 2
    ✅ [87] 91608108 
    ✅ [87] 92333435 
    ✅ [87] 91608108 
    ✅ [87] 61123032 
    ✅ [87] 91608108 STEPWGN HYBRID RP5
  📄 爬取第 455 頁...
    ✅ [87] 15012000 
    ✅ [87] 20012500 
    ✅ [87] 25013500 
    ✅ [87] 35014500 
    ✅ [87] 67388031 V40 T4
    ✅ [87] 96111160 
    ✅ [87] 98818423 
    ✅ [87] 93808216 
    ✅ [87] 60774534 
    ✅ [87] 53983145 
    ✅ [87] 95311937 MODEL X 75
    ✅ [87] 93808216 
    ✅ [87] 93808216 
    ✅ [87] 56047643 VELLFIRE 2
    ✅ [87] 92333435 K2500
    ✅ [87] 90912167 
    ✅ [87] 59577989 ALPHARD 2
    ✅ [87] 92333435 
    ✅ [87] 61123032 VELLFIRE 2
    ✅ [87] 91608108 
    ✅ [87] 92333435 
    ✅ [87] 91608108 
    ✅ [87] 61123032 
    ✅ [87] 91608108 STEPWGN HYBRID RP5
  📄 爬取第 456 頁...
    ✅ [87] 15012000 
    ✅ [87] 20012500 
    ✅ [87] 25013500 
    ✅ [87] 35014500 
    ✅ [87] 67388031 V40 T4
    ✅ [87] 96111160 
    ✅ [87] 98818423 
    ✅ [87] 93808216 
    ✅ [87] 60774534 
    ✅ [87] 53983145 
    ✅ [87] 95311937 MODEL X 75
    ✅ [87] 93808216 
    ✅ [87] 93808216 
    ✅ [87] 56047643 VELLFIRE 2
    ✅ [87] 92333435 K2500
    ✅ [87] 90912167 
    ✅ [87] 59577989 ALPHARD 2
    ✅ [87] 92333435 
    ✅ [87] 61123032 VELLFIRE 2
    ✅ [87] 91608108 
    ✅ [87] 92333435 
    ✅ [87] 91608108 
    ✅ [87] 61123032 
    ✅ [87] 91608108 STEPWGN HYBRID RP5
  📄 爬取第 457 頁...
    ✅ [87] 15012000 
    ✅ [87] 20012500 
    ✅ [87] 25013500 
    ✅ [87] 35014500 
    ✅ [87] 67388031 V40 T4
    ✅ [87] 96111160 
    ✅ [87] 98818423 
    ✅ [87] 93808216 
    ✅ [87] 60774534 
    ✅ [87] 53983145 
    ✅ [87] 95311937 MODEL X 75
    ✅ [87] 93808216 
    ✅ [87] 93808216 
    ✅ [87] 56047643 VELLFIRE 2
    ✅ [87] 92333435 K2500
    ✅ [87] 90912167 
    ✅ [87] 59577989 ALPHARD 2
    ✅ [87] 92333435 
    ✅ [87] 61123032 VELLFIRE 2
    ✅ [87] 91608108 
    ✅ [87] 92333435 
    ✅ [87] 91608108 
    ✅ [87] 61123032 
    ✅ [87] 91608108 STEPWGN HYBRID RP5
  📄 爬取第 458 頁...
    ✅ [87] 15012000 
    ✅ [87] 20012500 
    ✅ [87] 25013500 
    ✅ [87] 35014500 
    ✅ [87] 67388031 V40 T4
    ✅ [87] 96111160 
    ✅ [87] 98818423 
    ✅ [87] 93808216 
    ✅ [87] 60774534 
    ✅ [87] 53983145 
    ✅ [87] 95311937 MODEL X 75
    ✅ [87] 93808216 
    ✅ [87] 93808216 
    ✅ [87] 56047643 VELLFIRE 2
    ✅ [87] 92333435 K2500
    ✅ [87] 90912167 
    ✅ [87] 59577989 ALPHARD 2
    ✅ [87] 92333435 
    ✅ [87] 61123032 VELLFIRE 2
    ✅ [87] 91608108 
    ✅ [87] 92333435 
    ✅ [87] 91608108 
    ✅ [87] 61123032 
    ✅ [87] 91608108 STEPWGN HYBRID RP5
  📄 爬取第 459 頁...
    ✅ [87] 15012000 
    ✅ [87] 20012500 
    ✅ [87] 25013500 
    ✅ [87] 35014500 
    ✅ [87] 67388031 V40 T4
    ✅ [87] 96111160 
    ✅ [87] 98818423 
    ✅ [87] 93808216 
    ✅ [87] 60774534 
    ✅ [87] 53983145 
    ✅ [87] 95311937 MODEL X 75
    ✅ [87] 93808216 
    ✅ [87] 93808216 
    ✅ [87] 56047643 VELLFIRE 2
    ✅ [87] 92333435 K2500
    ✅ [87] 90912167 
    ✅ [87] 59577989 ALPHARD 2
    ✅ [87] 92333435 
    ✅ [87] 61123032 VELLFIRE 2
    ✅ [87] 91608108 
    ✅ [87] 92333435 
    ✅ [87] 91608108 
    ✅ [87] 61123032 
    ✅ [87] 91608108 STEPWGN HYBRID RP5
  📄 爬取第 460 頁...
    ✅ [87] 15012000 
    ✅ [87] 20012500 
    ✅ [87] 25013500 
    ✅ [87] 35014500 
    ✅ [87] 67388031 V40 T4
    ✅ [87] 96111160 
    ✅ [87] 98818423 
    ✅ [87] 93808216 
    ✅ [87] 60774534 
    ✅ [87] 53983145 
    ✅ [87] 95311937 MODEL X 75
    ✅ [87] 93808216 
    ✅ [87] 93808216 
    ✅ [87] 56047643 VELLFIRE 2
    ✅ [87] 92333435 K2500
    ✅ [87] 90912167 
    ✅ [87] 59577989 ALPHARD 2
    ✅ [87] 92333435 
    ✅ [87] 61123032 VELLFIRE 2
    ✅ [87] 91608108 
    ✅ [87] 92333435 
    ✅ [87] 91608108 
    ✅ [87] 61123032 
    ✅ [87] 91608108 STEPWGN HYBRID RP5
  📄 爬取第 461 頁...
    ✅ [87] 15012000 
    ✅ [87] 20012500 
    ✅ [87] 25013500 
    ✅ [87] 35014500 
    ✅ [87] 67388031 V40 T4
    ✅ [87] 96111160 
    ✅ [87] 98818423 
    ✅ [87] 93808216 
    ✅ [87] 60774534 
    ✅ [87] 53983145 
    ✅ [87] 95311937 MODEL X 75
    ✅ [87] 93808216 
    ✅ [87] 93808216 
    ✅ [87] 56047643 VELLFIRE 2
    ✅ [87] 92333435 K2500
    ✅ [87] 90912167 
    ✅ [87] 59577989 ALPHARD 2
    ✅ [87] 92333435 
    ✅ [87] 61123032 VELLFIRE 2
    ✅ [87] 91608108 
    ✅ [87] 92333435 
    ✅ [87] 91608108 
    ✅ [87] 61123032 
    ✅ [87] 91608108 STEPWGN HYBRID RP5
  📄 爬取第 462 頁...
    ✅ [87] 15012000 
    ✅ [87] 20012500 
    ✅ [87] 25013500 
    ✅ [87] 35014500 
    ✅ [87] 67388031 V40 T4
    ✅ [87] 96111160 
    ✅ [87] 98818423 
    ✅ [87] 93808216 
    ✅ [87] 60774534 
    ✅ [87] 53983145 
    ✅ [87] 95311937 MODEL X 75
    ✅ [87] 93808216 
    ✅ [87] 93808216 
    ✅ [87] 56047643 VELLFIRE 2
    ✅ [87] 92333435 K2500
    ✅ [87] 90912167 
    ✅ [87] 59577989 ALPHARD 2
    ✅ [87] 92333435 
    ✅ [87] 61123032 VELLFIRE 2
    ✅ [87] 91608108 
    ✅ [87] 92333435 
    ✅ [87] 91608108 
    ✅ [87] 61123032 
    ✅ [87] 91608108 STEPWGN HYBRID RP5
  📄 爬取第 463 頁...
    ✅ [87] 15012000 
    ✅ [87] 20012500 
    ✅ [87] 25013500 
    ✅ [87] 35014500 
    ✅ [87] 67388031 V40 T4
    ✅ [87] 96111160 
    ✅ [87] 98818423 
    ✅ [87] 93808216 
    ✅ [87] 60774534 
    ✅ [87] 53983145 
    ✅ [87] 95311937 MODEL X 75
    ✅ [87] 93808216 
    ✅ [87] 93808216 
    ✅ [87] 56047643 VELLFIRE 2
    ✅ [87] 92333435 K2500
    ✅ [87] 90912167 
    ✅ [87] 59577989 ALPHARD 2
    ✅ [87] 92333435 
    ✅ [87] 61123032 VELLFIRE 2
    ✅ [87] 91608108 
    ✅ [87] 92333435 
    ✅ [87] 91608108 
    ✅ [87] 61123032 
    ✅ [87] 91608108 STEPWGN HYBRID RP5
  📄 爬取第 464 頁...
    ✅ [87] 15012000 
    ✅ [87] 20012500 
    ✅ [87] 25013500 
    ✅ [87] 35014500 
    ✅ [87] 67388031 V40 T4
    ✅ [87] 96111160 
    ✅ [87] 98818423 
    ✅ [87] 93808216 
    ✅ [87] 60774534 
    ✅ [87] 53983145 
    ✅ [87] 95311937 MODEL X 75
    ✅ [87] 93808216 
    ✅ [87] 93808216 
    ✅ [87] 56047643 VELLFIRE 2
    ✅ [87] 92333435 K2500
    ✅ [87] 90912167 
    ✅ [87] 59577989 ALPHARD 2
    ✅ [87] 92333435 
    ✅ [87] 61123032 VELLFIRE 2
    ✅ [87] 91608108 
    ✅ [87] 92333435 
    ✅ [87] 91608108 
    ✅ [87] 61123032 
    ✅ [87] 91608108 STEPWGN HYBRID RP5
  📄 爬取第 465 頁...
    ✅ [87] 15012000 
    ✅ [87] 20012500 
    ✅ [87] 25013500 
    ✅ [87] 35014500 
    ✅ [87] 67388031 V40 T4
    ✅ [87] 96111160 
    ✅ [87] 98818423 
    ✅ [87] 93808216 
    ✅ [87] 60774534 
    ✅ [87] 53983145 
    ✅ [87] 95311937 MODEL X 75
    ✅ [87] 93808216 
    ✅ [87] 93808216 
    ✅ [87] 56047643 VELLFIRE 2
    ✅ [87] 92333435 K2500
    ✅ [87] 90912167 
    ✅ [87] 59577989 ALPHARD 2
    ✅ [87] 92333435 
    ✅ [87] 61123032 VELLFIRE 2
    ✅ [87] 91608108 
    ✅ [87] 92333435 
    ✅ [87] 91608108 
    ✅ [87] 61123032 
    ✅ [87] 91608108 STEPWGN HYBRID RP5
  📄 爬取第 466 頁...
    ✅ [87] 15012000 
    ✅ [87] 20012500 
    ✅ [87] 25013500 
    ✅ [87] 35014500 
    ✅ [87] 67388031 V40 T4
    ✅ [87] 96111160 
    ✅ [87] 98818423 
    ✅ [87] 93808216 
    ✅ [87] 60774534 
    ✅ [87] 53983145 
    ✅ [87] 95311937 MODEL X 75
    ✅ [87] 93808216 
    ✅ [87] 93808216 
    ✅ [87] 56047643 VELLFIRE 2
    ✅ [87] 92333435 K2500
    ✅ [87] 90912167 
    ✅ [87] 59577989 ALPHARD 2
    ✅ [87] 92333435 
    ✅ [87] 61123032 VELLFIRE 2
    ✅ [87] 91608108 
    ✅ [87] 92333435 
    ✅ [87] 91608108 
    ✅ [87] 61123032 
    ✅ [87] 91608108 STEPWGN HYBRID RP5
  📄 爬取第 467 頁...
    ✅ [87] 15012000 
    ✅ [87] 20012500 
    ✅ [87] 25013500 
    ✅ [87] 35014500 
    ✅ [87] 67388031 V40 T4
    ✅ [87] 96111160 
    ✅ [87] 98818423 
    ✅ [87] 93808216 
    ✅ [87] 60774534 
    ✅ [87] 53983145 
    ✅ [87] 95311937 MODEL X 75
    ✅ [87] 93808216 
    ✅ [87] 93808216 
    ✅ [87] 56047643 VELLFIRE 2
    ✅ [87] 92333435 K2500
    ✅ [87] 90912167 
    ✅ [87] 59577989 ALPHARD 2
    ✅ [87] 92333435 
    ✅ [87] 61123032 VELLFIRE 2
    ✅ [87] 91608108 
    ✅ [87] 92333435 
    ✅ [87] 91608108 
    ✅ [87] 61123032 
    ✅ [87] 91608108 STEPWGN HYBRID RP5
  📄 爬取第 468 頁...
    ✅ [87] 15012000 
    ✅ [87] 20012500 
    ✅ [87] 25013500 
    ✅ [87] 35014500 
    ✅ [87] 67388031 V40 T4
    ✅ [87] 96111160 
    ✅ [87] 98818423 
    ✅ [87] 93808216 
    ✅ [87] 60774534 
    ✅ [87] 53983145 
    ✅ [87] 95311937 MODEL X 75
    ✅ [87] 93808216 
    ✅ [87] 93808216 
    ✅ [87] 56047643 VELLFIRE 2
    ✅ [87] 92333435 K2500
    ✅ [87] 90912167 
    ✅ [87] 59577989 ALPHARD 2
    ✅ [87] 92333435 
    ✅ [87] 61123032 VELLFIRE 2
    ✅ [87] 91608108 
    ✅ [87] 92333435 
    ✅ [87] 91608108 
    ✅ [87] 61123032 
    ✅ [87] 91608108 STEPWGN HYBRID RP5
  📄 爬取第 469 頁...
    ✅ [87] 15012000 
    ✅ [87] 20012500 
    ✅ [87] 25013500 
    ✅ [87] 35014500 
    ✅ [87] 67388031 V40 T4
    ✅ [87] 96111160 
    ✅ [87] 98818423 
    ✅ [87] 93808216 
    ✅ [87] 60774534 
    ✅ [87] 53983145 
    ✅ [87] 95311937 MODEL X 75
    ✅ [87] 93808216 
    ✅ [87] 93808216 
    ✅ [87] 56047643 VELLFIRE 2
    ✅ [87] 92333435 K2500
    ✅ [87] 90912167 
    ✅ [87] 59577989 ALPHARD 2
    ✅ [87] 92333435 
    ✅ [87] 61123032 VELLFIRE 2
    ✅ [87] 91608108 
    ✅ [87] 92333435 
    ✅ [87] 91608108 
    ✅ [87] 61123032 
    ✅ [87] 91608108 STEPWGN HYBRID RP5
  📄 爬取第 470 頁...
    ✅ [87] 15012000 
    ✅ [87] 20012500 
    ✅ [87] 25013500 
    ✅ [87] 35014500 
    ✅ [87] 67388031 V40 T4
    ✅ [87] 96111160 
    ✅ [87] 98818423 
    ✅ [87] 93808216 
    ✅ [87] 60774534 
    ✅ [87] 53983145 
    ✅ [87] 95311937 MODEL X 75
    ✅ [87] 93808216 
    ✅ [87] 93808216 
    ✅ [87] 56047643 VELLFIRE 2
    ✅ [87] 92333435 K2500
    ✅ [87] 90912167 
    ✅ [87] 59577989 ALPHARD 2
    ✅ [87] 92333435 
    ✅ [87] 61123032 VELLFIRE 2
    ✅ [87] 91608108 
    ✅ [87] 92333435 
    ✅ [87] 91608108 
    ✅ [87] 61123032 
    ✅ [87] 91608108 STEPWGN HYBRID RP5
  📄 爬取第 471 頁...
    ✅ [87] 15012000 
    ✅ [87] 20012500 
    ✅ [87] 25013500 
    ✅ [87] 35014500 
    ✅ [87] 67388031 V40 T4
    ✅ [87] 96111160 
    ✅ [87] 98818423 
    ✅ [87] 93808216 
    ✅ [87] 60774534 
    ✅ [87] 53983145 
    ✅ [87] 95311937 MODEL X 75
    ✅ [87] 93808216 
    ✅ [87] 93808216 
    ✅ [87] 56047643 VELLFIRE 2
    ✅ [87] 92333435 K2500
    ✅ [87] 90912167 
    ✅ [87] 59577989 ALPHARD 2
    ✅ [87] 92333435 
    ✅ [87] 61123032 VELLFIRE 2
    ✅ [87] 91608108 
    ✅ [87] 92333435 
    ✅ [87] 91608108 
    ✅ [87] 61123032 
    ✅ [87] 91608108 STEPWGN HYBRID RP5
  📄 爬取第 472 頁...
    ✅ [87] 15012000 
    ✅ [87] 20012500 
    ✅ [87] 25013500 
    ✅ [87] 35014500 
    ✅ [87] 67388031 V40 T4
    ✅ [87] 96111160 
    ✅ [87] 98818423 
    ✅ [87] 93808216 
    ✅ [87] 60774534 
    ✅ [87] 53983145 
    ✅ [87] 95311937 MODEL X 75
    ✅ [87] 93808216 
    ✅ [87] 93808216 
    ✅ [87] 56047643 VELLFIRE 2
    ✅ [87] 92333435 K2500
    ✅ [87] 90912167 
    ✅ [87] 59577989 ALPHARD 2
    ✅ [87] 92333435 
    ✅ [87] 61123032 VELLFIRE 2
    ✅ [87] 91608108 
    ✅ [87] 92333435 
    ✅ [87] 91608108 
    ✅ [87] 61123032 
    ✅ [87] 91608108 STEPWGN HYBRID RP5
  📄 爬取第 473 頁...
    ✅ [87] 15012000 
    ✅ [87] 20012500 
    ✅ [87] 25013500 
    ✅ [87] 35014500 
    ✅ [88] 53666822 ALPHARD 2
    ✅ [89] 67900956 CLA35
    ✅ [90] 30016749 Q5 SPORTBACK 45
    ✅ [90] 53666822 
    ✅ [90] 67388031 
    ✅ [90] 53666822 GLE43
    ✅ [90] 53666822 ALPHARD 250
    ✅ [91] 98707821 MAZDA 2 1
    ✅ [92] 62283490 
    ✅ [93] 24832626 PKC8
    ✅ [93] 67388031 V40 T4
    ✅ [93] 96111160 
    ✅ [93] 98818423 
    ✅ [93] 93808216 
    ✅ [93] 60774534 
    ✅ [93] 53983145 
    ✅ [93] 95311937 MODEL X 75
    ✅ [93] 93808216 
    ✅ [93] 93808216 
    ✅ [93] 56047643 VELLFIRE 2
  📄 爬取第 474 頁...
    ✅ [93] 15012000 
    ✅ [93] 20012500 
    ✅ [93] 25013500 
    ✅ [93] 35014500 
    ✅ [93] 53666822 ALPHARD 2
    ✅ [93] 67900956 CLA35
    ✅ [93] 30016749 Q5 SPORTBACK 45
    ✅ [93] 53666822 
    ✅ [93] 67388031 
    ✅ [93] 53666822 GLE43
    ✅ [93] 53666822 ALPHARD 250
    ✅ [93] 98707821 MAZDA 2 1
    ✅ [93] 62283490 
    ✅ [93] 24832626 PKC8
    ✅ [93] 67388031 V40 T4
    ✅ [93] 96111160 
    ✅ [93] 98818423 
    ✅ [93] 93808216 
    ✅ [93] 60774534 
    ✅ [93] 53983145 
    ✅ [93] 95311937 MODEL X 75
    ✅ [93] 93808216 
    ✅ [93] 93808216 
    ✅ [93] 56047643 VELLFIRE 2
  📄 爬取第 475 頁...
    ✅ [93] 15012000 
    ✅ [93] 20012500 
    ✅ [93] 25013500 
    ✅ [93] 35014500 
    ✅ [93] 53666822 ALPHARD 2
    ✅ [93] 67900956 CLA35
    ✅ [93] 30016749 Q5 SPORTBACK 45
    ✅ [93] 53666822 
    ✅ [93] 67388031 
    ✅ [93] 53666822 GLE43
    ✅ [93] 53666822 ALPHARD 250
    ✅ [93] 98707821 MAZDA 2 1
    ✅ [93] 62283490 
    ✅ [93] 24832626 PKC8
    ✅ [93] 67388031 V40 T4
    ✅ [93] 96111160 
    ✅ [93] 98818423 
    ✅ [93] 93808216 
    ✅ [93] 60774534 
    ✅ [93] 53983145 
    ✅ [93] 95311937 MODEL X 75
    ✅ [93] 93808216 
    ✅ [93] 93808216 
    ✅ [93] 56047643 VELLFIRE 2
  📄 爬取第 476 頁...
    ✅ [93] 15012000 
    ✅ [93] 20012500 
    ✅ [93] 25013500 
    ✅ [93] 35014500 
    ✅ [93] 53666822 ALPHARD 2
    ✅ [93] 67900956 CLA35
    ✅ [93] 30016749 Q5 SPORTBACK 45
    ✅ [93] 53666822 
    ✅ [93] 67388031 
    ✅ [93] 53666822 GLE43
    ✅ [93] 53666822 ALPHARD 250
    ✅ [93] 98707821 MAZDA 2 1
    ✅ [93] 62283490 
    ✅ [93] 24832626 PKC8
    ✅ [93] 67388031 V40 T4
    ✅ [93] 96111160 
    ✅ [93] 98818423 
    ✅ [93] 93808216 
    ✅ [93] 60774534 
    ✅ [93] 53983145 
    ✅ [93] 95311937 MODEL X 75
    ✅ [93] 93808216 
    ✅ [93] 93808216 
    ✅ [93] 56047643 VELLFIRE 2
  📄 爬取第 477 頁...
    ✅ [93] 15012000 
    ✅ [93] 20012500 
    ✅ [93] 25013500 
    ✅ [93] 35014500 
    ✅ [93] 53666822 ALPHARD 2
    ✅ [93] 67900956 CLA35
    ✅ [93] 30016749 Q5 SPORTBACK 45
    ✅ [93] 53666822 
    ✅ [93] 67388031 
    ✅ [93] 53666822 GLE43
    ✅ [93] 53666822 ALPHARD 250
    ✅ [93] 98707821 MAZDA 2 1
    ✅ [93] 62283490 
    ✅ [93] 24832626 PKC8
    ✅ [93] 67388031 V40 T4
    ✅ [93] 96111160 
    ✅ [93] 98818423 
    ✅ [93] 93808216 
    ✅ [93] 60774534 
    ✅ [93] 53983145 
    ✅ [93] 95311937 MODEL X 75
    ✅ [93] 93808216 
    ✅ [93] 93808216 
    ✅ [93] 56047643 VELLFIRE 2
  📄 爬取第 478 頁...
    ✅ [93] 15012000 
    ✅ [93] 20012500 
    ✅ [93] 25013500 
    ✅ [93] 35014500 
    ✅ [93] 53666822 ALPHARD 2
    ✅ [93] 67900956 CLA35
    ✅ [93] 30016749 Q5 SPORTBACK 45
    ✅ [93] 53666822 
    ✅ [93] 67388031 
    ✅ [93] 53666822 GLE43
    ✅ [93] 53666822 ALPHARD 250
    ✅ [93] 98707821 MAZDA 2 1
    ✅ [93] 62283490 
    ✅ [93] 24832626 PKC8
    ✅ [93] 67388031 V40 T4
    ✅ [93] 96111160 
    ✅ [93] 98818423 
    ✅ [93] 93808216 
    ✅ [93] 60774534 
    ✅ [93] 53983145 
    ✅ [93] 95311937 MODEL X 75
    ✅ [93] 93808216 
    ✅ [93] 93808216 
    ✅ [93] 56047643 VELLFIRE 2
  📄 爬取第 479 頁...
    ✅ [93] 15012000 
    ✅ [93] 20012500 
    ✅ [93] 25013500 
    ✅ [93] 35014500 
    ✅ [93] 53666822 ALPHARD 2
    ✅ [93] 67900956 CLA35
    ✅ [93] 30016749 Q5 SPORTBACK 45
    ✅ [93] 53666822 
    ✅ [93] 67388031 
    ✅ [93] 53666822 GLE43
    ✅ [93] 53666822 ALPHARD 250
    ✅ [93] 98707821 MAZDA 2 1
    ✅ [93] 62283490 
    ✅ [93] 24832626 PKC8
    ✅ [93] 67388031 V40 T4
    ✅ [93] 96111160 
    ✅ [93] 98818423 
    ✅ [93] 93808216 
    ✅ [93] 60774534 
    ✅ [93] 53983145 
    ✅ [93] 95311937 MODEL X 75
    ✅ [93] 93808216 
    ✅ [93] 93808216 
    ✅ [93] 56047643 VELLFIRE 2
  📄 爬取第 480 頁...
    ✅ [93] 15012000 
    ✅ [93] 20012500 
    ✅ [93] 25013500 
    ✅ [93] 35014500 
    ✅ [93] 53666822 ALPHARD 2
    ✅ [93] 67900956 CLA35
    ✅ [93] 30016749 Q5 SPORTBACK 45
    ✅ [93] 53666822 
    ✅ [93] 67388031 
    ✅ [93] 53666822 GLE43
    ✅ [93] 53666822 ALPHARD 250
    ✅ [93] 98707821 MAZDA 2 1
    ✅ [93] 62283490 
    ✅ [93] 24832626 PKC8
    ✅ [93] 67388031 V40 T4
    ✅ [93] 96111160 
    ✅ [93] 98818423 
    ✅ [93] 93808216 
    ✅ [93] 60774534 
    ✅ [93] 53983145 
    ✅ [93] 95311937 MODEL X 75
    ✅ [93] 93808216 
    ✅ [93] 93808216 
    ✅ [93] 56047643 VELLFIRE 2
  📄 爬取第 481 頁...
    ✅ [93] 15012000 
    ✅ [93] 20012500 
    ✅ [93] 25013500 
    ✅ [93] 35014500 
    ✅ [93] 53666822 ALPHARD 2
    ✅ [93] 67900956 CLA35
    ✅ [93] 30016749 Q5 SPORTBACK 45
    ✅ [93] 53666822 
    ✅ [93] 67388031 
    ✅ [93] 53666822 GLE43
    ✅ [93] 53666822 ALPHARD 250
    ✅ [93] 98707821 MAZDA 2 1
    ✅ [93] 62283490 
    ✅ [93] 24832626 PKC8
    ✅ [93] 67388031 V40 T4
    ✅ [93] 96111160 
    ✅ [93] 98818423 
    ✅ [93] 93808216 
    ✅ [93] 60774534 
    ✅ [93] 53983145 
    ✅ [93] 95311937 MODEL X 75
    ✅ [93] 93808216 
    ✅ [93] 93808216 
    ✅ [93] 56047643 VELLFIRE 2
  📄 爬取第 482 頁...
    ✅ [93] 15012000 
    ✅ [93] 20012500 
    ✅ [93] 25013500 
    ✅ [93] 35014500 
    ✅ [93] 53666822 ALPHARD 2
    ✅ [93] 67900956 CLA35
    ✅ [93] 30016749 Q5 SPORTBACK 45
    ✅ [93] 53666822 
    ✅ [93] 67388031 
    ✅ [93] 53666822 GLE43
    ✅ [93] 53666822 ALPHARD 250
    ✅ [93] 98707821 MAZDA 2 1
    ✅ [93] 62283490 
    ✅ [93] 24832626 PKC8
    ✅ [93] 67388031 V40 T4
    ✅ [93] 96111160 
    ✅ [93] 98818423 
    ✅ [93] 93808216 
    ✅ [93] 60774534 
    ✅ [93] 53983145 
    ✅ [93] 95311937 MODEL X 75
    ✅ [93] 93808216 
    ✅ [93] 93808216 
    ✅ [93] 56047643 VELLFIRE 2
  📄 爬取第 483 頁...
    ✅ [93] 15012000 
    ✅ [93] 20012500 
    ✅ [93] 25013500 
    ✅ [93] 35014500 
    ✅ [93] 53666822 ALPHARD 2
    ✅ [93] 67900956 CLA35
    ✅ [93] 30016749 Q5 SPORTBACK 45
    ✅ [93] 53666822 
    ✅ [93] 67388031 
    ✅ [93] 53666822 GLE43
    ✅ [93] 53666822 ALPHARD 250
    ✅ [93] 98707821 MAZDA 2 1
    ✅ [93] 62283490 
    ✅ [93] 24832626 PKC8
    ✅ [93] 67388031 V40 T4
    ✅ [93] 96111160 
    ✅ [93] 98818423 
    ✅ [93] 93808216 
    ✅ [93] 60774534 
    ✅ [93] 53983145 
    ✅ [93] 95311937 MODEL X 75
    ✅ [93] 93808216 
    ✅ [93] 93808216 
    ✅ [93] 56047643 VELLFIRE 2
  📄 爬取第 484 頁...
    ✅ [93] 15012000 
    ✅ [93] 20012500 
    ✅ [93] 25013500 
    ✅ [93] 35014500 
    ✅ [94] 69903248 LX570
    ✅ [94] 69903248 ALPHARD SC 2
    ✅ [94] 69903248 VELLFIRE 350 2
    ✅ [95] 66761789 CLA250
    ✅ [95] 53666822 LX570
    ✅ [95] 53666822 ALPHARD 2
    ✅ [95] 67900956 CLA35
    ✅ [95] 30016749 Q5 SPORTBACK 45
    ✅ [95] 53666822 
    ✅ [95] 67388031 
    ✅ [95] 53666822 GLE43
    ✅ [95] 53666822 ALPHARD 250
    ✅ [95] 98707821 MAZDA 2 1
    ✅ [95] 62283490 
    ✅ [95] 24832626 PKC8
    ✅ [95] 67388031 V40 T4
    ✅ [95] 96111160 
    ✅ [95] 98818423 
    ✅ [95] 93808216 
  📄 爬取第 485 頁...
    ✅ [95] 15012000 
    ✅ [95] 20012500 
    ✅ [95] 25013500 
    ✅ [95] 35014500 
    ✅ [95] 69903248 LX570
    ✅ [95] 69903248 ALPHARD SC 2
    ✅ [95] 69903248 VELLFIRE 350 2
    ✅ [95] 66761789 CLA250
    ✅ [95] 53666822 LX570
    ✅ [95] 53666822 ALPHARD 2
    ✅ [95] 67900956 CLA35
    ✅ [95] 30016749 Q5 SPORTBACK 45
    ✅ [95] 53666822 
    ✅ [95] 67388031 
    ✅ [95] 53666822 GLE43
    ✅ [95] 53666822 ALPHARD 250
    ✅ [95] 98707821 MAZDA 2 1
    ✅ [95] 62283490 
    ✅ [95] 24832626 PKC8
    ✅ [95] 67388031 V40 T4
    ✅ [95] 96111160 
    ✅ [95] 98818423 
    ✅ [95] 93808216 
  📄 爬取第 486 頁...
    ✅ [95] 15012000 
    ✅ [95] 20012500 
    ✅ [95] 25013500 
    ✅ [95] 35014500 
    ✅ [95] 69903248 LX570
    ✅ [95] 69903248 ALPHARD SC 2
    ✅ [95] 69903248 VELLFIRE 350 2
    ✅ [95] 66761789 CLA250
    ✅ [95] 53666822 LX570
    ✅ [95] 53666822 ALPHARD 2
    ✅ [95] 67900956 CLA35
    ✅ [95] 30016749 Q5 SPORTBACK 45
    ✅ [95] 53666822 
    ✅ [95] 67388031 
    ✅ [95] 53666822 GLE43
    ✅ [95] 53666822 ALPHARD 250
    ✅ [95] 98707821 MAZDA 2 1
    ✅ [95] 62283490 
    ✅ [95] 24832626 PKC8
    ✅ [95] 67388031 V40 T4
    ✅ [95] 96111160 
    ✅ [95] 98818423 
    ✅ [95] 93808216 
  📄 爬取第 487 頁...
    ✅ [95] 15012000 
    ✅ [95] 20012500 
    ✅ [95] 25013500 
    ✅ [95] 35014500 
    ✅ [95] 69903248 LX570
    ✅ [95] 69903248 ALPHARD SC 2
    ✅ [95] 69903248 VELLFIRE 350 2
    ✅ [95] 66761789 CLA250
    ✅ [95] 53666822 LX570
    ✅ [95] 53666822 ALPHARD 2
    ✅ [95] 67900956 CLA35
    ✅ [95] 30016749 Q5 SPORTBACK 45
    ✅ [95] 53666822 
    ✅ [95] 67388031 
    ✅ [95] 53666822 GLE43
    ✅ [95] 53666822 ALPHARD 250
    ✅ [95] 98707821 MAZDA 2 1
    ✅ [95] 62283490 
    ✅ [95] 24832626 PKC8
    ✅ [95] 67388031 V40 T4
    ✅ [95] 96111160 
    ✅ [95] 98818423 
    ✅ [95] 93808216 
  📄 爬取第 488 頁...
    ✅ [95] 15012000 
    ✅ [95] 20012500 
    ✅ [95] 25013500 
    ✅ [95] 35014500 
    ✅ [95] 69903248 LX570
    ✅ [95] 69903248 ALPHARD SC 2
    ✅ [95] 69903248 VELLFIRE 350 2
    ✅ [95] 66761789 CLA250
    ✅ [95] 53666822 LX570
    ✅ [95] 53666822 ALPHARD 2
    ✅ [95] 67900956 CLA35
    ✅ [95] 30016749 Q5 SPORTBACK 45
    ✅ [95] 53666822 
    ✅ [95] 67388031 
    ✅ [95] 53666822 GLE43
    ✅ [95] 53666822 ALPHARD 250
    ✅ [95] 98707821 MAZDA 2 1
    ✅ [95] 62283490 
    ✅ [95] 24832626 PKC8
    ✅ [95] 67388031 V40 T4
    ✅ [95] 96111160 
    ✅ [95] 98818423 
    ✅ [95] 93808216 
  📄 爬取第 489 頁...
    ✅ [95] 15012000 
    ✅ [95] 20012500 
    ✅ [95] 25013500 
    ✅ [95] 35014500 
    ✅ [95] 69903248 LX570
    ✅ [95] 69903248 ALPHARD SC 2
    ✅ [95] 69903248 VELLFIRE 350 2
    ✅ [95] 66761789 CLA250
    ✅ [95] 53666822 LX570
    ✅ [95] 53666822 ALPHARD 2
    ✅ [95] 67900956 CLA35
    ✅ [95] 30016749 Q5 SPORTBACK 45
    ✅ [95] 53666822 
    ✅ [95] 67388031 
    ✅ [95] 53666822 GLE43
    ✅ [95] 53666822 ALPHARD 250
    ✅ [95] 98707821 MAZDA 2 1
    ✅ [95] 62283490 
    ✅ [95] 24832626 PKC8
    ✅ [95] 67388031 V40 T4
    ✅ [95] 96111160 
    ✅ [95] 98818423 
    ✅ [95] 93808216 
  📄 爬取第 490 頁...
    ✅ [95] 15012000 
    ✅ [95] 20012500 
    ✅ [95] 25013500 
    ✅ [95] 35014500 
    ✅ [95] 69903248 LX570
    ✅ [95] 69903248 ALPHARD SC 2
    ✅ [95] 69903248 VELLFIRE 350 2
    ✅ [95] 66761789 CLA250
    ✅ [95] 53666822 LX570
    ✅ [95] 53666822 ALPHARD 2
    ✅ [95] 67900956 CLA35
    ✅ [95] 30016749 Q5 SPORTBACK 45
    ✅ [95] 53666822 
    ✅ [95] 67388031 
    ✅ [95] 53666822 GLE43
    ✅ [95] 53666822 ALPHARD 250
    ✅ [95] 98707821 MAZDA 2 1
    ✅ [95] 62283490 
    ✅ [95] 24832626 PKC8
    ✅ [95] 67388031 V40 T4
    ✅ [95] 96111160 
    ✅ [95] 98818423 
    ✅ [95] 93808216 
  📄 爬取第 491 頁...
    ✅ [95] 15012000 
    ✅ [95] 20012500 
    ✅ [95] 25013500 
    ✅ [95] 35014500 
    ✅ [95] 69903248 LX570
    ✅ [95] 69903248 ALPHARD SC 2
    ✅ [95] 69903248 VELLFIRE 350 2
    ✅ [95] 66761789 CLA250
    ✅ [95] 53666822 LX570
    ✅ [95] 53666822 ALPHARD 2
    ✅ [95] 67900956 CLA35
    ✅ [95] 30016749 Q5 SPORTBACK 45
    ✅ [95] 53666822 
    ✅ [95] 67388031 
    ✅ [95] 53666822 GLE43
    ✅ [95] 53666822 ALPHARD 250
    ✅ [95] 98707821 MAZDA 2 1
    ✅ [95] 62283490 
    ✅ [95] 24832626 PKC8
    ✅ [95] 67388031 V40 T4
    ✅ [95] 96111160 
    ✅ [95] 98818423 
    ✅ [95] 93808216 
  📄 爬取第 492 頁...
    ✅ [95] 15012000 
    ✅ [95] 20012500 
    ✅ [95] 25013500 
    ✅ [95] 35014500 
    ✅ [95] 69903248 LX570
    ✅ [95] 69903248 ALPHARD SC 2
    ✅ [95] 69903248 VELLFIRE 350 2
    ✅ [95] 66761789 CLA250
    ✅ [95] 53666822 LX570
    ✅ [95] 53666822 ALPHARD 2
    ✅ [95] 67900956 CLA35
    ✅ [95] 30016749 Q5 SPORTBACK 45
    ✅ [95] 53666822 
    ✅ [95] 67388031 
    ✅ [95] 53666822 GLE43
    ✅ [95] 53666822 ALPHARD 250
    ✅ [95] 98707821 MAZDA 2 1
    ✅ [95] 62283490 
    ✅ [95] 24832626 PKC8
    ✅ [95] 67388031 V40 T4
    ✅ [95] 96111160 
    ✅ [95] 98818423 
    ✅ [95] 93808216 
  📄 爬取第 493 頁...
    ✅ [95] 15012000 
    ✅ [95] 20012500 
    ✅ [95] 25013500 
    ✅ [95] 35014500 
    ✅ [95] 69903248 LX570
    ✅ [95] 69903248 ALPHARD SC 2
    ✅ [95] 69903248 VELLFIRE 350 2
    ✅ [95] 66761789 CLA250
    ✅ [95] 53666822 LX570
    ✅ [95] 53666822 ALPHARD 2
    ✅ [95] 67900956 CLA35
    ✅ [95] 30016749 Q5 SPORTBACK 45
    ✅ [95] 53666822 
    ✅ [95] 67388031 
    ✅ [95] 53666822 GLE43
    ✅ [95] 53666822 ALPHARD 250
    ✅ [95] 98707821 MAZDA 2 1
    ✅ [95] 62283490 
    ✅ [95] 24832626 PKC8
    ✅ [95] 67388031 V40 T4
    ✅ [95] 96111160 
    ✅ [95] 98818423 
    ✅ [95] 93808216 
  📄 爬取第 494 頁...
    ✅ [95] 15012000 
    ✅ [95] 20012500 
    ✅ [95] 25013500 
    ✅ [95] 35014500 
    ✅ [95] 69903248 LX570
    ✅ [95] 69903248 ALPHARD SC 2
    ✅ [95] 69903248 VELLFIRE 350 2
    ✅ [95] 66761789 CLA250
    ✅ [95] 53666822 LX570
    ✅ [95] 53666822 ALPHARD 2
    ✅ [95] 67900956 CLA35
    ✅ [95] 30016749 Q5 SPORTBACK 45
    ✅ [95] 53666822 
    ✅ [95] 67388031 
    ✅ [95] 53666822 GLE43
    ✅ [95] 53666822 ALPHARD 250
    ✅ [95] 98707821 MAZDA 2 1
    ✅ [95] 62283490 
    ✅ [95] 24832626 PKC8
    ✅ [95] 67388031 V40 T4
    ✅ [95] 96111160 
    ✅ [95] 98818423 
    ✅ [95] 93808216 
  📄 爬取第 495 頁...
    ✅ [95] 15012000 
    ✅ [95] 20012500 
    ✅ [95] 25013500 
    ✅ [95] 35014500 
    ✅ [95] 69903248 LX570
    ✅ [95] 69903248 ALPHARD SC 2
    ✅ [95] 69903248 VELLFIRE 350 2
    ✅ [95] 66761789 CLA250
    ✅ [95] 53666822 LX570
    ✅ [95] 53666822 ALPHARD 2
    ✅ [95] 67900956 CLA35
    ✅ [95] 30016749 Q5 SPORTBACK 45
    ✅ [95] 53666822 
    ✅ [95] 67388031 
    ✅ [95] 53666822 GLE43
    ✅ [95] 53666822 ALPHARD 250
    ✅ [95] 98707821 MAZDA 2 1
    ✅ [95] 62283490 
    ✅ [95] 24832626 PKC8
    ✅ [95] 67388031 V40 T4
    ✅ [95] 96111160 
    ✅ [95] 98818423 
    ✅ [95] 93808216 
  📄 爬取第 496 頁...
    ✅ [95] 15012000 
    ✅ [95] 20012500 
    ✅ [95] 25013500 
    ✅ [95] 35014500 
    ✅ [96] 92426408 SPADE 1
    ✅ [97] 93669389 
    ✅ [98] 61886878 STEPWGN HYBRID RP5
    ✅ [98] 92426408 Camry 2
    ✅ [98] 92426408 
    ✅ [98] 61886878 
    ✅ [98] 61886878 FREED HYBRID GB7
    ✅ [98] 67900956 E300
    ✅ [98] 92426408 NOAH 70
    ✅ [98] 69903248 
    ✅ [98] 61886878 E200
    ✅ [99] 94449635 TGX 18
    ✅ [99] 30016749 
    ✅ [99] 69903248 LX570
    ✅ [99] 69903248 ALPHARD SC 2
    ✅ [99] 69903248 VELLFIRE 350 2
    ✅ [99] 66761789 CLA250
    ✅ [99] 53666822 LX570
    ✅ [99] 53666822 ALPHARD 2
  📄 爬取第 497 頁...
    ✅ [99] 15012000 
    ✅ [99] 20012500 
    ✅ [99] 25013500 
    ✅ [99] 35014500 
    ✅ [99] 92426408 SPADE 1
    ✅ [99] 93669389 
    ✅ [99] 61886878 STEPWGN HYBRID RP5
    ✅ [99] 92426408 Camry 2
    ✅ [99] 92426408 
    ✅ [99] 61886878 
    ✅ [99] 61886878 FREED HYBRID GB7
    ✅ [99] 67900956 E300
    ✅ [99] 92426408 NOAH 70
    ✅ [99] 69903248 
    ✅ [99] 61886878 E200
    ✅ [99] 94449635 TGX 18
    ✅ [99] 30016749 
    ✅ [99] 69903248 LX570
    ✅ [99] 69903248 ALPHARD SC 2
    ✅ [99] 69903248 VELLFIRE 350 2
    ✅ [99] 66761789 CLA250
    ✅ [99] 53666822 LX570
    ✅ [99] 53666822 ALPHARD 2
  📄 爬取第 498 頁...
    ✅ [99] 15012000 
    ✅ [99] 20012500 
    ✅ [99] 25013500 
    ✅ [99] 35014500 
    ✅ [99] 92426408 SPADE 1
    ✅ [99] 93669389 
    ✅ [99] 61886878 STEPWGN HYBRID RP5
    ✅ [99] 92426408 Camry 2
    ✅ [99] 92426408 
    ✅ [99] 61886878 
    ✅ [99] 61886878 FREED HYBRID GB7
    ✅ [99] 67900956 E300
    ✅ [99] 92426408 NOAH 70
    ✅ [99] 69903248 
    ✅ [99] 61886878 E200
    ✅ [99] 94449635 TGX 18
    ✅ [99] 30016749 
    ✅ [99] 69903248 LX570
    ✅ [99] 69903248 ALPHARD SC 2
    ✅ [99] 69903248 VELLFIRE 350 2
    ✅ [99] 66761789 CLA250
    ✅ [99] 53666822 LX570
    ✅ [99] 53666822 ALPHARD 2
  📄 爬取第 499 頁...
    ✅ [99] 15012000 
    ✅ [99] 20012500 
    ✅ [99] 25013500 
    ✅ [99] 35014500 
    ✅ [99] 92426408 SPADE 1
    ✅ [99] 93669389 
    ✅ [99] 61886878 STEPWGN HYBRID RP5
    ✅ [99] 92426408 Camry 2
    ✅ [99] 92426408 
    ✅ [99] 61886878 
    ✅ [99] 61886878 FREED HYBRID GB7
    ✅ [99] 67900956 E300
    ✅ [99] 92426408 NOAH 70
    ✅ [99] 69903248 
    ✅ [99] 61886878 E200
    ✅ [99] 94449635 TGX 18
    ✅ [99] 30016749 
    ✅ [99] 69903248 LX570
    ✅ [99] 69903248 ALPHARD SC 2
    ✅ [99] 69903248 VELLFIRE 350 2
    ✅ [99] 66761789 CLA250
    ✅ [99] 53666822 LX570
    ✅ [99] 53666822 ALPHARD 2
  📄 爬取第 500 頁...
    ✅ [99] 15012000 
    ✅ [99] 20012500 
    ✅ [99] 25013500 
    ✅ [99] 35014500 
    ✅ [99] 92426408 SPADE 1
    ✅ [99] 93669389 
    ✅ [99] 61886878 STEPWGN HYBRID RP5
    ✅ [99] 92426408 Camry 2
    ✅ [99] 92426408 
    ✅ [99] 61886878 
    ✅ [99] 61886878 FREED HYBRID GB7
    ✅ [99] 67900956 E300
    ✅ [99] 92426408 NOAH 70
    ✅ [99] 69903248 
    ✅ [99] 61886878 E200
    ✅ [99] 94449635 TGX 18
    ✅ [99] 30016749 
    ✅ [99] 69903248 LX570
    ✅ [99] 69903248 ALPHARD SC 2
    ✅ [99] 69903248 VELLFIRE 350 2
    ✅ [99] 66761789 CLA250
    ✅ [99] 53666822 LX570
    ✅ [99] 53666822 ALPHARD 2
  📄 爬取第 501 頁...
    ✅ [99] 15012000 
    ✅ [99] 20012500 
    ✅ [99] 25013500 
    ✅ [99] 35014500 
    ✅ [99] 92426408 SPADE 1
    ✅ [99] 93669389 
    ✅ [99] 61886878 STEPWGN HYBRID RP5
    ✅ [99] 92426408 Camry 2
    ✅ [99] 92426408 
    ✅ [99] 61886878 
    ✅ [99] 61886878 FREED HYBRID GB7
    ✅ [99] 67900956 E300
    ✅ [99] 92426408 NOAH 70
    ✅ [99] 69903248 
    ✅ [99] 61886878 E200
    ✅ [99] 94449635 TGX 18
    ✅ [99] 30016749 
    ✅ [99] 69903248 LX570
    ✅ [99] 69903248 ALPHARD SC 2
    ✅ [99] 69903248 VELLFIRE 350 2
    ✅ [99] 66761789 CLA250
    ✅ [99] 53666822 LX570
    ✅ [99] 53666822 ALPHARD 2
  📄 爬取第 502 頁...
    ✅ [99] 15012000 
    ✅ [99] 20012500 
    ✅ [99] 25013500 
    ✅ [99] 35014500 
    ✅ [99] 92426408 SPADE 1
    ✅ [99] 93669389 
    ✅ [99] 61886878 STEPWGN HYBRID RP5
    ✅ [99] 92426408 Camry 2
    ✅ [99] 92426408 
    ✅ [99] 61886878 
    ✅ [99] 61886878 FREED HYBRID GB7
    ✅ [99] 67900956 E300
    ✅ [99] 92426408 NOAH 70
    ✅ [99] 69903248 
    ✅ [99] 61886878 E200
    ✅ [99] 94449635 TGX 18
    ✅ [99] 30016749 
    ✅ [99] 69903248 LX570
    ✅ [99] 69903248 ALPHARD SC 2
    ✅ [99] 69903248 VELLFIRE 350 2
    ✅ [99] 66761789 CLA250
    ✅ [99] 53666822 LX570
    ✅ [99] 53666822 ALPHARD 2
  📄 爬取第 503 頁...
    ✅ [99] 15012000 
    ✅ [99] 20012500 
    ✅ [99] 25013500 
    ✅ [99] 35014500 
    ✅ [99] 92426408 SPADE 1
    ✅ [99] 93669389 
    ✅ [99] 61886878 STEPWGN HYBRID RP5
    ✅ [99] 92426408 Camry 2
    ✅ [99] 92426408 
    ✅ [99] 61886878 
    ✅ [99] 61886878 FREED HYBRID GB7
    ✅ [99] 67900956 E300
    ✅ [99] 92426408 NOAH 70
    ✅ [99] 69903248 
    ✅ [99] 61886878 E200
    ✅ [99] 94449635 TGX 18
    ✅ [99] 30016749 
    ✅ [99] 69903248 LX570
    ✅ [99] 69903248 ALPHARD SC 2
    ✅ [99] 69903248 VELLFIRE 350 2
    ✅ [99] 66761789 CLA250
    ✅ [99] 53666822 LX570
    ✅ [99] 53666822 ALPHARD 2
  📄 爬取第 504 頁...
    ✅ [99] 15012000 
    ✅ [99] 20012500 
    ✅ [99] 25013500 
    ✅ [99] 35014500 
    ✅ [99] 92426408 SPADE 1
    ✅ [99] 93669389 
    ✅ [99] 61886878 STEPWGN HYBRID RP5
    ✅ [99] 92426408 Camry 2
    ✅ [99] 92426408 
    ✅ [99] 61886878 
    ✅ [99] 61886878 FREED HYBRID GB7
    ✅ [99] 67900956 E300
    ✅ [99] 92426408 NOAH 70
    ✅ [99] 69903248 
    ✅ [99] 61886878 E200
    ✅ [99] 94449635 TGX 18
    ✅ [99] 30016749 
    ✅ [99] 69903248 LX570
    ✅ [99] 69903248 ALPHARD SC 2
    ✅ [99] 69903248 VELLFIRE 350 2
    ✅ [99] 66761789 CLA250
    ✅ [99] 53666822 LX570
    ✅ [99] 53666822 ALPHARD 2
  📄 爬取第 505 頁...
    ✅ [99] 15012000 
    ✅ [99] 20012500 
    ✅ [99] 25013500 
    ✅ [99] 35014500 
    ✅ [99] 92426408 SPADE 1
    ✅ [99] 93669389 
    ✅ [99] 61886878 STEPWGN HYBRID RP5
    ✅ [99] 92426408 Camry 2
    ✅ [99] 92426408 
    ✅ [99] 61886878 
    ✅ [99] 61886878 FREED HYBRID GB7
    ✅ [99] 67900956 E300
    ✅ [99] 92426408 NOAH 70
    ✅ [99] 69903248 
    ✅ [99] 61886878 E200
    ✅ [99] 94449635 TGX 18
    ✅ [99] 30016749 
    ✅ [99] 69903248 LX570
    ✅ [99] 69903248 ALPHARD SC 2
    ✅ [99] 69903248 VELLFIRE 350 2
    ✅ [99] 66761789 CLA250
    ✅ [99] 53666822 LX570
    ✅ [99] 53666822 ALPHARD 2
  📄 爬取第 506 頁...
    ✅ [99] 15012000 
    ✅ [99] 20012500 
    ✅ [99] 25013500 
    ✅ [99] 35014500 
    ✅ [99] 92426408 SPADE 1
    ✅ [99] 93669389 
    ✅ [99] 61886878 STEPWGN HYBRID RP5
    ✅ [99] 92426408 Camry 2
    ✅ [99] 92426408 
    ✅ [99] 61886878 
    ✅ [99] 61886878 FREED HYBRID GB7
    ✅ [99] 67900956 E300
    ✅ [99] 92426408 NOAH 70
    ✅ [99] 69903248 
    ✅ [99] 61886878 E200
    ✅ [99] 94449635 TGX 18
    ✅ [99] 30016749 
    ✅ [99] 69903248 LX570
    ✅ [99] 69903248 ALPHARD SC 2
    ✅ [99] 69903248 VELLFIRE 350 2
    ✅ [99] 66761789 CLA250
    ✅ [99] 53666822 LX570
    ✅ [99] 53666822 ALPHARD 2
  📄 爬取第 507 頁...
    ✅ [99] 15012000 
    ✅ [99] 20012500 
    ✅ [99] 25013500 
    ✅ [99] 35014500 
    ✅ [99] 92426408 SPADE 1
    ✅ [99] 93669389 
    ✅ [99] 61886878 STEPWGN HYBRID RP5
    ✅ [99] 92426408 Camry 2
    ✅ [99] 92426408 
    ✅ [99] 61886878 
    ✅ [99] 61886878 FREED HYBRID GB7
    ✅ [99] 67900956 E300
    ✅ [99] 92426408 NOAH 70
    ✅ [99] 69903248 
    ✅ [99] 61886878 E200
    ✅ [99] 94449635 TGX 18
    ✅ [99] 30016749 
    ✅ [99] 69903248 LX570
    ✅ [99] 69903248 ALPHARD SC 2
    ✅ [99] 69903248 VELLFIRE 350 2
    ✅ [99] 66761789 CLA250
    ✅ [99] 53666822 LX570
    ✅ [99] 53666822 ALPHARD 2
  📄 爬取第 508 頁...
    ✅ [99] 15012000 
    ✅ [99] 20012500 
    ✅ [99] 25013500 
    ✅ [99] 35014500 
    ✅ [100] 94448758 S5 CAB 3

📊 28car 完成: 100 條

📘 啟動 Facebook 爬蟲...
❌ Facebook 瀏覽器啟動失敗: Message: session not created: cannot connect to chrome at 127.0.0.1:53191
from chrome not reachable; For documentation on this error, please visit: https://www.selenium.dev/documentation/webdriver/troubleshooting/errors#sessionnotcreatedexception
Stacktrace:
0   undetected_chromedriver             0x000000010a3dfed8 undetected_chromedriver + 6758104
1   undetected_chromedriver             0x000000010a3d767a undetected_chromedriver + 6723194
2   undetected_chromedriver             0x0000000109ddc770 undetected_chromedriver + 452464
3   undetected_chromedriver             0x0000000109dc7bc2 undetected_chromedriver + 367554
4   undetected_chromedriver             0x0000000109e1ef24 undetected_chromedriver + 724772
5   undetected_chromedriver             0x0000000109e13e09 undetected_chromedriver + 679433
6   undetected_chromedriver             0x0000000109e65667 undetected_chromedriver + 1013351
7   undetected_chromedriver             0x0000000109e64d2c undetected_chromedriver + 1010988
8   undetected_chromedriver             0x0000000109e234e1 undetected_chromedriver + 742625
9   undetected_chromedriver             0x0000000109e242e1 undetected_chromedriver + 746209
10  undetected_chromedriver             0x000000010a3983ec undetected_chromedriver + 6464492
11  undetected_chromedriver             0x000000010a39c7be undetected_chromedriver + 6481854
12  undetected_chromedriver             0x000000010a37846d undetected_chromedriver + 6333549
13  undetected_chromedriver             0x000000010a39d228 undetected_chromedriver + 6484520
14  undetected_chromedriver             0x000000010a3677b0 undetected_chromedriver + 6264752
15  undetected_chromedriver             0x000000010a3c3e78 undetected_chromedriver + 6643320
16  undetected_chromedriver             0x000000010a3c4032 undetected_chromedriver + 6643762
17  undetected_chromedriver             0x000000010a3d7281 undetected_chromedriver + 6722177
18  libsystem_pthread.dylib             0x00007ff81a888e05 _pthread_start + 115
19  libsystem_pthread.dylib             0x00007ff81a884857 thread_start + 15

📊 Facebook 完成: 0 條

======================================================================
📊 總計獲取: 100 條

✅ Excel 導出完成:
   📄 原始數據: /Users/claw/Desktop/汽車保險潛客數據/原始數據_20260320.xlsx
      - 28car電話: 100 條
      - Facebook潛客: 0 條
      - Facebook有電話: 0 條
   📄 清洗後電話: /Users/claw/Desktop/汽車保險潛客數據/清洗後電話_20260320.xlsx (100 條)

📊 來源統計:
   - 28car: 100 條
   - Facebook: 0 條
     ├─ 帖子: 0 條
     ├─ 評論: 0 條
     └─ 含電話: 0 條
   - 合併去重後總計: 100 個電話
======================================================================
======================================================================
🤖 整合爬蟲系統 v2.0
======================================================================
🎯 目標: 100 條有效數據
📁 輸出: /Users/claw/Desktop/汽車保險潛客數據
⏰ 時間: 2026-03-21 09:00:02
======================================================================
======================================================================
🤖 整合爬蟲系統 v2.0
======================================================================
🎯 目標: 100 條有效數據
📁 輸出: /Users/claw/Desktop/汽車保險潛客數據
⏰ 時間: 2026-03-23 10:26:40
======================================================================
